customer_id,customer_city,order_id,order_status,order_delivered_customer_time,how_late_days
3,Ростов-на-Дону,178,Returned,31/03/24 23:59,68.28827846193288
3,Ростов-на-Дону,725,In Transit,31/03/24 23:59,55.187672221250004
3,Ростов-на-Дону,726,Delivered,10/02/24 06:46,0.6180555555555556
3,Ростов-на-Дону,727,Delivered,06/02/24 08:50,-0.008333333333333333
8,Тольятти,1313,In Transit,31/03/24 23:59,40.15542010935185
11,Санкт-Петербург,610,In Transit,31/03/24 23:59,57.4145088471412
11,Санкт-Петербург,613,In Transit,31/03/24 23:59,56.20073995953704
11,Санкт-Петербург,3484,Delivered,18/03/24 21:39,0.8305555555555556
11,Санкт-Петербург,3486,Returned,31/03/24 23:59,10.966023235462963
12,Екатеринбург,4449,Delivered,31/03/24 23:48,1.3180555555555555
13,Самара,2963,Delivered,13/03/24 22:17,0.5291666666666667
15,Краснодар,16,Delivered,13/01/24 04:53,1.8847222222222222
17,Екатеринбург,1209,In Transit,31/03/24 23:59,43.141258931817134
17,Екатеринбург,1210,Delivered,19/02/24 16:08,1.3576388888888888
17,Екатеринбург,1876,Delivered,04/03/24 19:18,3.6729166666666666
24,Ижевск,1314,Delivered,19/02/24 13:37,-0.9881944444444445
25,Волгоград,111,Returned,31/03/24 23:59,74.49158460555554
25,Волгоград,112,In Transit,31/03/24 23:59,74.33652160789352
26,Казань,1,Delivered,04/01/24 05:04,-0.8333333333333334
30,Омск,67,Delivered,15/01/24 11:00,-0.42291666666666666
30,Омск,68,In Transit,31/03/24 23:59,75.68574333013889
31,Саратов,61,Delivered,17/01/24 08:56,2.8305555555555557
31,Саратов,117,In Transit,31/03/24 23:59,74.60291667928242
31,Саратов,118,Returned,31/03/24 23:59,70.3437337803588
34,Нижний Новгород,3202,Delivered,19/03/24 06:50,3.126388888888889
37,Пермь,277,Delivered,26/01/24 11:41,0.71875
38,Челябинск,2130,Delivered,03/03/24 22:24,-0.8944444444444445
44,Пермь,3815,In Transit,31/03/24 23:59,6.820024100474537
44,Пермь,4739,In Transit,31/03/24 23:59,-0.4265864456944445
46,Пермь,387,In Transit,31/03/24 23:59,62.46450903271991
46,Пермь,2830,Returned,31/03/24 23:59,18.39825276804398
47,Санкт-Петербург,62,Delivered,13/01/24 00:03,-0.33958333333333335
51,Санкт-Петербург,1798,In Transit,31/03/24 23:59,35.09665572657407
53,Челябинск,3552,Delivered,23/03/24 16:59,1.523611111111111
54,Новосибирск,2372,Returned,31/03/24 23:59,23.308117272905093
55,Пермь,57,Delivered,14/01/24 18:36,2.763888888888889
55,Пермь,58,Delivered,15/01/24 17:46,0.2361111111111111
55,Пермь,59,Delivered,15/01/24 09:37,0.6541666666666667
55,Пермь,60,Delivered,14/01/24 22:47,1.804861111111111
55,Пермь,3151,Delivered,17/03/24 05:19,1.8506944444444444
55,Пермь,3152,In Transit,31/03/24 23:59,14.428700919479166
55,Пермь,3154,In Transit,31/03/24 23:59,14.039210586319445
56,Ижевск,2688,In Transit,31/03/24 23:59,21.35920341175926
58,Омск,484,In Transit,31/03/24 23:59,58.35081620383102
58,Омск,4175,Returned,31/03/24 23:59,3.4071559381481484
58,Омск,4179,In Transit,31/03/24 23:59,3.3198475669444445
59,Воронеж,6,Returned,31/03/24 23:59,84.89281962849537
59,Воронеж,992,Returned,31/03/24 23:59,44.3329651978588
60,Новосибирск,3452,Returned,31/03/24 23:59,12.843033877314816
62,Тюмень,750,Delivered,10/02/24 07:51,1.2326388888888888
63,Пермь,4,Returned,31/03/24 23:59,81.3385649921412
64,,594,Delivered,02/02/24 17:17,0.19444444444444445
64,,595,Delivered,02/02/24 12:43,-0.6555555555555556
64,,2341,Delivered,07/03/24 21:45,0.7722222222222223
65,Казань,3326,Delivered,23/03/24 00:12,2.967361111111111
67,Ижевск,1331,In Transit,31/03/24 23:59,41.574275285520834
68,Челябинск,4778,Returned,31/03/24 23:59,-2.2062926281365742
69,Тюмень,4228,In Transit,31/03/24 23:59,5.697223259097222
71,Самара,1345,Delivered,25/02/24 00:12,-1.0
71,Самара,1533,Returned,31/03/24 23:59,38.46038086729167
72,Уфа,2390,Delivered,07/03/24 17:12,2.9166666666666665
73,Уфа,1315,Delivered,20/02/24 07:50,0.6583333333333333
74,Волгоград,1456,Returned,31/03/24 23:59,38.243108835659726
74,Волгоград,1458,Delivered,23/02/24 07:24,0.18541666666666667
74,Волгоград,1461,In Transit,31/03/24 23:59,38.226588408865744
79,Ижевск,1396,In Transit,31/03/24 23:59,39.685492375578704
79,Ижевск,1399,Delivered,20/02/24 16:40,-0.9451388888888889
80,Саратов,621,In Transit,31/03/24 23:59,55.126332528206014
81,Новосибирск,1642,In Transit,31/03/24 23:59,35.255788557708335
81,Новосибирск,2448,Delivered,06/03/24 16:11,1.6194444444444445
82,Екатеринбург,2816,Delivered,13/03/24 21:04,0.3020833333333333
87,Воронеж,22,Delivered,09/01/24 21:44,0.60625
87,Воронеж,705,Delivered,07/02/24 19:25,3.1166666666666667
90,Ижевск,2904,Delivered,10/03/24 01:36,-0.8527777777777777
90,Ижевск,4300,Delivered,27/03/24 01:54,0.1951388888888889
90,Ижевск,4988,Returned,31/03/24 23:59,-6.781979171296297
91,Ростов-на-Дону,1147,Delivered,15/02/24 22:43,0.3972222222222222
91,Ростов-на-Дону,1148,In Transit,31/03/24 23:59,42.38249368701389
91,Ростов-на-Дону,1149,In Transit,31/03/24 23:59,42.41896632950231
91,Ростов-на-Дону,1150,Returned,31/03/24 23:59,43.54702866387731
92,Красноярск,90,Delivered,18/01/24 20:48,2.5444444444444443
93,Волгоград,377,Delivered,29/01/24 04:58,1.4340277777777777
96,Москва,10,Delivered,11/01/24 03:42,0.7375
96,Москва,11,Delivered,07/01/24 17:57,1.7472222222222222
100,Уфа,226,Delivered,26/01/24 05:32,1.2020833333333334
100,Уфа,227,Delivered,24/01/24 23:37,1.5375
100,Уфа,3226,Delivered,16/03/24 00:12,-0.10694444444444444
101,Нижний Новгород,3440,Delivered,20/03/24 07:59,-0.29375
102,Ростов-на-Дону,18,Delivered,12/01/24 13:28,3.515277777777778
102,Ростов-на-Дону,19,Delivered,09/01/24 22:20,1.3444444444444446
103,Нижний Новгород,5,In Transit,31/03/24 23:59,86.38753032603009
103,Нижний Новгород,4720,Delivered,04/04/24 09:20,3.623611111111111
104,Нижний Новгород,196,In Transit,31/03/24 23:59,68.11713977356482
105,Ростов-на-Дону,43,Returned,31/03/24 23:59,79.17533793446759
105,Ростов-на-Дону,44,Returned,31/03/24 23:59,79.2299600046875
107,Тольятти,1158,Returned,31/03/24 23:59,39.67635238326389
107,Тольятти,1160,In Transit,31/03/24 23:59,45.18823961678241
107,Тольятти,1161,Delivered,18/02/24 03:55,-1.0
107,Тольятти,1164,In Transit,31/03/24 23:59,43.962263316759255
107,Тольятти,1338,Delivered,19/02/24 17:19,1.0159722222222223
108,Ростов-на-Дону,4232,Returned,31/03/24 23:59,4.925902208368056
108,Ростов-на-Дону,4682,In Transit,31/03/24 23:59,-0.9345510436689815
111,Воронеж,4888,Returned,31/03/24 23:59,-5.839200757638889
112,Саратов,3131,Returned,31/03/24 23:59,15.501959597233796
114,Екатеринбург,2613,Delivered,06/03/24 23:16,-0.18333333333333332
115,Санкт-Петербург,4635,Delivered,03/04/24 02:05,1.8840277777777779
115,Санкт-Петербург,4639,In Transit,31/03/24 23:59,2.058770439097222
117,Москва,361,Returned,31/03/24 23:59,59.63392622446759
118,Тюмень,1503,Delivered,20/02/24 11:58,-0.06111111111111111
119,Новосибирск,2366,Delivered,08/03/24 21:44,2.8333333333333335
120,Самара,1312,In Transit,31/03/24 23:59,43.39235629961805
123,Нижний Новгород,809,Delivered,11/02/24 00:46,1.7652777777777777
124,Ростов-на-Дону,244,Delivered,25/01/24 13:25,1.136111111111111
125,Челябинск,4468,Delivered,01/04/24 12:06,1.288888888888889
127,Уфа,2204,Returned,31/03/24 23:59,28.099217338796297
129,Пермь,2459,Delivered,09/03/24 05:57,1.5611111111111111
130,Москва,3963,Delivered,25/03/24 18:33,-0.65
130,Москва,3964,Delivered,25/03/24 23:49,1.707638888888889
131,Воронеж,690,In Transit,31/03/24 23:59,55.194793667951394
131,Воронеж,691,Delivered,06/02/24 07:03,1.8979166666666667
132,Казань,97,Returned,31/03/24 23:59,71.3556540680787
133,Тюмень,3941,Delivered,25/03/24 19:37,-0.6916666666666667
134,,3549,Delivered,21/03/24 02:57,1.7055555555555555
134,,3551,Returned,31/03/24 23:59,11.927400665763889
134,,4991,Delivered,07/04/24 23:23,1.8263888888888888
134,,4992,Delivered,07/04/24 22:33,1.86875
135,Волгоград,7,Returned,31/03/24 23:59,82.55701115346065
135,Волгоград,5053,Delivered,07/04/24 13:53,1.2743055555555556
136,Самара,3516,Delivered,23/03/24 23:55,2.6277777777777778
136,Самара,3518,Delivered,23/03/24 08:26,0.8465277777777778
136,Самара,3519,Delivered,23/03/24 01:48,1.2520833333333334
137,Ростов-на-Дону,109,In Transit,31/03/24 23:59,74.27943867446758
137,Ростов-на-Дону,110,Returned,31/03/24 23:59,74.288927176875
138,Нижний Новгород,2443,Returned,31/03/24 23:59,25.030672163796293
139,Красноярск,921,In Transit,31/03/24 23:59,50.30533514368056
142,Саратов,350,Returned,31/03/24 23:59,60.84027669518519
144,Санкт-Петербург,407,Delivered,28/01/24 16:13,0.6631944444444444
144,Санкт-Петербург,408,Delivered,01/02/24 21:09,1.75
145,Воронеж,4093,In Transit,31/03/24 23:59,5.276823189189815
145,Воронеж,4096,Delivered,24/03/24 14:11,-0.5423611111111111
146,Уфа,754,Delivered,07/02/24 11:35,1.6
148,Тольятти,245,In Transit,31/03/24 23:59,66.13745645017362
153,Тюмень,3456,In Transit,31/03/24 23:59,10.374372538993056
155,Челябинск,439,Delivered,03/02/24 13:04,0.9611111111111111
156,Воронеж,48,Returned,31/03/24 23:59,79.26908555847221
157,Тюмень,390,Delivered,29/01/24 06:30,-0.20902777777777778
157,Тюмень,391,Delivered,30/01/24 17:40,1.5368055555555555
159,Тюмень,1559,In Transit,31/03/24 23:59,37.80169332201389
159,Тюмень,2214,In Transit,31/03/24 23:59,26.129075033229164
159,Тюмень,2215,Returned,31/03/24 23:59,28.1061564487037
159,Тюмень,2219,Delivered,02/03/24 18:22,0.11944444444444445
161,Казань,912,Delivered,09/02/24 21:30,-0.9868055555555556
161,Казань,914,Delivered,12/02/24 21:53,1.0930555555555554
164,Челябинск,268,Delivered,22/01/24 02:25,-0.8319444444444445
166,Новосибирск,1865,In Transit,31/03/24 23:59,32.01839308806713
167,Самара,1796,Delivered,29/02/24 01:50,2.44375
167,Самара,3829,Delivered,25/03/24 08:45,0.12291666666666666
169,Ижевск,269,Returned,31/03/24 23:59,64.13808466660879
169,Ижевск,2960,In Transit,31/03/24 23:59,15.734683171284722
170,Нижний Новгород,38,Delivered,12/01/24 13:12,2.4138888888888888
171,Красноярск,2528,Returned,31/03/24 23:59,22.10997262650463
172,Тюмень,2,Delivered,06/01/24 17:28,-0.08541666666666667
172,Тюмень,3,Delivered,05/01/24 19:10,1.3583333333333334
172,Тюмень,1979,Delivered,01/03/24 05:55,0.49722222222222223
173,Москва,106,Delivered,18/01/24 10:50,0.86875
173,Москва,108,In Transit,31/03/24 23:59,75.14479115622684
177,Санкт-Петербург,34,In Transit,31/03/24 23:59,78.80104382274305
177,Санкт-Петербург,35,Returned,31/03/24 23:59,77.22391482707175
177,Санкт-Петербург,2226,In Transit,31/03/24 23:59,29.068065454583337
178,Тюмень,806,Delivered,07/02/24 22:07,1.0215277777777778
179,Пермь,1808,Returned,31/03/24 23:59,32.81621071898148
179,Пермь,1811,Returned,31/03/24 23:59,30.266391130752314
181,Москва,2304,Delivered,06/03/24 04:57,-0.6972222222222222
182,Тольятти,9,Delivered,09/01/24 06:54,-0.8618055555555556
183,Челябинск,1703,Delivered,26/02/24 05:55,2.361111111111111
184,Ростов-на-Дону,1058,Delivered,17/02/24 02:40,1.5444444444444445
184,Ростов-на-Дону,1059,Delivered,15/02/24 02:19,1.4708333333333334
184,Ростов-на-Дону,1060,Delivered,16/02/24 11:08,1.98125
185,Тольятти,3278,Delivered,19/03/24 07:45,0.3298611111111111
185,Тольятти,3279,In Transit,31/03/24 23:59,14.715470045567129
186,Волгоград,8,In Transit,31/03/24 23:59,81.65509604259259
193,Санкт-Петербург,1251,Delivered,18/02/24 11:07,1.3222222222222222
193,Санкт-Петербург,4252,Returned,31/03/24 23:59,1.0146647069212962
193,Санкт-Петербург,4253,Returned,31/03/24 23:59,2.7761584658333334
196,Челябинск,2205,Delivered,01/03/24 20:39,-0.46041666666666664
198,Уфа,293,Delivered,28/01/24 06:48,0.6763888888888889
198,Уфа,294,Returned,31/03/24 23:59,64.23114607770833
198,Уфа,2064,Returned,31/03/24 23:59,26.927143045775463
198,Уфа,2435,In Transit,31/03/24 23:59,25.56299109502315
198,Уфа,2438,In Transit,31/03/24 23:59,24.98387789616898
198,Уфа,2439,Delivered,08/03/24 10:35,1.882638888888889
198,Уфа,2440,Returned,31/03/24 23:59,21.27007016
199,Санкт-Петербург,2182,Delivered,04/03/24 09:00,-0.16944444444444445
199,Санкт-Петербург,2186,Delivered,07/03/24 02:43,3.948611111111111
200,Казань,4508,Delivered,31/03/24 00:38,0.95
201,Тюмень,1429,Delivered,23/02/24 00:05,1.6465277777777778
201,Тюмень,1433,Delivered,22/02/24 05:49,1.9583333333333333
201,Тюмень,3573,In Transit,31/03/24 23:59,11.665729449166667
203,Воронеж,335,In Transit,31/03/24 23:59,66.32533252064815
205,Санкт-Петербург,17,In Transit,31/03/24 23:59,83.1772220227199
206,Челябинск,159,Delivered,20/01/24 09:35,0.75625
206,Челябинск,160,Returned,31/03/24 23:59,71.9499571854051
206,Челябинск,2764,In Transit,31/03/24 23:59,20.73469192298611
210,Пермь,1839,Returned,31/03/24 23:59,31.814706626550926
211,Москва,2037,Delivered,01/03/24 02:45,0.5263888888888889
212,Волгоград,230,In Transit,31/03/24 23:59,69.65569357756945
215,Москва,3283,In Transit,31/03/24 23:59,15.356591251446758
216,Нижний Новгород,3555,Delivered,19/03/24 01:12,-0.90625
219,Екатеринбург,3930,Delivered,27/03/24 19:09,1.4770833333333333
220,Челябинск,2987,Returned,31/03/24 23:59,13.997446040891203
224,Уфа,2350,Delivered,05/03/24 18:27,1.9340277777777777
225,Уфа,3814,Delivered,26/03/24 19:17,1.2041666666666666
226,Саратов,207,In Transit,31/03/24 23:59,68.29263575746528
226,Саратов,4821,Delivered,01/04/24 18:02,1.1701388888888888
227,Омск,4350,In Transit,31/03/24 23:59,1.863050087488426
228,Новосибирск,1511,Delivered,20/02/24 23:26,-0.9527777777777777
230,Воронеж,1654,Returned,31/03/24 23:59,35.70691219099537
230,Воронеж,5058,In Transit,31/03/24 23:59,-5.296605634421296
231,Ростов-на-Дону,1927,Delivered,28/02/24 23:35,1.5680555555555555
231,Ростов-на-Дону,1928,Delivered,01/03/24 02:08,1.2555555555555555
232,Екатеринбург,91,Returned,31/03/24 23:59,
232,Екатеринбург,2426,Returned,31/03/24 23:59,21.843570046828702
232,Екатеринбург,4302,Returned,31/03/24 23:59,-0.2442588774652778
233,Москва,678,In Transit,31/03/24 23:59,55.099587499155085
235,Красноярск,693,Delivered,09/02/24 04:49,1.2159722222222222
236,Нижний Новгород,1094,Returned,31/03/24 23:59,42.27626439043981
236,Нижний Новгород,2428,Delivered,08/03/24 07:32,2.339583333333333
236,Нижний Новгород,2431,Delivered,10/03/24 00:23,3.640277777777778
237,Омск,1652,In Transit,31/03/24 23:59,34.4978112084375
237,Омск,1912,In Transit,31/03/24 23:59,30.250128987013888
239,Екатеринбург,338,Delivered,29/01/24 15:32,1.3958333333333333
241,Пермь,2444,In Transit,31/03/24 23:59,23.904209379652777
242,Краснодар,3201,Delivered,19/03/24 05:06,1.5034722222222223
242,Краснодар,3205,Delivered,14/03/24 21:49,-0.07152777777777777
244,Тюмень,3046,Delivered,15/03/24 05:24,-0.84375
244,Тюмень,3048,Delivered,17/03/24 10:50,0.5263888888888889
244,Тюмень,3052,In Transit,31/03/24 23:59,17.71714625513889
244,Тюмень,3054,Delivered,15/03/24 01:12,0.7569444444444444
246,Уфа,143,Delivered,21/01/24 01:28,1.1055555555555556
249,Красноярск,2804,Delivered,14/03/24 00:02,0.11666666666666667
250,Ижевск,388,Delivered,26/01/24 19:14,-0.19375
251,Уфа,583,In Transit,31/03/24 23:59,54.568458185231485
252,Новосибирск,1075,Delivered,17/02/24 22:07,1.3569444444444445
256,Москва,1347,In Transit,31/03/24 23:59,39.75198185619213
256,Москва,2656,Delivered,09/03/24 19:52,-0.7465277777777778
256,Москва,2657,Returned,31/03/24 23:59,18.770105254421296
262,Челябинск,3194,Returned,31/03/24 23:59,12.413764535300928
265,Омск,1421,Delivered,22/02/24 23:18,1.242361111111111
266,Челябинск,1481,Delivered,27/02/24 22:26,3.5097222222222224
266,Челябинск,3309,Delivered,21/03/24 07:37,1.0597222222222222
266,Челябинск,4464,Delivered,28/03/24 09:54,0.4888888888888889
268,Ижевск,2404,Returned,31/03/24 23:59,23.89780860434028
269,Тольятти,1015,Delivered,12/02/24 16:58,1.0368055555555555
269,Тольятти,1021,Returned,31/03/24 23:59,44.67191920677084
270,Омск,312,Delivered,24/01/24 07:02,-0.25069444444444444
270,Омск,982,Delivered,16/02/24 12:13,2.1145833333333335
271,Казань,241,In Transit,31/03/24 23:59,68.83855308064815
275,Челябинск,3952,Delivered,24/03/24 08:05,-0.7840277777777778
276,Новосибирск,821,Delivered,13/02/24 10:41,1.604861111111111
276,Новосибирск,824,Delivered,08/02/24 14:19,0.9715277777777778
277,Москва,3907,Delivered,27/03/24 17:47,1.48125
278,Краснодар,41,Returned,31/03/24 23:59,79.9459899084838
278,Краснодар,42,Delivered,11/01/24 10:41,-0.7388888888888889
279,Ростов-на-Дону,2638,Delivered,11/03/24 23:19,1.6409722222222223
279,Ростов-на-Дону,4272,Delivered,30/03/24 08:00,0.5659722222222222
282,Ростов-на-Дону,922,Delivered,14/02/24 19:13,1.8729166666666666
282,Ростов-на-Дону,923,In Transit,31/03/24 23:59,50.40829921109953
282,Ростов-на-Дону,924,In Transit,31/03/24 23:59,49.94826962899306
285,Самара,1520,Delivered,24/02/24 01:43,-0.7034722222222223
285,Самара,1522,Returned,31/03/24 23:59,36.451091298993056
285,Самара,2168,Delivered,03/03/24 17:09,-0.7777777777777778
285,Самара,2169,Delivered,03/03/24 06:11,0.6236111111111111
285,Самара,2170,In Transit,31/03/24 23:59,27.9676004678125
285,Самара,4324,In Transit,31/03/24 23:59,3.057663895185185
287,Пермь,343,In Transit,31/03/24 23:59,64.4427273496875
291,Москва,1284,Delivered,17/02/24 01:12,-0.41041666666666665
291,Москва,1285,Delivered,19/02/24 04:01,-0.3173611111111111
291,Москва,3303,Delivered,15/03/24 11:04,-0.32569444444444445
292,Нижний Новгород,83,Delivered,13/01/24 21:32,-0.24027777777777778
294,Воронеж,857,Delivered,10/02/24 08:24,1.33125
296,Ижевск,242,Delivered,25/01/24 09:20,3.1979166666666665
296,Ижевск,243,In Transit,31/03/24 23:59,66.46254329505787
296,Ижевск,3953,Delivered,25/03/24 10:03,2.520138888888889
297,Ростов-на-Дону,127,Delivered,20/01/24 06:43,0.19236111111111112
297,Ростов-на-Дону,129,Returned,31/03/24 23:59,72.8458575075926
299,Новосибирск,126,Delivered,18/01/24 16:38,1.8916666666666666
301,Красноярск,301,In Transit,31/03/24 23:59,67.22890094778936
302,Ростов-на-Дону,2195,Returned,31/03/24 23:59,26.502779033738424
302,Ростов-на-Дону,3001,Delivered,16/03/24 06:39,1.88125
302,Ростов-на-Дону,3839,Returned,31/03/24 23:59,4.495723328425926
304,Ижевск,4437,Delivered,31/03/24 03:12,0.09305555555555556
305,Саратов,2067,In Transit,31/03/24 23:59,29.3464300390625
305,Саратов,2069,Delivered,04/03/24 11:21,2.551388888888889
306,Пермь,3010,In Transit,31/03/24 23:59,18.65967254269676
307,Новосибирск,357,Delivered,31/01/24 12:17,1.2319444444444445
307,Новосибирск,2781,In Transit,31/03/24 23:59,18.19240578309028
308,Волгоград,3501,In Transit,31/03/24 23:59,11.825596319247685
309,Пермь,1734,Delivered,26/02/24 17:53,-0.45
311,Нижний Новгород,3431,Returned,31/03/24 23:59,10.521897385729167
311,Нижний Новгород,3432,In Transit,31/03/24 23:59,12.055442049305555
311,Нижний Новгород,3434,In Transit,31/03/24 23:59,10.493593903402777
313,Воронеж,861,In Transit,31/03/24 23:59,49.55573881726852
315,Тюмень,56,Delivered,12/01/24 14:33,0.08611111111111111
315,Тюмень,521,Delivered,04/02/24 18:26,1.0083333333333333
315,Тюмень,523,In Transit,31/03/24 23:59,57.93549582436342
316,Санкт-Петербург,15,Returned,31/03/24 23:59,80.91932051840278
316,Санкт-Петербург,1599,Delivered,26/02/24 01:51,0.3902777777777778
318,Нижний Новгород,889,Delivered,10/02/24 02:49,-0.0625
319,Нижний Новгород,1513,Delivered,21/02/24 12:36,-0.39652777777777776
319,Нижний Новгород,1518,Delivered,24/02/24 10:03,2.876388888888889
320,Уфа,192,Delivered,24/01/24 06:37,3.2708333333333335
320,Уфа,836,Returned,31/03/24 23:59,50.4628092909838
320,Уфа,837,Delivered,11/02/24 15:05,1.7152777777777777
320,Уфа,841,In Transit,31/03/24 23:59,49.88925111245371
320,Уфа,1909,In Transit,31/03/24 23:59,31.381906786793984
320,Уфа,2918,Returned,31/03/24 23:59,16.04354557130787
322,Новосибирск,235,Returned,31/03/24 23:59,67.18156405645833
322,Новосибирск,239,Returned,31/03/24 23:59,68.28256947141203
323,Воронеж,4759,Delivered,31/03/24 20:51,1.45
325,Тюмень,2736,Delivered,12/03/24 18:35,1.988888888888889
328,Челябинск,286,Delivered,28/01/24 10:36,1.2479166666666666
329,Нижний Новгород,558,Delivered,04/02/24 09:05,1.4284722222222221
331,Тюмень,1126,Delivered,18/02/24 07:28,1.9131944444444444
332,Тольятти,84,Delivered,20/01/24 06:37,-1.0
333,Тюмень,2392,In Transit,31/03/24 23:59,24.16114644986111
336,Казань,838,In Transit,31/03/24 23:59,50.268994440914355
336,Казань,839,Returned,31/03/24 23:59,49.30766364061343
339,Казань,12,Returned,31/03/24 23:59,81.3608724219213
339,Казань,3485,Delivered,23/03/24 16:24,1.7569444444444444
340,Санкт-Петербург,375,Returned,31/03/24 23:59,61.96644436671296
340,Санкт-Петербург,1188,Returned,31/03/24 23:59,41.6798290153125
341,Ижевск,1326,Delivered,21/02/24 22:05,1.8652777777777778
343,Красноярск,66,In Transit,31/03/24 23:59,78.38097190439815
345,Екатеринбург,649,Delivered,04/02/24 15:32,-0.46944444444444444
347,Омск,597,Returned,31/03/24 23:59,56.098820196574074
347,Омск,813,Delivered,11/02/24 07:15,2.2006944444444443
347,Омск,815,Returned,31/03/24 23:59,47.20781764452546
348,Тольятти,554,Delivered,01/02/24 17:55,-0.76875
351,Тюмень,260,Returned,31/03/24 23:59,63.80390390657407
352,Екатеринбург,459,Delivered,05/02/24 21:23,3.1666666666666665
352,Екатеринбург,460,Returned,31/03/24 23:59,56.34264257493056
354,Уфа,3798,Returned,31/03/24 23:59,9.478960313460648
356,Уфа,3781,Delivered,23/03/24 11:47,0.8416666666666667
356,Уфа,3783,Returned,31/03/24 23:59,5.108482483287037
356,Уфа,3790,Delivered,23/03/24 22:10,0.8993055555555556
357,Москва,100,Delivered,17/01/24 13:55,-0.5347222222222222
357,Москва,671,In Transit,31/03/24 23:59,54.07819600577546
357,Москва,1958,Delivered,04/03/24 20:56,2.127083333333333
357,Москва,1965,Delivered,28/02/24 11:11,0.9395833333333333
359,Воронеж,424,In Transit,31/03/24 23:59,60.88624966659722
362,Ростов-на-Дону,1286,Delivered,22/02/24 04:28,2.045138888888889
362,Ростов-на-Дону,1287,Delivered,16/02/24 05:32,-0.85625
365,Воронеж,85,Returned,31/03/24 23:59,71.867722109375
365,Воронеж,3895,Delivered,24/03/24 17:51,1.1284722222222223
365,Воронеж,3896,In Transit,31/03/24 23:59,7.249555051875
365,Воронеж,3898,Delivered,23/03/24 06:52,-0.7756944444444445
366,Екатеринбург,852,Returned,31/03/24 23:59,49.96250696541667
369,Челябинск,334,In Transit,31/03/24 23:59,62.556675525972224
369,Челябинск,4766,Returned,31/03/24 23:59,-0.2742002735763889
369,Челябинск,5037,In Transit,31/03/24 23:59,-4.203883845173611
371,Казань,2617,Delivered,15/03/24 12:50,3.240972222222222
373,Уфа,138,Returned,31/03/24 23:59,69.96343129063658
373,Уфа,139,Delivered,19/01/24 17:58,0.6951388888888889
373,Уфа,140,Delivered,21/01/24 05:15,-0.40694444444444444
373,Уфа,646,Returned,31/03/24 23:59,54.35929778881945
374,Омск,458,In Transit,31/03/24 23:59,60.93099201956019
376,Екатеринбург,3420,Returned,31/03/24 23:59,9.820733786481481
378,Красноярск,204,Returned,31/03/24 23:59,67.37357576390046
379,,1467,Delivered,24/02/24 16:31,3.907638888888889
381,Санкт-Петербург,1288,Returned,31/03/24 23:59,37.84152465994213
382,Краснодар,2778,Delivered,12/03/24 22:09,1.9180555555555556
383,Краснодар,1647,In Transit,31/03/24 23:59,35.913302750081016
383,Краснодар,1648,Delivered,26/02/24 23:12,1.0104166666666667
390,Нижний Новгород,1963,Returned,31/03/24 23:59,29.513968125416667
390,Нижний Новгород,4328,Delivered,28/03/24 00:22,1.898611111111111
392,Тюмень,551,Delivered,05/02/24 20:51,0.31666666666666665
392,Тюмень,1989,Delivered,01/03/24 14:27,-0.54375
392,Тюмень,3891,In Transit,31/03/24 23:59,5.817935541238426
392,Тюмень,3893,Returned,31/03/24 23:59,4.64663847287037
393,Санкт-Петербург,890,Delivered,13/02/24 04:30,2.8833333333333333
393,Санкт-Петербург,892,Delivered,15/02/24 03:53,1.7138888888888888
394,Екатеринбург,736,Delivered,04/02/24 22:37,-0.9715277777777778
394,Екатеринбург,737,Returned,31/03/24 23:59,53.87093063606482
396,Краснодар,514,In Transit,31/03/24 23:59,55.9411411121412
398,Омск,1131,In Transit,31/03/24 23:59,44.40596240276621
398,Омск,1769,Delivered,26/02/24 08:27,0.36736111111111114
400,Ижевск,567,Delivered,08/02/24 20:47,3.4368055555555554
402,Санкт-Петербург,261,Returned,31/03/24 23:59,67.76947305462963
402,Санкт-Петербург,435,Returned,31/03/24 23:59,59.28919885943287
403,Санкт-Петербург,20,Returned,31/03/24 23:59,80.38330469724536
405,Пермь,534,In Transit,31/03/24 23:59,56.07400551923611
405,Пермь,535,In Transit,31/03/24 23:59,58.7248183574074
405,Пермь,2731,Returned,31/03/24 23:59,18.399395192824073
405,Пермь,2733,Delivered,09/03/24 17:04,0.5951388888888889
406,Пермь,3213,Delivered,19/03/24 02:39,3.5861111111111112
406,Пермь,3215,In Transit,31/03/24 23:59,13.529515432060187
407,Омск,566,Delivered,07/02/24 01:13,1.2277777777777779
408,Нижний Новгород,251,Delivered,27/01/24 09:55,3.4541666666666666
408,Нижний Новгород,252,Delivered,27/01/24 18:00,1.85
408,Нижний Новгород,253,In Transit,31/03/24 23:59,65.55381692868056
408,Нижний Новгород,2321,Delivered,06/03/24 17:22,0.51875
410,Волгоград,2502,Delivered,08/03/24 18:51,-0.2652777777777778
410,Волгоград,2503,Delivered,10/03/24 09:32,1.0506944444444444
411,Челябинск,102,In Transit,31/03/24 23:59,74.95911749116898
412,Тюмень,2445,In Transit,31/03/24 23:59,22.489506270543984
413,Саратов,2616,Delivered,11/03/24 16:09,1.2819444444444446
413,Саратов,2619,Delivered,11/03/24 17:50,1.3756944444444446
415,Воронеж,753,In Transit,31/03/24 23:59,52.57327442594907
415,Воронеж,1748,In Transit,31/03/24 23:59,
417,Самара,4101,Delivered,23/03/24 13:46,-0.6083333333333333
417,Самара,4102,Delivered,27/03/24 05:05,0.2777777777777778
418,Москва,371,Returned,31/03/24 23:59,62.4033187516088
419,Уфа,1644,Returned,31/03/24 23:59,34.068334783379626
420,Ростов-на-Дону,3355,Returned,31/03/24 23:59,13.88418318747685
422,Воронеж,69,Delivered,17/01/24 19:27,1.9284722222222221
425,Омск,2318,In Transit,31/03/24 23:59,27.42487201003472
425,Омск,2319,Delivered,04/03/24 18:10,-0.5402777777777777
426,Ростов-на-Дону,105,Delivered,15/01/24 09:59,-0.15347222222222223
428,Тольятти,1172,Delivered,18/02/24 07:50,2.540277777777778
429,Новосибирск,39,In Transit,31/03/24 23:59,79.04232968775463
429,Новосибирск,40,Returned,31/03/24 23:59,76.13093522118055
429,Новосибирск,790,Returned,31/03/24 23:59,48.69519309435185
429,Новосибирск,3422,Returned,31/03/24 23:59,12.945033512986111
430,Уфа,4237,Delivered,29/03/24 12:09,1.7041666666666666
431,Нижний Новгород,77,Returned,31/03/24 23:59,72.48848674096065
431,Нижний Новгород,1182,Delivered,20/02/24 11:59,1.445138888888889
433,Нижний Новгород,2048,Returned,31/03/24 23:59,27.588648043425927
434,Тюмень,133,Delivered,20/01/24 08:31,0.46597222222222223
435,Екатеринбург,270,Delivered,26/01/24 19:02,3.5861111111111112
435,Екатеринбург,273,In Transit,31/03/24 23:59,67.16654251464121
435,Екатеринбург,276,In Transit,31/03/24 23:59,67.41059568748842
435,Екатеринбург,991,Delivered,14/02/24 04:17,2.51875
439,Краснодар,2255,Returned,31/03/24 23:59,22.958585378506946
441,Краснодар,13,In Transit,31/03/24 23:59,84.7868609637963
441,Краснодар,14,Returned,31/03/24 23:59,83.80719176166667
441,Краснодар,349,Returned,31/03/24 23:59,60.4523643990625
446,Санкт-Петербург,4891,In Transit,31/03/24 23:59,-2.3452653553587965
449,Самара,1339,Delivered,20/02/24 13:44,1.8388888888888888
449,Самара,1341,Returned,31/03/24 23:59,40.207163643645835
449,Самара,2509,Delivered,09/03/24 19:28,3.745138888888889
449,Самара,2512,Returned,31/03/24 23:59,19.264072520520834
450,Ижевск,206,In Transit,31/03/24 23:59,67.22957324266204
452,Казань,1110,In Transit,31/03/24 23:59,44.92650002918982
452,Казань,1111,Delivered,20/02/24 01:47,2.53125
452,Казань,2609,Delivered,11/03/24 10:30,0.22569444444444445
452,Казань,2611,Delivered,13/03/24 19:38,3.678472222222222
453,Волгоград,943,Returned,31/03/24 23:59,46.59240781527778
454,,3113,In Transit,31/03/24 23:59,15.31516976443287
455,Тольятти,1354,Delivered,23/02/24 05:46,3.55
455,Тольятти,1355,In Transit,31/03/24 23:59,39.23294180311343
459,Омск,346,Delivered,28/01/24 14:41,1.4395833333333334
460,Ижевск,327,Returned,31/03/24 23:59,64.39565453431713
461,Пермь,3222,In Transit,31/03/24 23:59,15.169883981180556
461,Пермь,3223,Delivered,17/03/24 17:38,-0.6173611111111111
463,Санкт-Петербург,639,Delivered,09/02/24 07:11,2.201388888888889
463,Санкт-Петербург,640,Delivered,07/02/24 18:48,2.533333333333333
465,Новосибирск,466,Delivered,03/02/24 15:57,3.3506944444444446
465,Новосибирск,467,Delivered,04/02/24 04:46,1.0305555555555554
468,Омск,1878,In Transit,31/03/24 23:59,32.157486073206016
469,Тольятти,3207,Delivered,16/03/24 05:10,-0.02847222222222222
470,Красноярск,4471,Returned,31/03/24 23:59,-0.8441521528587962
474,Санкт-Петербург,208,Returned,31/03/24 23:59,68.32503368157407
476,Саратов,3647,Returned,31/03/24 23:59,10.593330140162037
476,Саратов,3648,Returned,31/03/24 23:59,9.325731720833334
476,Саратов,3805,Delivered,23/03/24 01:04,-0.24791666666666667
478,Волгоград,205,Delivered,24/01/24 23:53,0.6944444444444444
481,Волгоград,352,Delivered,30/01/24 17:23,0.7131944444444445
481,Волгоград,353,Returned,31/03/24 23:59,63.83036149350694
483,Пермь,36,Delivered,13/01/24 08:05,0.05
486,Волгоград,87,Delivered,19/01/24 13:13,2.8208333333333333
486,Волгоград,88,Returned,31/03/24 23:59,75.18305578784722
492,Уфа,3250,Delivered,20/03/24 15:14,3.4208333333333334
494,Пермь,3853,Returned,31/03/24 23:59,6.98674917806713
494,Пермь,3854,In Transit,31/03/24 23:59,9.526911971365742
495,Воронеж,2243,Delivered,06/03/24 05:06,0.21041666666666667
496,Воронеж,398,Delivered,28/01/24 23:56,-0.36180555555555555
497,Самара,93,In Transit,31/03/24 23:59,76.5019563836574
497,Самара,94,Delivered,14/01/24 04:21,-0.4305555555555556
497,Самара,95,In Transit,31/03/24 23:59,74.65182305922454
497,Самара,642,Returned,31/03/24 23:59,50.77845247085648
498,Уфа,3287,Delivered,19/03/24 02:53,1.3916666666666666
498,Уфа,3290,Delivered,19/03/24 22:32,2.622916666666667
498,Уфа,3292,Delivered,21/03/24 14:32,2.395138888888889
500,Нижний Новгород,2827,Delivered,15/03/24 11:58,3.859722222222222
501,Волгоград,32,Returned,31/03/24 23:59,78.94218526799769
501,Волгоград,65,Returned,31/03/24 23:59,76.2543388349537
501,Волгоград,299,Delivered,26/01/24 09:52,0.9298611111111111
501,Волгоград,300,In Transit,31/03/24 23:59,67.4647182484375
501,Волгоград,302,Returned,31/03/24 23:59,62.48882705152777
502,Ростов-на-Дону,188,Delivered,23/01/24 19:33,-1.0
507,Тюмень,1442,Delivered,26/02/24 02:48,2.4125
507,Тюмень,1443,In Transit,31/03/24 23:59,37.70189843232639
507,Тюмень,3077,Delivered,13/03/24 21:21,0.41597222222222224
509,Ростов-на-Дону,3886,Delivered,23/03/24 11:00,-0.47638888888888886
510,Новосибирск,1758,In Transit,31/03/24 23:59,36.05002158274306
513,Ижевск,2166,Delivered,03/03/24 12:50,1.4465277777777779
514,Омск,1363,Delivered,21/02/24 16:03,1.1020833333333333
514,Омск,2848,Delivered,14/03/24 11:25,-0.49583333333333335
519,Омск,1407,Delivered,18/02/24 13:38,-0.8180555555555555
519,Омск,1408,In Transit,31/03/24 23:59,38.93296892814815
520,Саратов,1112,Returned,31/03/24 23:59,42.01917228412037
521,Саратов,74,Returned,31/03/24 23:59,74.8047984872338
521,Саратов,490,Delivered,02/02/24 23:40,1.7333333333333334
521,Саратов,491,Delivered,04/02/24 09:20,1.2354166666666666
523,Пермь,4443,Delivered,30/03/24 15:12,0.3173611111111111
525,Москва,4216,Delivered,29/03/24 22:54,0.8270833333333333
525,Москва,4217,Returned,31/03/24 23:59,1.0399479432870369
526,Саратов,3482,Delivered,18/03/24 14:37,-1.0
528,Краснодар,3729,Delivered,22/03/24 23:26,1.9791666666666667
528,Краснодар,3778,In Transit,31/03/24 23:59,8.996583753159722
529,Саратов,1130,Delivered,18/02/24 15:34,1.5284722222222222
531,Красноярск,128,In Transit,31/03/24 23:59,72.30905189313657
532,Ижевск,1695,Delivered,27/02/24 02:44,0.28958333333333336
532,Ижевск,1696,Delivered,01/03/24 13:26,3.7041666666666666
533,Уфа,63,Delivered,18/01/24 02:20,2.589583333333333
533,Уфа,427,Returned,31/03/24 23:59,56.722726163171295
533,Уфа,428,In Transit,31/03/24 23:59,58.75245533875
536,Санкт-Петербург,3765,In Transit,31/03/24 23:59,8.171840653391204
536,Санкт-Петербург,3771,Delivered,22/03/24 21:15,1.8819444444444444
536,Санкт-Петербург,3773,Delivered,21/03/24 19:29,0.2513888888888889
537,Нижний Новгород,631,Delivered,08/02/24 23:33,3.9743055555555555
537,Нижний Новгород,634,Delivered,03/02/24 04:16,-0.4951388888888889
538,Краснодар,2513,In Transit,31/03/24 23:59,24.45785093493056
539,Нижний Новгород,4965,Delivered,05/04/24 20:35,1.4951388888888888
540,Саратов,288,Returned,31/03/24 23:59,64.11212566561342
542,Красноярск,692,Delivered,05/02/24 19:01,1.2416666666666667
542,Красноярск,804,Delivered,13/02/24 13:58,2.640972222222222
542,Красноярск,3710,In Transit,31/03/24 23:59,9.85925833332176
543,Пермь,1581,Returned,31/03/24 23:59,33.69982637818287
543,Пермь,2177,In Transit,31/03/24 23:59,30.163974620740742
544,Уфа,410,Delivered,31/01/24 21:52,2.9569444444444444
544,Уфа,2740,In Transit,31/03/24 23:59,20.284965831168982
546,Казань,1165,In Transit,31/03/24 23:59,45.46501939329861
546,Казань,1536,Delivered,20/02/24 22:07,-0.027777777777777776
546,Казань,3241,Returned,31/03/24 23:59,14.039808863287037
547,Самара,2380,Delivered,06/03/24 01:37,1.2395833333333333
547,Самара,2457,Returned,31/03/24 23:59,20.636644243298612
549,Омск,1946,Delivered,01/03/24 06:35,1.1444444444444444
550,Екатеринбург,114,Delivered,17/01/24 03:45,1.488888888888889
551,Саратов,164,Delivered,20/01/24 14:00,0.4847222222222222
551,Саратов,2153,Returned,31/03/24 23:59,
552,Тольятти,316,Returned,31/03/24 23:59,65.09836367357639
552,Тольятти,1342,Delivered,17/02/24 14:35,-0.15833333333333333
554,Нижний Новгород,1348,In Transit,31/03/24 23:59,40.81279547092593
554,Нижний Новгород,1350,In Transit,31/03/24 23:59,39.490868607106485
554,Нижний Новгород,1352,Delivered,21/02/24 12:02,3.1041666666666665
556,Новосибирск,379,Returned,31/03/24 23:59,62.3509251166088
556,Новосибирск,380,Delivered,30/01/24 10:45,3.19375
558,Челябинск,1265,In Transit,31/03/24 23:59,41.95772271826389
558,Челябинск,1266,In Transit,31/03/24 23:59,41.53480655292824
558,Челябинск,1267,Delivered,20/02/24 21:43,2.5770833333333334
561,Екатеринбург,218,Returned,31/03/24 23:59,65.87550860013889
561,Екатеринбург,222,In Transit,31/03/24 23:59,69.44564289715278
562,Санкт-Петербург,279,In Transit,31/03/24 23:59,67.74246501546295
562,Санкт-Петербург,557,In Transit,31/03/24 23:59,56.57043087524306
563,Волгоград,527,In Transit,31/03/24 23:59,56.44508815362268
565,Москва,485,Returned,31/03/24 23:59,55.30523720197916
565,Москва,486,Delivered,30/01/24 21:05,0.25069444444444444
568,Москва,1999,Delivered,29/02/24 15:47,1.1263888888888889
568,Москва,2004,In Transit,31/03/24 23:59,32.01885910292824
569,Пермь,2780,Returned,31/03/24 23:59,18.16506745625
570,Ижевск,2600,Returned,31/03/24 23:59,22.383797118680555
570,Ижевск,2601,Returned,31/03/24 23:59,20.804580395127314
573,Красноярск,3510,In Transit,31/03/24 23:59,9.996884389444444
574,Челябинск,528,In Transit,31/03/24 23:59,56.838462475335646
576,Воронеж,543,Delivered,05/02/24 12:16,2.0458333333333334
576,Воронеж,3925,In Transit,31/03/24 23:59,8.351069858587962
579,Волгоград,2327,Delivered,06/03/24 20:55,-0.9618055555555556
580,Самара,2035,Delivered,06/03/24 04:02,1.804861111111111
581,Нижний Новгород,4004,In Transit,31/03/24 23:59,5.166912028599537
585,Пермь,23,Returned,31/03/24 23:59,82.37104922326388
585,Пермь,25,Delivered,09/01/24 07:42,0.8201388888888889
585,Пермь,26,Delivered,13/01/24 04:52,1.2708333333333333
585,Пермь,27,In Transit,31/03/24 23:59,81.18377752112269
585,Пермь,1919,Delivered,27/02/24 18:26,1.2375
589,Самара,457,Returned,31/03/24 23:59,58.918663426886575
589,Самара,1280,Delivered,18/02/24 09:38,-0.8
589,Самара,1281,Delivered,21/02/24 18:36,2.3243055555555556
589,Самара,1282,Returned,31/03/24 23:59,42.41105528438657
589,Самара,1283,In Transit,31/03/24 23:59,43.33801779927083
590,Казань,827,Returned,31/03/24 23:59,48.87374952546296
590,Казань,830,Delivered,11/02/24 04:51,-0.7972222222222223
590,Казань,832,Returned,31/03/24 23:59,49.83951200821759
591,Казань,385,Delivered,31/01/24 02:41,0.3090277777777778
592,Челябинск,2030,Returned,31/03/24 23:59,28.112563221342594
592,Челябинск,2031,Returned,31/03/24 23:59,28.2867839525
592,Челябинск,2032,Delivered,05/03/24 02:49,3.19375
592,Челябинск,4610,Returned,31/03/24 23:59,-1.2688330963541667
593,Тольятти,833,Returned,31/03/24 23:59,51.23222673798612
593,Тольятти,834,Delivered,11/02/24 14:36,1.6298611111111112
593,Тольятти,3799,Returned,31/03/24 23:59,7.951434899872685
596,Омск,151,In Transit,31/03/24 23:59,69.7637865433912
596,Омск,3577,Delivered,24/03/24 11:59,3.145138888888889
597,Волгоград,75,Delivered,16/01/24 17:31,1.3659722222222221
600,Казань,4358,Returned,31/03/24 23:59,0.27460631547453707
603,Самара,2425,Delivered,08/03/24 11:43,0.9701388888888889
604,Омск,96,Delivered,15/01/24 05:00,0.2263888888888889
607,Тольятти,1052,Delivered,15/02/24 13:15,0.6465277777777778
608,Саратов,146,In Transit,31/03/24 23:59,70.78577404416666
612,Омск,2810,In Transit,31/03/24 23:59,17.73946820364583
614,Красноярск,1398,Delivered,18/02/24 10:02,0.07083333333333333
614,Красноярск,3514,Returned,31/03/24 23:59,8.670361594328703
614,Красноярск,4085,Delivered,27/03/24 16:49,1.2979166666666666
617,Тольятти,24,Returned,31/03/24 23:59,79.53338612364584
618,Казань,399,Delivered,02/02/24 07:03,1.5055555555555555
618,Казань,2355,Returned,31/03/24 23:59,25.12723545521991
619,Ростов-на-Дону,122,Returned,31/03/24 23:59,69.39270079444445
620,Саратов,21,Delivered,09/01/24 13:30,0.5930555555555556
621,Нижний Новгород,867,In Transit,31/03/24 23:59,50.60318215184028
625,Ростов-на-Дону,3824,Delivered,28/03/24 07:37,2.907638888888889
625,Ростов-на-Дону,3826,Delivered,27/03/24 07:34,1.8354166666666667
626,Самара,3993,Returned,31/03/24 23:59,2.4517943169444445
627,Самара,219,Returned,31/03/24 23:59,65.67894722533565
627,Самара,220,In Transit,31/03/24 23:59,69.81012795239583
627,Самара,221,Returned,31/03/24 23:59,64.55730742118055
631,Челябинск,2723,Delivered,15/03/24 04:14,2.561111111111111
631,Челябинск,2724,Delivered,10/03/24 23:10,1.7270833333333333
634,Санкт-Петербург,180,Returned,31/03/24 23:59,69.89726022225695
634,Санкт-Петербург,182,Returned,31/03/24 23:59,67.93869471149306
635,,1231,In Transit,31/03/24 23:59,43.920408301238425
635,,1232,Delivered,18/02/24 00:26,1.53125
635,,1234,Delivered,19/02/24 10:37,0.2986111111111111
636,Екатеринбург,28,In Transit,31/03/24 23:59,81.79144328118055
639,Волгоград,2209,Delivered,05/03/24 22:25,-0.12361111111111112
639,Волгоград,2210,In Transit,31/03/24 23:59,28.272481297719906
640,Москва,1356,Delivered,21/02/24 22:03,1.8138888888888889
642,Казань,401,Delivered,02/02/24 15:51,1.5923611111111111
642,Казань,402,Delivered,01/02/24 03:00,0.7902777777777777
642,Казань,2500,Delivered,11/03/24 09:48,2.901388888888889
642,Казань,4494,Delivered,30/03/24 15:10,0.22777777777777777
643,Саратов,366,Delivered,27/01/24 05:36,0.35625
646,Москва,328,Delivered,30/01/24 23:47,1.5409722222222222
646,Москва,330,Delivered,26/01/24 20:08,1.3069444444444445
646,Москва,585,In Transit,31/03/24 23:59,54.63267555954861
646,Москва,3748,Returned,31/03/24 23:59,7.288080489652778
646,Москва,3751,Returned,31/03/24 23:59,7.315427922210648
650,Тольятти,376,Returned,31/03/24 23:59,59.00398895769676
651,Саратов,1207,Delivered,17/02/24 09:40,-0.10416666666666667
651,Саратов,1208,Delivered,16/02/24 13:21,0.5576388888888889
651,Саратов,3400,Returned,31/03/24 23:59,10.646549610543982
653,Саратов,46,In Transit,31/03/24 23:59,80.61563010841435
656,Ижевск,30,Returned,31/03/24 23:59,79.93015851256945
656,Ижевск,31,In Transit,31/03/24 23:59,81.83929732694445
659,Воронеж,45,Delivered,13/01/24 15:59,0.36319444444444443
659,Воронеж,181,In Transit,31/03/24 23:59,70.6494075651736
659,Воронеж,3548,In Transit,31/03/24 23:59,11.370424545763889
664,Екатеринбург,1867,In Transit,31/03/24 23:59,31.232794541168982
664,Екатеринбург,1868,Delivered,26/02/24 14:03,-0.5548611111111111
665,Саратов,1995,In Transit,31/03/24 23:59,
665,Саратов,4486,Delivered,31/03/24 13:32,2.126388888888889
665,Саратов,4925,Delivered,04/04/24 10:51,-0.5243055555555556
667,Ижевск,1186,In Transit,31/03/24 23:59,41.73471507854167
667,Ижевск,1189,Delivered,16/02/24 13:24,-0.5486111111111112
668,Ижевск,145,Delivered,22/01/24 07:05,3.176388888888889
668,Ижевск,493,Delivered,06/02/24 00:27,1.9951388888888888
668,Ижевск,495,Delivered,04/02/24 19:47,2.345833333333333
671,Санкт-Петербург,4654,In Transit,31/03/24 23:59,-0.6643084716087962
671,Санкт-Петербург,4655,Delivered,01/04/24 16:11,3.75625
673,Волгоград,886,Delivered,12/02/24 05:53,0.005555555555555556
673,Волгоград,887,Delivered,10/02/24 09:45,0.8472222222222222
675,Пермь,608,Delivered,08/02/24 00:04,3.8340277777777776
675,Пермь,2658,Returned,31/03/24 23:59,20.891491606215276
678,Новосибирск,989,In Transit,31/03/24 23:59,45.84420160688657
678,Новосибирск,3753,Delivered,21/03/24 20:32,1.4791666666666667
681,Красноярск,47,Delivered,15/01/24 20:43,0.6326388888888889
682,,33,Returned,31/03/24 23:59,75.99093969577547
685,Казань,935,Returned,31/03/24 23:59,
685,Казань,936,Delivered,10/02/24 11:38,0.019444444444444445
685,Казань,3167,Delivered,16/03/24 00:41,1.4597222222222221
686,Самара,5040,Returned,31/03/24 23:59,-5.745663517916666
687,Ижевск,3161,Delivered,15/03/24 13:56,-0.8166666666666667
687,Ижевск,3164,In Transit,31/03/24 23:59,14.189955288310184
688,Самара,1577,Delivered,24/02/24 12:27,1.9770833333333333
688,Самара,1582,Delivered,22/02/24 19:58,-0.8430555555555556
688,Самара,3818,In Transit,31/03/24 23:59,7.582425352094908
692,Санкт-Петербург,311,Returned,31/03/24 23:59,66.08915259465277
694,Москва,3649,Delivered,21/03/24 21:00,-0.9375
695,Новосибирск,3733,Delivered,23/03/24 15:12,-0.24722222222222223
695,Новосибирск,3734,Returned,31/03/24 23:59,8.031169852858797
700,Челябинск,440,Returned,31/03/24 23:59,61.19174891935185
701,Нижний Новгород,3906,Delivered,26/03/24 04:13,1.5159722222222223
702,Казань,3503,Delivered,20/03/24 04:50,1.9993055555555554
704,Саратов,3882,Returned,31/03/24 23:59,4.070199223703704
705,Екатеринбург,710,Returned,31/03/24 23:59,51.08918537934027
707,Ростов-на-Дону,1573,In Transit,31/03/24 23:59,38.91527232517361
707,Ростов-на-Дону,3579,Returned,31/03/24 23:59,8.762531117291665
708,Красноярск,1851,Delivered,01/03/24 06:24,0.5416666666666666
708,Красноярск,1853,Delivered,02/03/24 19:03,1.6479166666666667
710,Волгоград,930,Delivered,13/02/24 18:35,0.06666666666666667
710,Волгоград,931,Delivered,14/02/24 13:47,1.6590277777777778
710,Волгоград,4735,In Transit,31/03/24 23:59,0.749180840462963
713,Волгоград,54,Returned,31/03/24 23:59,74.40987318945602
713,Волгоград,590,Delivered,07/02/24 07:55,1.4479166666666667
713,Волгоград,1178,Delivered,15/02/24 08:40,-0.21319444444444444
713,Волгоград,1181,Delivered,18/02/24 20:23,-1.0
716,Омск,659,Delivered,08/02/24 10:03,0.7965277777777777
719,Пермь,194,Returned,31/03/24 23:59,69.41876071511574
719,Пермь,1894,Delivered,04/03/24 19:05,3.5555555555555554
722,Екатеринбург,2916,Returned,31/03/24 23:59,17.185986987534722
723,Воронеж,2717,Delivered,11/03/24 00:27,1.1145833333333333
724,Ростов-на-Дону,2655,In Transit,31/03/24 23:59,21.29416822408565
727,Тюмень,2173,Delivered,06/03/24 10:19,1.5777777777777777
727,Тюмень,3352,Returned,31/03/24 23:59,9.331094360983796
728,Самара,517,Returned,31/03/24 23:59,54.86426104403935
728,Самара,3126,Delivered,14/03/24 04:32,-0.4513888888888889
730,Красноярск,791,In Transit,31/03/24 23:59,51.89406321903935
730,Красноярск,792,Delivered,11/02/24 22:38,0.5729166666666666
731,Санкт-Петербург,2716,In Transit,31/03/24 23:59,20.40398491726852
731,Санкт-Петербург,2719,Delivered,12/03/24 00:52,-0.09930555555555555
732,Воронеж,416,Delivered,29/01/24 05:27,1.426388888888889
732,Воронеж,418,Returned,31/03/24 23:59,58.60033648288194
733,Самара,29,Delivered,12/01/24 15:59,-0.3215277777777778
733,Самара,191,In Transit,31/03/24 23:59,69.57116614633102
733,Самара,240,Delivered,27/01/24 04:18,1.979861111111111
735,Уфа,89,Returned,31/03/24 23:59,71.49852295118055
736,Екатеринбург,1521,In Transit,31/03/24 23:59,38.98306674649306
736,Екатеринбург,2998,Returned,31/03/24 23:59,14.88897228212963
736,Екатеринбург,4686,Delivered,02/04/24 05:20,0.7819444444444444
739,Ростов-на-Дону,3527,In Transit,31/03/24 23:59,12.933058857418981
740,Пермь,533,Returned,31/03/24 23:59,57.73974762758102
742,Челябинск,768,Returned,31/03/24 23:59,49.950490727361114
743,Саратов,1239,In Transit,31/03/24 23:59,43.978758914594906
744,Челябинск,341,Delivered,27/01/24 03:31,-0.8277777777777777
744,Челябинск,342,In Transit,31/03/24 23:59,62.361767664143514
744,Челябинск,2136,Delivered,03/03/24 13:27,0.9361111111111111
745,Тольятти,1271,Delivered,19/02/24 04:35,2.74375
746,Екатеринбург,1753,Delivered,28/02/24 22:38,1.2020833333333334
747,Екатеринбург,4147,Returned,31/03/24 23:59,1.3313856923842593
747,Екатеринбург,4885,Returned,31/03/24 23:59,-5.108757078067129
749,Ростов-на-Дону,785,Delivered,09/02/24 20:57,0.8569444444444444
749,Ростов-на-Дону,2691,In Transit,31/03/24 23:59,20.069478510358795
749,Ростов-на-Дону,2693,In Transit,31/03/24 23:59,19.784010396574075
750,Пермь,237,Delivered,24/01/24 09:05,0.14930555555555555
750,Пермь,238,In Transit,31/03/24 23:59,67.74863982184029
751,Волгоград,355,Delivered,27/01/24 11:21,-0.4465277777777778
752,Уфа,1155,Returned,31/03/24 23:59,42.920042510034726
752,Уфа,4642,Delivered,03/04/24 21:22,3.0027777777777778
752,Уфа,4643,In Transit,31/03/24 23:59,-1.028987776574074
753,Ижевск,2161,In Transit,31/03/24 23:59,28.293288982453703
754,Екатеринбург,49,Delivered,15/01/24 08:14,1.398611111111111
754,Екатеринбург,1557,In Transit,31/03/24 23:59,35.462099218194446
755,Ростов-на-Дону,3639,Delivered,22/03/24 01:54,1.4875
756,Самара,3567,In Transit,31/03/24 23:59,13.15429448741898
756,Самара,4314,Delivered,30/03/24 21:01,1.7291666666666667
757,Челябинск,465,In Transit,31/03/24 23:59,59.0388545508449
758,Тольятти,347,Returned,31/03/24 23:59,64.70084981471065
759,Саратов,1420,Returned,31/03/24 23:59,40.35017792399305
759,Саратов,1422,In Transit,31/03/24 23:59,38.03363297980324
759,Саратов,4993,Returned,31/03/24 23:59,-5.260870502407407
760,Москва,781,Returned,31/03/24 23:59,48.58803944119214
762,Воронеж,878,In Transit,31/03/24 23:59,48.553492497962964
763,Новосибирск,794,Returned,31/03/24 23:59,47.31603886434028
764,Самара,152,In Transit,31/03/24 23:59,70.32281885949074
765,Омск,113,Returned,31/03/24 23:59,72.9227986854051
765,Омск,3068,In Transit,31/03/24 23:59,17.98381664295139
766,Самара,4382,Delivered,27/03/24 01:26,-0.14930555555555555
767,Ижевск,1009,Delivered,13/02/24 06:20,1.7833333333333334
767,Ижевск,1012,Delivered,14/02/24 03:35,1.1069444444444445
767,Ижевск,4789,Returned,31/03/24 23:59,-4.21297816193287
767,Ижевск,4790,Delivered,02/04/24 11:47,2.792361111111111
767,Ижевск,4792,In Transit,31/03/24 23:59,-0.6573923476157407
768,Красноярск,3472,Returned,31/03/24 23:59,12.851670296064816
768,Красноярск,5060,Delivered,04/04/24 22:54,0.2590277777777778
771,Самара,911,Delivered,15/02/24 21:00,2.3270833333333334
771,Самара,915,Delivered,14/02/24 07:39,3.3375
771,Самара,2465,Returned,31/03/24 23:59,23.73776569939815
771,Самара,2466,Delivered,09/03/24 16:24,-0.18055555555555555
772,Пермь,713,In Transit,31/03/24 23:59,52.87419131606481
772,Пермь,896,Delivered,09/02/24 08:58,-0.6180555555555556
774,Тольятти,4191,Delivered,27/03/24 01:27,1.6402777777777777
775,Новосибирск,107,Returned,31/03/24 23:59,75.14373885762731
775,Новосибирск,4544,Delivered,27/03/24 10:44,-0.9909722222222223
776,Новосибирск,2055,Returned,31/03/24 23:59,29.85649717290509
776,Новосибирск,2056,Delivered,29/02/24 09:05,-0.9430555555555555
776,Новосибирск,2059,Delivered,02/03/24 09:47,1.5777777777777777
778,Санкт-Петербург,1024,Delivered,12/02/24 23:22,1.4673611111111111
779,Нижний Новгород,136,Returned,31/03/24 23:59,71.62693487047454
779,Нижний Новгород,137,Returned,31/03/24 23:59,69.61212726498843
781,Челябинск,2539,In Transit,31/03/24 23:59,23.76382838439815
781,Челябинск,4558,Delivered,02/04/24 11:48,2.65625
783,Пермь,2802,Delivered,10/03/24 16:20,-0.8805555555555555
786,Нижний Новгород,72,Delivered,14/01/24 05:27,0.3034722222222222
786,Нижний Новгород,73,Delivered,13/01/24 07:40,0.05694444444444444
787,Ижевск,92,In Transit,31/03/24 23:59,74.56914540402778
791,Санкт-Петербург,425,Delivered,29/01/24 01:26,-1.0
792,Тольятти,2001,Returned,31/03/24 23:59,28.37520261697917
792,Тольятти,4983,Delivered,03/04/24 10:18,-0.27708333333333335
794,Пермь,4103,Delivered,28/03/24 17:42,0.5013888888888889
795,Самара,1176,Delivered,17/02/24 08:42,2.5680555555555555
797,Омск,2012,Delivered,29/02/24 13:17,-0.8993055555555556
797,Омск,5035,In Transit,31/03/24 23:59,-2.5810167941319446
797,Омск,5036,Delivered,03/04/24 00:04,0.3416666666666667
802,Тольятти,3134,In Transit,31/03/24 23:59,17.175310238171296
804,Самара,195,In Transit,31/03/24 23:59,68.9484131828125
805,Воронеж,50,Delivered,14/01/24 00:28,-0.027083333333333334
805,Воронеж,211,Delivered,24/01/24 16:48,2.1118055555555557
805,Воронеж,212,In Transit,31/03/24 23:59,70.3810773594213
807,Краснодар,396,In Transit,31/03/24 23:59,63.02694264311342
808,Воронеж,3553,Delivered,20/03/24 19:16,1.5722222222222222
808,Воронеж,3554,Delivered,21/03/24 21:09,1.8284722222222223
810,Самара,1639,In Transit,31/03/24 23:59,35.85867287756945
810,Самара,1640,Delivered,27/02/24 01:04,0.7118055555555556
814,Казань,666,In Transit,31/03/24 23:59,56.24395413802083
814,Казань,667,Delivered,06/02/24 15:39,0.38055555555555554
816,Казань,550,Delivered,03/02/24 17:45,1.4506944444444445
817,Тольятти,475,Delivered,31/01/24 23:22,0.7576388888888889
817,Тольятти,476,Returned,31/03/24 23:59,58.63436682980324
817,Тольятти,2933,Delivered,15/03/24 15:33,0.5041666666666667
818,Пермь,1416,Delivered,23/02/24 10:52,0.1638888888888889
818,Пермь,4828,Delivered,02/04/24 10:59,2.3854166666666665
819,Саратов,153,Delivered,22/01/24 04:14,-0.014583333333333334
819,Саратов,154,Delivered,19/01/24 22:19,1.8965277777777778
819,Саратов,2099,Delivered,08/03/24 05:14,3.5027777777777778
819,Саратов,2100,Delivered,03/03/24 15:40,3.698611111111111
820,Пермь,120,Delivered,15/01/24 17:43,-0.7770833333333333
820,Пермь,121,In Transit,31/03/24 23:59,72.22296020222223
823,Ижевск,1879,Delivered,29/02/24 10:19,0.7083333333333334
824,Новосибирск,1395,Delivered,26/02/24 07:21,3.3618055555555557
825,Екатеринбург,3732,Delivered,21/03/24 10:47,-0.5006944444444444
825,Екатеринбург,4926,Delivered,04/04/24 19:21,0.32916666666666666
825,Екатеринбург,4928,Delivered,02/04/24 04:58,0.46875
826,Москва,5025,Delivered,03/04/24 17:01,-0.18958333333333333
829,Москва,4586,Delivered,31/03/24 16:02,1.4131944444444444
830,Казань,3328,Delivered,20/03/24 18:07,0.9951388888888889
830,Казань,3329,Delivered,19/03/24 14:19,0.04652777777777778
830,Казань,4496,Returned,31/03/24 23:59,-0.004209319641203704
833,Екатеринбург,130,Returned,31/03/24 23:59,71.43551128920139
833,Екатеринбург,131,Delivered,19/01/24 14:28,-0.9666666666666667
833,Екатеринбург,132,Delivered,20/01/24 15:40,0.09305555555555556
833,Екатеринбург,1890,Returned,31/03/24 23:59,30.557730134606484
833,Екатеринбург,1892,Delivered,28/02/24 13:15,1.4208333333333334
834,Саратов,1914,Delivered,02/03/24 17:58,1.7131944444444445
834,Саратов,1915,Returned,31/03/24 23:59,
834,Саратов,1917,Returned,31/03/24 23:59,29.349722700960648
834,Саратов,1920,Delivered,01/03/24 21:06,0.26666666666666666
835,Тюмень,632,Delivered,06/02/24 09:08,2.94375
836,Самара,3619,In Transit,31/03/24 23:59,8.945688817476851
841,Красноярск,746,Returned,31/03/24 23:59,49.08754277366898
844,Москва,2505,Delivered,07/03/24 19:53,1.0555555555555556
845,Санкт-Петербург,1468,Delivered,26/02/24 13:11,3.763888888888889
845,Санкт-Петербург,1469,In Transit,31/03/24 23:59,39.289730274444445
845,Санкт-Петербург,4032,Returned,31/03/24 23:59,3.610472717337963
845,Санкт-Петербург,4033,Delivered,28/03/24 18:03,3.4479166666666665
846,Самара,4491,Delivered,28/03/24 15:04,0.28680555555555554
847,Нижний Новгород,4131,Delivered,25/03/24 19:21,1.9472222222222222
847,Нижний Новгород,4132,Returned,31/03/24 23:59,2.8796212605439813
848,Краснодар,2690,Delivered,10/03/24 06:26,1.4291666666666667
849,Пермь,5067,Returned,31/03/24 23:59,-5.726105432708334
850,Пермь,1661,Delivered,26/02/24 01:16,-0.6180555555555556
850,Пермь,1662,Delivered,25/02/24 12:41,0.06180555555555556
850,Пермь,1663,In Transit,31/03/24 23:59,33.91285587297454
850,Пермь,1665,Delivered,01/03/24 01:27,2.567361111111111
850,Пермь,2715,In Transit,31/03/24 23:59,20.590601427893517
851,Казань,37,Delivered,14/01/24 09:35,3.8354166666666667
851,Казань,1691,In Transit,31/03/24 23:59,33.71404328712963
851,Казань,1699,Returned,31/03/24 23:59,34.998745288784725
852,Самара,147,Returned,31/03/24 23:59,67.64131773341435
852,Самара,172,In Transit,31/03/24 23:59,71.86982942289352
852,Самара,173,In Transit,31/03/24 23:59,70.54218958400463
853,Саратов,3318,Delivered,19/03/24 11:40,1.3402777777777777
854,Новосибирск,1713,Delivered,23/02/24 07:44,-0.5243055555555556
855,Волгоград,257,In Transit,31/03/24 23:59,67.01452912763888
855,Волгоград,258,Delivered,21/01/24 15:41,-0.7458333333333333
856,Краснодар,3410,Delivered,25/03/24 04:53,-1.0
857,Самара,4680,Delivered,02/04/24 17:02,0.08958333333333333
858,Ижевск,751,Delivered,11/02/24 16:48,2.7895833333333333
858,Ижевск,2988,Returned,31/03/24 23:59,17.50532466355324
858,Ижевск,4118,In Transit,31/03/24 23:59,6.746876506944445
859,Тольятти,3980,In Transit,31/03/24 23:59,8.199905029664352
859,Тольятти,4198,Delivered,29/03/24 07:07,3.033333333333333
860,Самара,125,Returned,31/03/24 23:59,70.64145826061342
862,Омск,174,Delivered,19/01/24 20:37,0.7256944444444444
862,Омск,175,Delivered,20/01/24 22:02,1.3395833333333333
864,Нижний Новгород,508,Returned,31/03/24 23:59,54.98747841156249
867,Казань,5015,In Transit,31/03/24 23:59,-3.932889554571759
870,Ижевск,1566,In Transit,31/03/24 23:59,38.41884774421296
871,Москва,142,Delivered,16/01/24 09:09,-0.9861111111111112
871,Москва,305,Delivered,29/01/24 04:46,1.2631944444444445
871,Москва,306,In Transit,31/03/24 23:59,65.63816959309027
872,Омск,1138,Delivered,14/02/24 00:04,-0.38125
872,Омск,1139,Delivered,18/02/24 08:22,1.2645833333333334
873,Краснодар,786,Returned,31/03/24 23:59,
873,Краснодар,3367,Delivered,17/03/24 23:59,0.003472222222222222
873,Краснодар,4907,In Transit,31/03/24 23:59,-2.2386776599884257
874,Саратов,3634,In Transit,31/03/24 23:59,10.36761458525463
875,Ростов-на-Дону,52,Delivered,13/01/24 10:13,0.014583333333333334
875,Ростов-на-Дону,53,Returned,31/03/24 23:59,74.7282047046875
875,Ростов-на-Дону,1872,Returned,31/03/24 23:59,32.33357653149306
876,Воронеж,229,Delivered,21/01/24 19:29,-0.3
876,Воронеж,455,In Transit,31/03/24 23:59,59.05739402409723
877,Саратов,325,Delivered,25/01/24 05:34,-0.9680555555555556
877,Саратов,4728,In Transit,31/03/24 23:59,-0.8980923174074074
882,Ростов-на-Дону,4811,Returned,31/03/24 23:59,-5.233226775578704
883,Казань,2002,Delivered,03/03/24 01:20,-0.04861111111111111
884,Краснодар,3777,Delivered,25/03/24 06:35,1.1888888888888889
885,Воронеж,304,Returned,31/03/24 23:59,63.89935623643519
891,Москва,879,Delivered,12/02/24 18:36,0.6520833333333333
892,Новосибирск,3219,Delivered,14/03/24 00:23,-0.6222222222222222
893,Краснодар,3970,Delivered,26/03/24 21:24,1.0652777777777778
894,Москва,4683,Returned,31/03/24 23:59,-0.9770026872569445
895,Нижний Новгород,2217,Returned,31/03/24 23:59,23.595595098564814
897,Пермь,1228,Returned,31/03/24 23:59,42.89725828844907
899,Москва,556,Delivered,04/02/24 13:39,-0.07916666666666666
899,Москва,963,Delivered,14/02/24 08:35,1.8069444444444445
900,Уфа,1636,Returned,31/03/24 23:59,34.154880498356476
900,Уфа,1637,Delivered,26/02/24 07:51,1.2708333333333333
905,Ижевск,101,In Transit,31/03/24 23:59,75.12786276332176
905,Ижевск,103,Delivered,20/01/24 07:22,0.8847222222222222
908,Волгоград,1771,Returned,31/03/24 23:59,34.51880012516204
911,Казань,1050,Returned,31/03/24 23:59,45.896695880972224
911,Казань,4180,Delivered,26/03/24 16:29,1.3833333333333333
913,Санкт-Петербург,685,Delivered,10/02/24 05:15,1.9555555555555555
917,Пермь,158,In Transit,31/03/24 23:59,70.75615013945603
918,Ижевск,4010,In Transit,31/03/24 23:59,7.121933914212963
920,Саратов,654,In Transit,31/03/24 23:59,54.122204363125
921,Челябинск,3094,In Transit,31/03/24 23:59,16.404022390127313
922,Москва,3912,Returned,31/03/24 23:59,5.3186319156365744
922,Москва,3914,In Transit,31/03/24 23:59,9.207953142106481
922,Москва,3923,Delivered,25/03/24 03:06,2.4854166666666666
923,Екатеринбург,3754,Delivered,20/03/24 21:26,0.6319444444444444
923,Екатеринбург,3755,Delivered,22/03/24 14:22,1.4854166666666666
924,Нижний Новгород,773,In Transit,31/03/24 23:59,51.18639892122685
924,Нижний Новгород,1475,Delivered,24/02/24 00:18,2.921527777777778
925,Тольятти,71,Delivered,15/01/24 11:20,-0.6659722222222222
927,Тольятти,64,Delivered,16/01/24 01:06,0.2520833333333333
930,,3383,Delivered,18/03/24 19:52,0.21944444444444444
931,Санкт-Петербург,802,Returned,31/03/24 23:59,49.21444096585648
932,Саратов,2815,Delivered,16/03/24 05:36,2.529861111111111
933,Москва,524,In Transit,31/03/24 23:59,58.995823668344904
933,Москва,525,In Transit,31/03/24 23:59,58.93407650377315
933,Москва,526,Delivered,02/02/24 14:33,1.0763888888888888
934,Москва,2227,In Transit,31/03/24 23:59,28.513381362141203
936,Самара,2024,Delivered,29/02/24 13:46,0.9159722222222222
936,Самара,2025,Delivered,02/03/24 09:50,-0.5381944444444444
939,Челябинск,628,Returned,31/03/24 23:59,54.118636230173614
941,Москва,2309,Delivered,05/03/24 10:28,1.4618055555555556
941,Москва,2952,Returned,31/03/24 23:59,18.416214589918983
942,Саратов,4631,Delivered,02/04/24 21:32,0.2076388888888889
943,Омск,3869,Delivered,27/03/24 08:56,1.2805555555555554
943,Омск,3870,Returned,31/03/24 23:59,6.767000546006945
944,Санкт-Петербург,255,In Transit,31/03/24 23:59,69.12795967422454
945,Уфа,846,Delivered,09/02/24 08:11,0.5645833333333333
945,Уфа,4784,Delivered,01/04/24 07:25,1.0791666666666666
945,Уфа,4791,In Transit,31/03/24 23:59,-0.4482180414120371
945,Уфа,4793,Delivered,01/04/24 01:36,1.4166666666666667
946,Воронеж,2156,In Transit,31/03/24 23:59,30.12094953324074
946,Воронеж,2645,In Transit,31/03/24 23:59,19.844198936689814
946,Воронеж,4936,In Transit,31/03/24 23:59,-0.8874329924421296
946,Воронеж,4937,Returned,31/03/24 23:59,-4.858409222025463
946,Воронеж,4940,In Transit,31/03/24 23:59,-2.8307862541898148
947,Уфа,808,In Transit,31/03/24 23:59,50.43261149008102
949,Красноярск,82,Delivered,17/01/24 06:07,2.7555555555555555
949,Красноярск,2410,In Transit,31/03/24 23:59,25.94852388347222
951,Саратов,965,Returned,31/03/24 23:59,47.196433028298614
954,,2376,Delivered,07/03/24 18:34,-0.6354166666666666
957,Красноярск,3177,Delivered,19/03/24 07:24,1.2868055555555555
959,Воронеж,1499,Delivered,24/02/24 21:09,3.361111111111111
960,Москва,281,Delivered,25/01/24 12:17,1.9791666666666667
963,Санкт-Петербург,2807,In Transit,31/03/24 23:59,18.14231237628472
966,Москва,210,Returned,31/03/24 23:59,66.26244442333333
967,Краснодар,3711,Delivered,22/03/24 00:34,0.05625
969,Уфа,5009,Delivered,03/04/24 19:34,0.38472222222222224
969,Уфа,5011,Returned,31/03/24 23:59,-7.037880979780093
969,Уфа,5012,Delivered,05/04/24 10:15,0.9423611111111111
970,Пермь,825,Delivered,14/02/24 22:43,3.810416666666667
971,Красноярск,3544,In Transit,31/03/24 23:59,12.890531101539352
971,Красноярск,3545,In Transit,31/03/24 23:59,12.679196129930556
971,Красноярск,4824,In Transit,31/03/24 23:59,-0.6908608981712963
972,Ростов-на-Дону,197,Delivered,22/01/24 04:15,0.9680555555555556
972,Ростов-на-Дону,198,Returned,31/03/24 23:59,65.64939839453704
973,Санкт-Петербург,3626,In Transit,31/03/24 23:59,9.10004780636574
974,Екатеринбург,744,In Transit,31/03/24 23:59,54.33418440166667
974,Екатеринбург,2094,Delivered,29/02/24 02:43,-0.8951388888888889
977,Пермь,3975,Returned,31/03/24 23:59,4.2395117928125
977,Пермь,3977,In Transit,31/03/24 23:59,6.201283046365742
977,Пермь,3981,Returned,31/03/24 23:59,4.106350670636574
978,Волгоград,303,Delivered,27/01/24 03:20,-0.6368055555555555
979,Екатеринбург,4980,Delivered,05/04/24 14:45,2.8645833333333335
980,Омск,51,Delivered,12/01/24 01:58,-1.0
980,Омск,1270,Delivered,19/02/24 10:25,-0.1625
983,Самара,1085,Returned,31/03/24 23:59,45.871066377557874
989,Екатеринбург,644,Returned,31/03/24 23:59,52.293616066041665
989,Екатеринбург,1615,Returned,31/03/24 23:59,34.267509258518515
990,Тюмень,290,Returned,31/03/24 23:59,62.38291152626157
991,Тольятти,745,In Transit,31/03/24 23:59,51.47261817491898
992,,309,Delivered,26/01/24 13:39,1.9333333333333333
992,,310,In Transit,31/03/24 23:59,64.16051351009258
993,Санкт-Петербург,1436,Delivered,23/02/24 23:32,1.0791666666666666
994,Пермь,2429,Returned,31/03/24 23:59,24.111979116412037
995,Саратов,272,In Transit,31/03/24 23:59,68.25547222829861
995,Саратов,275,Delivered,22/01/24 23:19,-0.3236111111111111
996,Санкт-Петербург,612,Returned,31/03/24 23:59,52.69711297866898
996,Санкт-Петербург,614,In Transit,31/03/24 23:59,54.14824761153935
997,Новосибирск,2299,Delivered,06/03/24 14:19,-0.2881944444444444
1000,Ростов-на-Дону,748,Returned,31/03/24 23:59,49.19296149461806
1000,Ростов-на-Дону,749,In Transit,31/03/24 23:59,50.737166899849534
1000,Ростов-на-Дону,835,Delivered,11/02/24 18:32,2.001388888888889
1004,Москва,324,Returned,31/03/24 23:59,60.51271535315972
1004,Москва,326,Delivered,29/01/24 00:33,3.8513888888888888
1004,Москва,641,Delivered,03/02/24 06:39,-0.6645833333333333
1005,Пермь,99,Returned,31/03/24 23:59,72.25649031232639
1010,Челябинск,1744,Delivered,26/02/24 13:22,0.9326388888888889
1011,Челябинск,2901,Delivered,16/03/24 14:25,3.6118055555555557
1017,Красноярск,2284,Delivered,01/03/24 21:38,-0.7770833333333333
1018,Казань,177,Delivered,20/01/24 17:53,0.3548611111111111
1019,Ростов-на-Дону,735,Delivered,07/02/24 02:05,1.738888888888889
1021,Ростов-на-Дону,394,Delivered,27/01/24 12:57,0.44513888888888886
1021,Ростов-на-Дону,395,Delivered,29/01/24 19:48,-0.6666666666666666
1022,Краснодар,2826,In Transit,31/03/24 23:59,17.538110070613428
1023,Челябинск,470,Delivered,03/02/24 00:32,-0.6347222222222222
1024,Уфа,4095,Delivered,29/03/24 20:51,1.8375
1025,Казань,2838,Delivered,12/03/24 02:03,2.0770833333333334
1025,Казань,2839,Delivered,12/03/24 07:08,-0.32083333333333336
1029,Тюмень,607,Returned,31/03/24 23:59,53.842351541157406
1029,Тюмень,1668,Delivered,25/02/24 02:34,0.16597222222222222
1029,Тюмень,1669,Delivered,26/02/24 13:47,2.15625
1029,Тюмень,1671,Delivered,25/02/24 18:24,2.375
1030,Новосибирск,502,Delivered,03/02/24 21:41,2.7020833333333334
1031,Челябинск,441,Returned,31/03/24 23:59,58.01455335004629
1034,Челябинск,3742,Delivered,24/03/24 22:29,1.6493055555555556
1034,Челябинск,3743,In Transit,31/03/24 23:59,10.40723788650463
1035,Челябинск,200,Delivered,24/01/24 02:23,1.1527777777777777
1035,Челябинск,201,Delivered,25/01/24 04:43,2.7694444444444444
1036,Саратов,2016,Returned,31/03/24 23:59,29.303268219965275
1038,Пермь,4005,Returned,31/03/24 23:59,5.486970555532407
1038,Пермь,4006,Returned,31/03/24 23:59,7.070472195243055
1038,Пермь,4007,Delivered,28/03/24 10:33,1.5159722222222223
1038,Пермь,4009,Delivered,23/03/24 16:58,0.001388888888888889
1043,Уфа,392,Delivered,27/01/24 17:49,-0.33611111111111114
1044,Казань,3441,Returned,31/03/24 23:59,11.97527233746528
1045,Москва,4934,Delivered,04/04/24 15:46,1.1215277777777777
1047,Москва,3601,Returned,31/03/24 23:59,6.893863418854167
1047,Москва,3605,In Transit,31/03/24 23:59,11.950383394456018
1048,Воронеж,76,Delivered,19/01/24 02:30,2.65
1048,Воронеж,248,Delivered,27/01/24 12:14,1.4194444444444445
1048,Воронеж,249,Returned,31/03/24 23:59,67.66785614270833
1049,Казань,2193,Returned,31/03/24 23:59,25.645698544537034
1051,Красноярск,696,Delivered,08/02/24 05:55,2.4930555555555554
1053,Волгоград,582,Returned,31/03/24 23:59,53.28897187414351
1053,Волгоград,2734,In Transit,31/03/24 23:59,19.230197555555556
1053,Волгоград,2735,In Transit,31/03/24 23:59,19.199038656273146
1053,Волгоград,4961,Delivered,05/04/24 17:11,1.3715277777777777
1055,Санкт-Петербург,1977,Delivered,29/02/24 11:32,0.07777777777777778
1055,Санкт-Петербург,4825,Delivered,04/04/24 16:29,3.1944444444444446
1056,Екатеринбург,499,In Transit,31/03/24 23:59,57.887495374386575
1062,Тюмень,694,Delivered,05/02/24 05:12,0.8430555555555556
1062,Тюмень,695,In Transit,31/03/24 23:59,54.94861202016203
1062,Тюмень,697,Delivered,05/02/24 05:55,0.6715277777777777
1062,Тюмень,1702,Returned,31/03/24 23:59,31.920459716307867
1062,Тюмень,1706,In Transit,31/03/24 23:59,36.41160771802083
1064,Уфа,447,Returned,31/03/24 23:59,60.6544352528125
1064,Уфа,952,Returned,31/03/24 23:59,48.69743390113426
1068,Ижевск,55,Delivered,14/01/24 05:34,1.1284722222222223
1070,Красноярск,3935,Returned,31/03/24 23:59,5.218708610694445
1070,Красноярск,3936,Delivered,26/03/24 12:58,1.2902777777777779
1071,Саратов,3714,Delivered,25/03/24 08:30,1.2791666666666666
1071,Саратов,3715,Delivered,24/03/24 04:56,3.4965277777777777
1072,Красноярск,2514,Delivered,07/03/24 11:24,1.3541666666666667
1072,Красноярск,2519,In Transit,31/03/24 23:59,23.202814977685186
1074,Нижний Новгород,1061,Returned,31/03/24 23:59,44.88930269710648
1074,Нижний Новгород,1645,In Transit,31/03/24 23:59,36.76704165820602
1075,Саратов,2365,Returned,31/03/24 23:59,22.666422902037038
1076,Омск,282,Returned,31/03/24 23:59,65.83229889024305
1077,Красноярск,4997,Delivered,02/04/24 20:58,1.3854166666666667
1077,Красноярск,5014,Delivered,06/04/24 14:00,3.7416666666666667
1078,Москва,98,In Transit,31/03/24 23:59,72.63728069708333
1081,Новосибирск,1293,In Transit,31/03/24 23:59,40.93288972017361
1081,Новосибирск,1294,Delivered,18/02/24 09:51,1.2055555555555555
1081,Новосибирск,1297,Delivered,20/02/24 03:03,1.167361111111111
1081,Новосибирск,3103,Delivered,17/03/24 02:19,1.1611111111111112
1083,Екатеринбург,2808,Delivered,14/03/24 22:33,0.9965277777777778
1085,Санкт-Петербург,1602,Returned,31/03/24 23:59,36.75654054601852
1085,Санкт-Петербург,1603,In Transit,31/03/24 23:59,36.45165448393519
1085,Санкт-Петербург,1812,Returned,31/03/24 23:59,30.74305904637732
1087,Пермь,4123,Returned,31/03/24 23:59,5.754142345069445
1089,Пермь,4431,Returned,31/03/24 23:59,1.4418400077662037
1089,Пермь,4432,Returned,31/03/24 23:59,-0.5366762792592592
1090,Казань,280,Delivered,26/01/24 12:24,1.5895833333333333
1091,Пермь,1967,In Transit,31/03/24 23:59,28.83085297146991
1091,Пермь,4839,In Transit,31/03/24 23:59,-0.053642198668981476
1092,Омск,2631,Returned,31/03/24 23:59,22.141285492118058
1093,Красноярск,1318,Delivered,22/02/24 01:14,3.6930555555555555
1093,Красноярск,1319,Delivered,18/02/24 17:58,0.04791666666666667
1094,Екатеринбург,1638,Returned,31/03/24 23:59,32.08393985868055
1094,Екатеринбург,3208,In Transit,31/03/24 23:59,15.417785253946759
1096,Красноярск,2752,Delivered,15/03/24 07:01,2.1104166666666666
1099,Москва,3022,Delivered,13/03/24 07:47,-0.10277777777777777
1102,Самара,474,Delivered,01/02/24 21:39,1.3430555555555554
1102,Самара,1626,Delivered,23/02/24 19:23,-0.30416666666666664
1104,Омск,155,Returned,31/03/24 23:59,68.4195513103125
1106,Челябинск,157,Delivered,19/01/24 08:29,1.1131944444444444
1106,Челябинск,2506,In Transit,31/03/24 23:59,24.733255445127316
1106,Челябинск,2507,Delivered,05/03/24 18:57,-0.8277777777777777
1109,Челябинск,4879,Delivered,06/04/24 05:58,1.9534722222222223
1112,Волгоград,592,In Transit,31/03/24 23:59,56.78128948761574
1113,Казань,4315,Returned,31/03/24 23:59,0.4102824084490741
1115,Омск,3004,Returned,31/03/24 23:59,17.55834597
1116,Волгоград,1974,Delivered,01/03/24 01:48,2.079861111111111
1120,Уфа,1857,Returned,31/03/24 23:59,31.548410085312497
1124,Пермь,3915,Delivered,25/03/24 08:05,0.022222222222222223
1124,Пермь,3916,Returned,31/03/24 23:59,7.00043394136574
1125,Краснодар,2197,Delivered,04/03/24 12:36,1.2826388888888889
1127,Новосибирск,461,In Transit,31/03/24 23:59,58.55692323710649
1127,Новосибирск,462,Delivered,30/01/24 19:09,-0.022222222222222223
1127,Новосибирск,463,Returned,31/03/24 23:59,56.723951950081016
1128,Краснодар,4373,In Transit,31/03/24 23:59,2.913080231747685
1131,Омск,1556,Returned,31/03/24 23:59,35.359790017060185
1132,Волгоград,1067,Delivered,15/02/24 10:37,0.6152777777777778
1132,Волгоград,1070,Delivered,16/02/24 22:13,1.2166666666666666
1133,Новосибирск,1593,Returned,31/03/24 23:59,33.463129821377315
1137,Челябинск,1655,Delivered,25/02/24 23:50,2.515972222222222
1137,Челябинск,1657,Delivered,28/02/24 03:08,2.248611111111111
1137,Челябинск,2575,Delivered,12/03/24 08:22,1.0131944444444445
1143,Воронеж,86,Delivered,18/01/24 02:12,-0.45416666666666666
1143,Воронеж,1390,Delivered,21/02/24 07:59,0.7243055555555555
1145,Казань,422,In Transit,31/03/24 23:59,61.07570671597222
1146,Красноярск,3198,Delivered,18/03/24 08:45,0.12777777777777777
1146,Красноярск,4361,Delivered,30/03/24 20:09,2.1645833333333333
1149,Челябинск,645,Returned,31/03/24 23:59,55.50275665616898
1149,Челябинск,1755,Returned,31/03/24 23:59,32.397474863101856
1151,Самара,148,In Transit,31/03/24 23:59,72.23060308233796
1151,Самара,3267,Returned,31/03/24 23:59,12.426213728321759
1151,Самара,4400,Delivered,28/03/24 12:12,-0.2375
1151,Самара,4404,Delivered,28/03/24 12:04,1.1548611111111111
1152,Волгоград,944,In Transit,31/03/24 23:59,50.368031945000006
1152,Волгоград,946,In Transit,31/03/24 23:59,48.356782442951385
1153,Ижевск,337,Delivered,25/01/24 20:28,0.18611111111111112
1153,Ижевск,2881,In Transit,31/03/24 23:59,16.407661737916666
1153,Ижевск,2882,Delivered,13/03/24 21:48,-0.5993055555555555
1159,Казань,1555,In Transit,31/03/24 23:59,35.312812541041666
1161,Ижевск,3233,Returned,31/03/24 23:59,15.296236539525463
1163,Ростов-на-Дону,953,Delivered,11/02/24 07:12,0.6083333333333333
1163,Ростов-на-Дону,954,Returned,31/03/24 23:59,46.05851829605324
1164,Челябинск,70,Delivered,17/01/24 10:09,2.495138888888889
1165,Челябинск,236,In Transit,31/03/24 23:59,65.675685901875
1166,Воронеж,4160,Delivered,26/03/24 00:24,1.4277777777777778
1167,Нижний Новгород,1562,Returned,31/03/24 23:59,36.58719544056713
1167,Нижний Новгород,1792,Returned,31/03/24 23:59,33.81857463777778
1167,Нижний Новгород,1793,Delivered,25/02/24 19:40,0.8333333333333334
1168,Москва,1133,Delivered,15/02/24 06:08,1.3520833333333333
1168,Москва,1134,Returned,31/03/24 23:59,43.65920388233796
1169,Санкт-Петербург,336,Delivered,29/01/24 08:48,0.71875
1171,Екатеринбург,1219,Returned,31/03/24 23:59,42.8842554603125
1171,Екатеринбург,1502,Returned,31/03/24 23:59,34.61354125041667
1176,Тольятти,647,Returned,31/03/24 23:59,52.07509668202546
1177,Самара,1250,Returned,31/03/24 23:59,39.30767490313657
1178,Красноярск,185,In Transit,31/03/24 23:59,71.58992397083333
1178,Красноярск,1171,In Transit,31/03/24 23:59,43.987054729814815
1179,Новосибирск,104,Delivered,17/01/24 12:55,-0.8555555555555555
1180,Ростов-на-Дону,1151,In Transit,31/03/24 23:59,44.29182435053241
1182,Санкт-Петербург,573,Delivered,05/02/24 09:41,2.5722222222222224
1184,Ростов-на-Дону,487,Returned,31/03/24 23:59,57.45376804185185
1185,Омск,1514,Delivered,24/02/24 09:03,1.2326388888888888
1185,Омск,2554,Delivered,09/03/24 08:09,-0.30277777777777776
1186,Красноярск,1567,Delivered,21/02/24 13:14,0.5673611111111111
1186,Красноярск,1961,Returned,31/03/24 23:59,31.008268919664353
1186,Красноярск,3613,Delivered,22/03/24 23:07,2.98125
1187,Омск,901,Returned,31/03/24 23:59,47.41556512479166
1187,Омск,4451,Returned,31/03/24 23:59,3.0107124186921297
1189,Самара,297,Delivered,25/01/24 00:56,0.39305555555555555
1189,Самара,2441,In Transit,31/03/24 23:59,23.419070820312502
1190,Самара,1635,Returned,31/03/24 23:59,32.278465956041664
1190,Самара,1692,Returned,31/03/24 23:59,31.269780056412035
1190,Самара,1693,Returned,31/03/24 23:59,35.25414377885417
1190,Самара,1694,Delivered,24/02/24 21:51,1.2506944444444446
1190,Самара,1697,Delivered,28/02/24 17:36,2.415277777777778
1190,Самара,2117,Returned,31/03/24 23:59,28.654974273645834
1191,Ростов-на-Дону,771,Returned,31/03/24 23:59,52.083783178217594
1192,Санкт-Петербург,1982,Returned,31/03/24 23:59,28.30122291997685
1196,Челябинск,378,Delivered,31/01/24 11:34,1.663888888888889
1198,Красноярск,4685,Delivered,03/04/24 16:13,1.7145833333333333
1199,Казань,2766,Returned,31/03/24 23:59,17.2794947980787
1203,Санкт-Петербург,4285,Delivered,29/03/24 22:15,3.683333333333333
1204,Новосибирск,1708,Delivered,01/03/24 07:31,3.0055555555555555
1204,Новосибирск,1709,Delivered,28/02/24 16:09,0.23472222222222222
1206,Уфа,367,Returned,31/03/24 23:59,63.39182450378472
1206,Уфа,369,Delivered,29/01/24 03:09,1.1277777777777778
1206,Уфа,665,Delivered,10/02/24 00:51,1.926388888888889
1207,Екатеринбург,949,Delivered,11/02/24 11:36,1.9756944444444444
1207,Екатеринбург,950,Delivered,16/02/24 23:28,3.7368055555555557
1207,Екатеринбург,951,Delivered,14/02/24 03:29,1.9326388888888888
1209,Красноярск,990,In Transit,31/03/24 23:59,48.669134159618054
1210,Ижевск,1156,Delivered,16/02/24 20:53,1.2097222222222221
1211,Волгоград,2433,Delivered,07/03/24 22:36,1.417361111111111
1212,Тольятти,3344,Delivered,20/03/24 04:59,0.1361111111111111
1212,Тольятти,3346,Delivered,19/03/24 16:27,0.5319444444444444
1212,Тольятти,3351,Returned,31/03/24 23:59,11.956270141898148
1214,Нижний Новгород,454,Returned,31/03/24 23:59,60.41477065054398
1214,Нижний Новгород,2770,Returned,31/03/24 23:59,17.268822329641203
1214,Нижний Новгород,2779,Returned,31/03/24 23:59,20.052258921863427
1215,Москва,620,Returned,31/03/24 23:59,54.598492556215284
1217,Самара,124,Returned,31/03/24 23:59,71.41100881015046
1217,Самара,718,Delivered,08/02/24 09:17,-0.9375
1221,Саратов,262,Returned,31/03/24 23:59,67.4580342072801
1221,Саратов,1008,Delivered,15/02/24 20:15,0.8701388888888889
1221,Саратов,1757,In Transit,31/03/24 23:59,33.276380998645834
1221,Саратов,1761,Returned,31/03/24 23:59,32.6500243444213
1222,Москва,2261,Delivered,05/03/24 17:08,-0.5993055555555555
1222,Москва,2262,Delivered,07/03/24 03:21,1.4534722222222223
1223,Тюмень,518,Returned,31/03/24 23:59,54.398774472870365
1224,Красноярск,3538,Delivered,24/03/24 04:18,3.4006944444444445
1225,Тольятти,228,In Transit,31/03/24 23:59,69.937527446875
1226,Новосибирск,2564,Delivered,11/03/24 07:47,2.520138888888889
1226,Новосибирск,2567,Returned,31/03/24 23:59,22.32154241597222
1226,Новосибирск,2569,Delivered,11/03/24 13:32,0.8805555555555555
1227,Санкт-Петербург,3285,In Transit,31/03/24 23:59,12.618436695925926
1229,Тюмень,539,Delivered,02/02/24 18:04,1.4708333333333334
1232,Москва,171,Delivered,20/01/24 13:19,-0.6270833333333333
1235,Санкт-Петербург,426,In Transit,31/03/24 23:59,61.96381517920138
1236,Санкт-Петербург,500,Delivered,04/02/24 08:51,-0.06111111111111111
1236,Санкт-Петербург,501,Delivered,01/02/24 15:12,1.6861111111111111
1236,Санкт-Петербург,2651,Delivered,12/03/24 08:22,3.170138888888889
1236,Санкт-Петербург,3670,In Transit,31/03/24 23:59,10.934159483368056
1237,Самара,672,Delivered,05/02/24 12:39,0.8680555555555556
1237,Самара,674,Returned,31/03/24 23:59,52.800718344988425
1237,Самара,675,Delivered,07/02/24 13:35,1.4708333333333334
1237,Самара,677,Returned,31/03/24 23:59,54.553360870752314
1238,Ижевск,780,In Transit,31/03/24 23:59,53.03834436435186
1238,Ижевск,1813,Delivered,01/03/24 16:40,2.8472222222222223
1239,Волгоград,3547,Delivered,22/03/24 10:55,0.9354166666666667
1244,Уфа,161,Returned,31/03/24 23:59,71.24727811743055
1244,Уфа,162,Delivered,22/01/24 20:47,1.2152777777777777
1244,Уфа,596,Delivered,04/02/24 16:52,1.0708333333333333
1244,Уфа,956,In Transit,31/03/24 23:59,
1248,Казань,1575,In Transit,31/03/24 23:59,35.96502771546296
1248,Казань,1576,Returned,31/03/24 23:59,34.719035530636575
1248,Казань,3360,Delivered,18/03/24 00:12,1.6847222222222222
1249,Пермь,4030,Delivered,21/03/24 20:34,-0.9597222222222223
1252,Тольятти,81,Delivered,15/01/24 05:19,0.4215277777777778
1253,Новосибирск,676,In Transit,31/03/24 23:59,53.13193144568287
1254,Красноярск,2538,Delivered,06/03/24 13:26,0.1361111111111111
1254,Красноярск,4764,Delivered,30/03/24 17:58,0.5361111111111111
1258,Красноярск,4379,Delivered,31/03/24 01:34,3.2583333333333333
1262,Тюмень,179,Delivered,25/01/24 22:55,3.303472222222222
1262,Тюмень,1427,Delivered,21/02/24 04:31,1.1381944444444445
1262,Тюмень,3493,Delivered,21/03/24 08:11,1.9222222222222223
1265,Красноярск,3520,Returned,31/03/24 23:59,9.10451239394676
1267,Москва,4858,Delivered,04/04/24 20:54,3.9694444444444446
1267,Москва,4860,In Transit,31/03/24 23:59,0.01878071236111111
1268,Краснодар,78,Delivered,19/01/24 07:19,2.5569444444444445
1268,Краснодар,79,Returned,31/03/24 23:59,74.94616490199074
1268,Краснодар,80,In Transit,31/03/24 23:59,75.74367810105323
1268,Краснодар,4445,Returned,31/03/24 23:59,-1.7077377124884259
1269,Екатеринбург,362,Delivered,01/02/24 12:10,2.386111111111111
1269,Екатеринбург,363,Delivered,31/01/24 01:29,0.6479166666666667
1269,Екатеринбург,365,Delivered,26/01/24 18:36,0.36944444444444446
1270,Тюмень,278,Delivered,25/01/24 06:21,0.3333333333333333
1272,Санкт-Петербург,1068,Delivered,14/02/24 23:01,-0.9416666666666667
1273,Тюмень,1434,Delivered,18/02/24 17:28,-0.14722222222222223
1273,Тюмень,2093,Delivered,01/03/24 18:56,-0.26805555555555555
1274,Тольятти,436,Delivered,31/01/24 07:26,-0.6618055555555555
1274,Тольятти,2008,Delivered,02/03/24 18:19,-0.30069444444444443
1274,Тольятти,3014,Delivered,16/03/24 02:34,1.7118055555555556
1274,Тольятти,3017,Delivered,15/03/24 04:01,2.1944444444444446
1276,Саратов,186,In Transit,31/03/24 23:59,68.75462841024306
1277,Красноярск,134,Returned,31/03/24 23:59,71.79635438836806
1277,Красноярск,135,Returned,31/03/24 23:59,71.87863912332176
1280,Нижний Новгород,2541,Delivered,09/03/24 12:10,2.6006944444444446
1280,Нижний Новгород,4013,Delivered,27/03/24 04:11,-0.24444444444444444
1280,Нижний Новгород,4426,Delivered,27/03/24 20:48,-0.24444444444444444
1281,Санкт-Петербург,2924,In Transit,31/03/24 23:59,19.176693876863425
1282,Пермь,688,Delivered,10/02/24 02:54,2.1569444444444446
1283,Пермь,119,Delivered,16/01/24 03:12,-0.7729166666666667
1283,Пермь,233,Delivered,22/01/24 00:27,-0.05
1285,Челябинск,549,Delivered,01/02/24 12:49,-0.7756944444444445
1286,Пермь,1196,In Transit,31/03/24 23:59,44.4462806703125
1287,Тольятти,144,Delivered,22/01/24 00:37,0.6458333333333334
1287,Тольятти,166,Delivered,24/01/24 22:06,1.9326388888888888
1287,Тольятти,167,Delivered,19/01/24 15:01,1.2645833333333334
1287,Тольятти,168,Delivered,22/01/24 07:10,-0.9402777777777778
1290,Челябинск,247,Returned,31/03/24 23:59,64.76132280380787
1295,Нижний Новгород,1777,In Transit,31/03/24 23:59,35.983178620717595
1295,Нижний Новгород,1778,Returned,31/03/24 23:59,30.95252076561343
1295,Нижний Новгород,3616,Delivered,19/03/24 16:15,-0.6013888888888889
1295,Нижний Новгород,3617,In Transit,31/03/24 23:59,10.272472032083334
1296,Ростов-на-Дону,1424,Delivered,21/02/24 14:30,1.9951388888888888
1296,Ростов-на-Дону,1425,Delivered,25/02/24 07:04,2.4125
1296,Ростов-на-Дону,1774,In Transit,31/03/24 23:59,32.8775033997338
1296,Ростов-на-Дону,1775,In Transit,31/03/24 23:59,34.31041389332176
1297,Саратов,190,Returned,31/03/24 23:59,66.51354168972223
1302,Воронеж,4137,Returned,31/03/24 23:59,1.7386574161574073
1306,Красноярск,437,In Transit,31/03/24 23:59,61.40336250392361
1307,Казань,4806,Delivered,01/04/24 22:02,0.24305555555555555
1307,Казань,4810,In Transit,31/03/24 23:59,-0.12291410605324074
1308,Ижевск,2152,Returned,31/03/24 23:59,27.174597099317133
1309,Екатеринбург,552,In Transit,31/03/24 23:59,57.28591721986111
1309,Екатеринбург,553,Delivered,01/02/24 08:36,-0.5527777777777778
1309,Екатеринбург,1224,In Transit,31/03/24 23:59,43.050773433055554
1313,Ростов-на-Дону,223,In Transit,31/03/24 23:59,69.20900036349536
1314,Ростов-на-Дону,213,Returned,31/03/24 23:59,66.84550487797453
1315,Москва,512,Delivered,01/02/24 09:15,0.47430555555555554
1317,Волгоград,254,In Transit,31/03/24 23:59,68.85071276883102
1317,Волгоград,3471,In Transit,31/03/24 23:59,10.924274058657408
1317,Волгоград,3473,Delivered,19/03/24 10:27,0.9902777777777778
1318,Саратов,295,In Transit,31/03/24 23:59,65.69070570798611
1318,Саратов,296,In Transit,31/03/24 23:59,
1324,Красноярск,2079,Returned,31/03/24 23:59,28.35346806652778
1325,Краснодар,169,In Transit,31/03/24 23:59,68.74959845268519
1325,Краснодар,170,In Transit,31/03/24 23:59,70.87910565180555
1326,Челябинск,1332,Delivered,21/02/24 00:22,3.142361111111111
1327,Краснодар,1952,Delivered,03/03/24 02:46,1.5590277777777777
1328,Красноярск,848,Delivered,12/02/24 11:58,3.5756944444444443
1329,Тольятти,319,Returned,31/03/24 23:59,
1329,Тольятти,532,In Transit,31/03/24 23:59,58.51875888290509
1332,Пермь,1688,Delivered,25/02/24 23:54,-0.33055555555555555
1334,Екатеринбург,1400,Returned,31/03/24 23:59,38.80624708849537
1334,Екатеринбург,1404,Delivered,24/02/24 08:11,1.7208333333333334
1334,Екатеринбург,1406,Returned,31/03/24 23:59,37.377550591469905
1335,Ижевск,1742,Delivered,24/02/24 12:14,0.8326388888888889
1335,Ижевск,1743,Delivered,23/02/24 22:01,-0.4270833333333333
1338,Уфа,189,In Transit,31/03/24 23:59,69.52009994673611
1339,Нижний Новгород,383,Delivered,28/01/24 22:47,1.4159722222222222
1339,Нижний Новгород,706,Delivered,05/02/24 22:02,0.5409722222222222
1340,Ростов-на-Дону,3174,In Transit,31/03/24 23:59,16.646428498819443
1341,Ижевск,193,Delivered,20/01/24 18:45,0.5541666666666667
1343,Челябинск,3831,Returned,31/03/24 23:59,7.8633706386689814
1343,Челябинск,3833,In Transit,31/03/24 23:59,6.817196129097223
1343,Челябинск,3834,In Transit,31/03/24 23:59,9.65908522349537
1344,Екатеринбург,199,Delivered,23/01/24 00:23,1.7375
1345,Челябинск,2171,Delivered,01/03/24 23:06,-0.9527777777777777
1346,Нижний Новгород,3522,Delivered,23/03/24 18:19,1.898611111111111
1346,Нижний Новгород,3523,Returned,31/03/24 23:59,12.173990671006944
1349,,217,Delivered,24/01/24 13:56,2.1354166666666665
1352,Москва,2280,Returned,31/03/24 23:59,26.124466531979166
1352,Москва,2282,Returned,31/03/24 23:59,22.813758569131945
1354,Екатеринбург,2325,Returned,31/03/24 23:59,26.81180709341435
1355,Волгоград,1980,Delivered,04/03/24 13:10,1.4361111111111111
1355,Волгоград,1981,Delivered,02/03/24 16:33,0.61875
1356,Екатеринбург,998,Returned,31/03/24 23:59,45.161863359189816
1357,Краснодар,3265,Delivered,18/03/24 19:57,-0.8118055555555556
1359,Новосибирск,4141,Delivered,26/03/24 02:04,-0.9715277777777778
1360,Челябинск,698,In Transit,31/03/24 23:59,54.9307393280324
1363,Самара,141,Returned,31/03/24 23:59,68.24642752780093
1365,Волгоград,4647,In Transit,31/03/24 23:59,-0.7025681342592592
1370,Новосибирск,1891,Returned,31/03/24 23:59,28.379304039930553
1372,Тольятти,1569,In Transit,31/03/24 23:59,37.326248876747684
1373,Казань,1316,In Transit,31/03/24 23:59,39.82695789341435
1375,Тольятти,895,Delivered,12/02/24 04:25,0.9805555555555555
1375,Тольятти,2461,Delivered,06/03/24 01:26,-0.84375
1376,Самара,1397,Returned,31/03/24 23:59,39.736133989849534
1377,Самара,1225,Returned,31/03/24 23:59,39.34437006962963
1378,Казань,503,Delivered,02/02/24 23:00,-0.2
1380,Тюмень,3568,Delivered,24/03/24 04:29,1.4444444444444444
1380,Тюмень,3570,In Transit,31/03/24 23:59,10.266274339641205
1380,Тюмень,3575,Delivered,19/03/24 12:16,-0.6305555555555555
1387,Казань,3468,In Transit,31/03/24 23:59,12.921724586226851
1393,Самара,4864,Delivered,03/04/24 19:31,1.7409722222222221
1395,Саратов,1391,In Transit,31/03/24 23:59,40.53611840409722
1395,Саратов,1392,In Transit,31/03/24 23:59,40.14472159625
1395,Саратов,1524,Delivered,25/02/24 22:20,2.54375
1395,Саратов,1525,Delivered,23/02/24 23:29,1.6333333333333333
1398,Ижевск,564,Returned,31/03/24 23:59,53.91871638854167
1398,Ижевск,565,Returned,31/03/24 23:59,52.72601387819444
1398,Ижевск,3330,In Transit,31/03/24 23:59,11.434037060173612
1399,Уфа,1438,Delivered,22/02/24 23:09,3.9055555555555554
1399,Уфа,1439,In Transit,31/03/24 23:59,39.404292384953706
1400,Москва,1685,Delivered,24/02/24 23:08,1.3979166666666667
1401,Пермь,4603,Delivered,03/04/24 21:29,3.6527777777777777
1402,Красноярск,202,Returned,31/03/24 23:59,67.91753391481481
1402,Красноярск,714,Returned,31/03/24 23:59,50.23202174900463
1404,Ижевск,4425,In Transit,31/03/24 23:59,3.085962360451389
1405,Красноярск,1605,In Transit,31/03/24 23:59,38.35672111158565
1406,Воронеж,2530,Delivered,09/03/24 14:26,3.0118055555555556
1410,Уфа,4254,In Transit,31/03/24 23:59,4.40553588150463
1411,Москва,980,In Transit,31/03/24 23:59,47.513988944432874
1413,Екатеринбург,3587,Delivered,21/03/24 19:02,0.09166666666666666
1417,Тюмень,4605,Delivered,30/03/24 19:46,1.3159722222222223
1419,Краснодар,1779,Delivered,28/02/24 07:07,-0.16041666666666668
1420,Ижевск,4413,Returned,31/03/24 23:59,-1.5553731567476852
1422,Екатеринбург,1264,Returned,31/03/24 23:59,38.93377645711806
1425,Ростов-на-Дону,1365,Delivered,22/02/24 10:22,0.7284722222222222
1425,Ростов-на-Дону,5105,Delivered,05/04/24 20:32,-0.7618055555555555
1428,Саратов,307,Returned,31/03/24 23:59,64.36612662743056
1433,,115,Delivered,18/01/24 19:25,1.5222222222222221
1435,Москва,1741,Returned,31/03/24 23:59,35.166690826203705
1445,Челябинск,4340,In Transit,31/03/24 23:59,5.050085238599538
1446,Новосибирск,4487,Returned,31/03/24 23:59,-1.9329027331481483
1448,Ижевск,4025,Returned,31/03/24 23:59,6.013000469189815
1450,Омск,818,Delivered,13/02/24 16:49,1.3715277777777777
1452,Новосибирск,5072,Delivered,02/04/24 16:52,-0.7
1453,Тольятти,2175,Returned,31/03/24 23:59,26.22636280047454
1453,Тольятти,2176,Delivered,05/03/24 05:00,1.3479166666666667
1457,Ижевск,3348,Delivered,21/03/24 00:10,2.3333333333333335
1457,Ижевск,3349,Delivered,17/03/24 19:26,0.15625
1458,Самара,4111,Delivered,24/03/24 03:49,-0.5159722222222223
1458,Самара,4708,Returned,31/03/24 23:59,-2.865341048113426
1459,Волгоград,116,In Transit,31/03/24 23:59,72.38740072609954
1464,Саратов,769,In Transit,31/03/24 23:59,50.849663587546296
1468,Омск,1153,Delivered,14/02/24 20:55,-0.10138888888888889
1468,Омск,4225,Delivered,01/04/24 00:02,3.7381944444444444
1471,Москва,372,Delivered,28/01/24 05:52,0.12222222222222222
1471,Москва,373,Delivered,29/01/24 08:07,2.467361111111111
1471,Москва,374,Returned,31/03/24 23:59,62.14188569954862
1472,Тольятти,2370,Delivered,03/03/24 17:44,-0.6458333333333334
1472,Тольятти,2371,Returned,31/03/24 23:59,25.221532547696757
1476,Тюмень,860,In Transit,31/03/24 23:59,51.58071312150463
1478,Тольятти,975,Returned,31/03/24 23:59,46.41231279378472
1483,Москва,1402,Returned,31/03/24 23:59,37.67066986649306
1483,Москва,1403,Returned,31/03/24 23:59,39.839427129212964
1483,Москва,1405,In Transit,31/03/24 23:59,38.23397499251157
1483,Москва,4547,Delivered,02/04/24 20:25,1.8722222222222222
1486,Уфа,630,Delivered,05/02/24 08:35,0.4340277777777778
1490,Екатеринбург,2347,Delivered,05/03/24 15:54,0.7340277777777777
1493,Саратов,2994,Returned,31/03/24 23:59,17.25525201925926
1493,Саратов,4838,Delivered,05/04/24 07:34,3.561111111111111
1493,Саратов,4843,Delivered,05/04/24 17:41,3.0701388888888888
1494,Самара,3846,In Transit,31/03/24 23:59,6.334773573136574
1495,Нижний Новгород,354,In Transit,31/03/24 23:59,64.41844119673611
1495,Нижний Новгород,1320,In Transit,31/03/24 23:59,40.76930858679398
1495,Нижний Новгород,2753,Returned,31/03/24 23:59,17.39114824560185
1496,Уфа,1689,In Transit,31/03/24 23:59,34.11796583114583
1499,Краснодар,2595,Delivered,14/03/24 06:21,2.873611111111111
1502,Краснодар,2396,Delivered,08/03/24 19:15,1.9506944444444445
1502,Краснодар,2397,Delivered,07/03/24 15:31,1.8534722222222222
1508,Волгоград,1292,Delivered,21/02/24 04:48,3.3333333333333335
1508,Волгоград,2799,In Transit,31/03/24 23:59,19.102696748356482
1510,Нижний Новгород,787,In Transit,31/03/24 23:59,53.379238676828706
1510,Нижний Новгород,5101,In Transit,31/03/24 23:59,-3.601664894456018
1510,Нижний Новгород,5102,Delivered,06/04/24 05:02,2.1131944444444444
1512,Екатеринбург,4903,Delivered,03/04/24 13:04,0.33541666666666664
1513,Екатеринбург,2489,Delivered,09/03/24 09:38,1.7972222222222223
1515,Казань,4261,Delivered,27/03/24 07:42,-0.5590277777777778
1515,Казань,4262,Returned,31/03/24 23:59,2.604854327488426
1517,Омск,156,Delivered,19/01/24 11:43,0.8388888888888889
1518,Москва,2508,Returned,31/03/24 23:59,23.856017999849538
1518,Москва,4415,Delivered,28/03/24 08:31,-0.025694444444444443
1518,Москва,4416,Returned,31/03/24 23:59,0.8315526332407407
1523,Самара,3490,Returned,31/03/24 23:59,9.28796624337963
1523,Самара,3492,Delivered,20/03/24 14:45,1.8527777777777779
1524,Пермь,183,Returned,31/03/24 23:59,67.15711100449074
1527,Ростов-на-Дону,981,Returned,31/03/24 23:59,46.3334780805787
1527,Ростов-на-Дону,4375,Delivered,02/04/24 01:19,2.3965277777777776
1528,Санкт-Петербург,2183,In Transit,31/03/24 23:59,26.99466932483796
1529,Тюмень,715,Delivered,07/02/24 14:08,-0.26319444444444445
1529,Тюмень,3708,In Transit,31/03/24 23:59,7.909702940810185
1530,Омск,1197,Delivered,22/02/24 04:04,3.814583333333333
1530,Омск,1198,Delivered,21/02/24 17:32,2.123611111111111
1530,Омск,1199,Delivered,17/02/24 23:51,2.6993055555555556
1531,Ижевск,1799,Delivered,28/02/24 17:39,1.625
1532,Ростов-на-Дону,1698,Delivered,23/02/24 13:22,-0.7368055555555556
1533,Новосибирск,766,Delivered,06/02/24 17:00,0.5333333333333333
1533,Новосибирск,767,Returned,31/03/24 23:59,50.72784490390046
1533,Новосибирск,816,In Transit,31/03/24 23:59,51.15644432076389
1533,Новосибирск,2948,In Transit,31/03/24 23:59,18.24849146980324
1533,Новосибирск,2949,Delivered,12/03/24 01:18,0.19305555555555556
1533,Новосибирск,2950,Delivered,15/03/24 04:37,1.070138888888889
1533,Новосибирск,2951,In Transit,31/03/24 23:59,18.288565668159723
1535,Новосибирск,271,Delivered,28/01/24 03:13,3.1013888888888888
1536,Красноярск,123,Returned,31/03/24 23:59,72.82918576340278
1536,Красноярск,2480,Returned,31/03/24 23:59,20.289170072106483
1540,Ижевск,1570,In Transit,31/03/24 23:59,36.062415534375
1541,Тюмень,3641,In Transit,31/03/24 23:59,9.773077479236111
1541,Тюмень,3646,Delivered,20/03/24 12:36,-0.31527777777777777
1542,Санкт-Петербург,531,Returned,31/03/24 23:59,55.286884030879634
1543,Ростов-на-Дону,1903,Delivered,29/02/24 02:06,1.2555555555555555
1543,Ростов-на-Дону,1906,Returned,31/03/24 23:59,27.82193434494213
1543,Ростов-на-Дону,3301,Returned,31/03/24 23:59,12.694383423437502
1543,Ростов-на-Дону,3302,In Transit,31/03/24 23:59,11.852921928043981
1544,Краснодар,5030,Delivered,07/04/24 17:09,2.201388888888889
1548,Омск,2837,Returned,31/03/24 23:59,17.702580355671298
1549,Воронеж,701,Delivered,09/02/24 17:02,1.2340277777777777
1549,Воронеж,2511,Delivered,06/03/24 07:17,0.07708333333333334
1550,Ижевск,1211,Returned,31/03/24 23:59,40.34171870942129
1550,Ижевск,1212,Returned,31/03/24 23:59,39.79737939792824
1551,Казань,3588,In Transit,31/03/24 23:59,8.745174082719908
1552,Ростов-на-Дону,1870,In Transit,31/03/24 23:59,30.882281674305553
1556,Москва,2298,In Transit,31/03/24 23:59,25.155260014537035
1556,Москва,2301,Delivered,04/03/24 20:42,-0.24375
1558,Тольятти,5092,Returned,31/03/24 23:59,-6.190397817685184
1559,Екатеринбург,1500,Delivered,24/02/24 13:27,3.535416666666667
1563,Самара,149,In Transit,31/03/24 23:59,72.3197752827199
1563,Самара,150,Delivered,20/01/24 22:50,0.5611111111111111
1564,Казань,1205,In Transit,31/03/24 23:59,41.856423832233794
1564,Казань,4882,Delivered,01/04/24 14:33,0.16944444444444445
1565,Казань,165,Returned,31/03/24 23:59,69.44849064030093
1567,,2800,In Transit,31/03/24 23:59,18.777881523425926
1567,,2801,Returned,31/03/24 23:59,18.693038561041668
1567,,4047,Delivered,27/03/24 14:47,1.2222222222222223
1573,Тюмень,2767,Returned,31/03/24 23:59,17.198860277685185
1574,Тольятти,2785,Returned,31/03/24 23:59,20.2106612521875
1576,Саратов,4144,In Transit,31/03/24 23:59,4.776174985532407
1576,Саратов,4145,In Transit,31/03/24 23:59,6.365125862627315
1584,Санкт-Петербург,1004,Delivered,12/02/24 16:25,1.0381944444444444
1589,Нижний Новгород,464,In Transit,31/03/24 23:59,57.99070929002314
1589,Нижний Новгород,468,Delivered,05/02/24 02:49,1.7805555555555554
1590,Тюмень,4653,In Transit,31/03/24 23:59,1.438986348761574
1591,Новосибирск,1129,In Transit,31/03/24 23:59,45.70715067543981
1594,Красноярск,3180,Returned,31/03/24 23:59,15.936645913946759
1595,Омск,1472,In Transit,31/03/24 23:59,39.73247434927083
1596,Ростов-на-Дону,1476,In Transit,31/03/24 23:59,36.61192556506944
1597,Воронеж,1389,Delivered,21/02/24 16:38,-0.3458333333333333
1598,Красноярск,3851,In Transit,31/03/24 23:59,7.7898858009375
1598,Красноярск,3855,Delivered,24/03/24 02:57,2.2618055555555556
1600,Уфа,3827,Returned,31/03/24 23:59,8.251061236273149
1601,Казань,2191,Delivered,05/03/24 02:29,1.2041666666666666
1601,Казань,2192,In Transit,31/03/24 23:59,29.060263737048608
1602,Санкт-Петербург,2576,Delivered,10/03/24 01:00,1.2541666666666667
1603,Ростов-на-Дону,900,In Transit,31/03/24 23:59,49.34203902685185
1603,Ростов-на-Дону,903,In Transit,31/03/24 23:59,49.392309800196756
1606,Нижний Новгород,4834,Delivered,31/03/24 19:41,0.775
1606,Нижний Новгород,4835,Returned,31/03/24 23:59,-0.8902792853819445
1606,Нижний Новгород,4836,Returned,31/03/24 23:59,-1.4403199152430557
1606,Нижний Новгород,4837,In Transit,31/03/24 23:59,-1.7240006590162038
1609,,479,Delivered,04/02/24 15:43,2.9375
1609,,480,Delivered,31/01/24 19:20,1.7402777777777778
1609,,481,Delivered,04/02/24 04:31,0.5319444444444444
1610,Красноярск,2089,In Transit,31/03/24 23:59,28.697178249953705
1612,Тольятти,1256,Returned,31/03/24 23:59,39.007776774166665
1614,Тюмень,184,Delivered,22/01/24 00:00,1.9222222222222223
1614,Тюмень,187,In Transit,31/03/24 23:59,68.74746408167825
1615,Челябинск,3903,Returned,31/03/24 23:59,4.847352980196759
1616,Екатеринбург,3557,Delivered,17/03/24 22:20,-0.575
1617,Ростов-на-Дону,1037,Delivered,19/02/24 06:31,3.470138888888889
1617,Ростов-на-Дону,1039,Delivered,16/02/24 23:14,0.8902777777777777
1618,Краснодар,4927,Returned,31/03/24 23:59,-1.6652304479976852
1621,Тольятти,542,Delivered,31/01/24 17:49,-0.9395833333333333
1621,Тольятти,546,Returned,31/03/24 23:59,56.40179427493055
1624,Красноярск,1542,Delivered,25/02/24 03:12,3.921527777777778
1624,Красноярск,1993,Delivered,29/02/24 21:43,-0.5826388888888889
1626,Екатеринбург,3757,In Transit,31/03/24 23:59,9.041911009004629
1627,Воронеж,3261,In Transit,31/03/24 23:59,14.71542837579861
1627,Воронеж,3262,Delivered,17/03/24 08:00,0.4722222222222222
1629,Нижний Новгород,393,Delivered,30/01/24 11:27,3.276388888888889
1629,Нижний Новгород,510,Delivered,05/02/24 00:59,0.48194444444444445
1631,Челябинск,2412,In Transit,31/03/24 23:59,25.906583621886572
1631,Челябинск,2413,Returned,31/03/24 23:59,24.336724344594906
1632,Казань,918,In Transit,31/03/24 23:59,49.55421218052083
1632,Казань,919,Returned,31/03/24 23:59,47.2068684234375
1635,Челябинск,4758,In Transit,31/03/24 23:59,-2.6853083346064817
1636,Омск,2469,Returned,31/03/24 23:59,21.116592422164352
1637,Омск,4258,In Transit,31/03/24 23:59,2.9343159862847226
1638,Тюмень,635,Delivered,05/02/24 20:06,-0.8236111111111111
1638,Тюмень,636,Returned,31/03/24 23:59,51.285437315300925
1638,Тюмень,3314,In Transit,31/03/24 23:59,12.75168326650463
1639,Нижний Новгород,5006,In Transit,31/03/24 23:59,-4.031988870578704
1639,Нижний Новгород,5010,Delivered,01/04/24 19:34,-0.675
1640,Пермь,4813,In Transit,31/03/24 23:59,-0.2894592281481481
1642,Санкт-Петербург,4367,Returned,31/03/24 23:59,-0.34138695491898147
1644,Нижний Новгород,2892,Delivered,13/03/24 19:45,1.2402777777777778
1644,Нижний Новгород,2897,In Transit,31/03/24 23:59,18.072685962881945
1646,Саратов,864,Returned,31/03/24 23:59,47.87614272765046
1646,Саратов,3280,In Transit,31/03/24 23:59,13.114468149733797
1648,Новосибирск,624,In Transit,31/03/24 23:59,56.55149354199074
1648,Новосибирск,625,Delivered,08/02/24 20:44,3.7291666666666665
1648,Новосибирск,4538,Returned,31/03/24 23:59,-1.7078827639930556
1650,Новосибирск,660,Returned,31/03/24 23:59,51.66780477550926
1650,Новосибирск,664,Delivered,07/02/24 06:36,2.1569444444444446
1650,Новосибирск,1027,Delivered,18/02/24 13:25,3.895138888888889
1650,Новосибирск,1029,In Transit,31/03/24 23:59,45.139956070879634
1654,Челябинск,250,In Transit,31/03/24 23:59,67.8159845483912
1657,Челябинск,2076,Returned,31/03/24 23:59,28.529434199652776
1657,Челябинск,3614,Returned,31/03/24 23:59,9.906534652569444
1658,Ростов-на-Дону,3491,Delivered,19/03/24 12:54,1.0520833333333333
1658,Ростов-на-Дону,3494,In Transit,31/03/24 23:59,10.730432418518518
1658,Ростов-на-Дону,3495,In Transit,31/03/24 23:59,11.171821330856481
1659,Ижевск,256,Delivered,25/01/24 11:00,-0.03958333333333333
1660,Санкт-Петербург,623,Delivered,08/02/24 16:33,1.1354166666666667
1662,Санкт-Петербург,4334,In Transit,31/03/24 23:59,4.656990174722222
1663,Самара,793,In Transit,31/03/24 23:59,49.82364936650463
1664,,2646,In Transit,31/03/24 23:59,20.29808520111111
1664,,2648,Delivered,09/03/24 01:51,-0.6027777777777777
1666,Волгоград,513,Delivered,31/01/24 19:57,0.2534722222222222
1666,Волгоград,586,In Transit,31/03/24 23:59,56.45305004359954
1668,Красноярск,941,Delivered,09/02/24 08:49,-0.25625
1669,Новосибирск,404,Delivered,02/02/24 04:31,3.547222222222222
1670,Челябинск,1260,Delivered,18/02/24 02:48,1.0569444444444445
1670,Челябинск,1261,Delivered,22/02/24 23:53,2.575
1673,Нижний Новгород,777,Delivered,10/02/24 15:40,0.5256944444444445
1678,Воронеж,231,Delivered,21/01/24 17:23,0.15555555555555556
1678,Воронеж,232,Delivered,27/01/24 07:35,1.2722222222222221
1678,Воронеж,234,In Transit,31/03/24 23:59,65.915784378125
1679,Тюмень,2418,Returned,31/03/24 23:59,21.186844490752314
1679,Тюмень,2419,Delivered,07/03/24 11:28,2.2777777777777777
1680,Тюмень,4142,Returned,31/03/24 23:59,5.3931606772685186
1681,Тольятти,689,Delivered,08/02/24 02:32,0.5243055555555556
1682,Пермь,224,Delivered,26/01/24 01:51,3.082638888888889
1682,Пермь,225,Delivered,22/01/24 23:37,1.2958333333333334
1683,Воронеж,5029,Delivered,02/04/24 00:22,-0.30277777777777776
1683,Воронеж,5032,Delivered,02/04/24 18:21,0.7256944444444444
1686,Саратов,4294,Delivered,26/03/24 20:49,1.242361111111111
1687,Саратов,576,Returned,31/03/24 23:59,54.83278909480324
1688,Красноярск,203,In Transit,31/03/24 23:59,69.69842439489584
1688,Красноярск,433,Delivered,31/01/24 09:03,1.1215277777777777
1688,Красноярск,434,In Transit,31/03/24 23:59,59.59129685651621
1689,Уфа,298,Delivered,26/01/24 15:03,0.48819444444444443
1696,Саратов,4658,Delivered,31/03/24 00:30,1.5756944444444445
1696,Саратов,4660,In Transit,31/03/24 23:59,-0.139244086875
1696,Саратов,4663,Returned,31/03/24 23:59,-0.12497049931712963
1697,Екатеринбург,1895,Returned,31/03/24 23:59,29.46165691011574
1697,Екатеринбург,1898,In Transit,31/03/24 23:59,32.929403698599536
1697,Екатеринбург,1899,In Transit,31/03/24 23:59,33.09956171673611
1699,Казань,3013,Delivered,16/03/24 18:42,1.007638888888889
1699,Казань,4525,In Transit,31/03/24 23:59,1.1337199322569445
1701,Самара,869,In Transit,31/03/24 23:59,49.2677276577662
1701,Самара,870,In Transit,31/03/24 23:59,49.251182512245364
1701,Самара,871,Delivered,10/02/24 11:37,1.8888888888888888
1701,Самара,2577,In Transit,31/03/24 23:59,20.896040634976853
1701,Самара,2587,Delivered,13/03/24 08:27,1.90625
1704,Тольятти,291,Delivered,23/01/24 22:58,-0.9
1704,Тольятти,292,In Transit,31/03/24 23:59,66.37705929560185
1705,Краснодар,1163,Returned,31/03/24 23:59,40.87048932540509
1711,Нижний Новгород,652,Returned,31/03/24 23:59,55.39423652553241
1711,Нижний Новгород,657,Returned,31/03/24 23:59,51.983355059108796
1713,Краснодар,163,In Transit,31/03/24 23:59,72.88623745151621
1723,Саратов,209,Delivered,24/01/24 06:02,-0.3277777777777778
1723,Саратов,214,Delivered,24/01/24 13:04,3.6430555555555557
1723,Саратов,215,Delivered,21/01/24 05:30,-0.5840277777777778
1724,Воронеж,702,In Transit,31/03/24 23:59,54.08564771567129
1724,Воронеж,703,Returned,31/03/24 23:59,52.069495583287036
1724,Воронеж,4662,Returned,31/03/24 23:59,-3.4524198422685184
1725,Новосибирск,986,Delivered,15/02/24 17:26,0.4513888888888889
1725,Новосибирск,1782,Delivered,26/02/24 05:17,1.225
1726,Омск,216,Returned,31/03/24 23:59,66.67678733903935
1726,Омск,287,Delivered,26/01/24 11:43,-0.17569444444444443
1726,Омск,289,Returned,31/03/24 23:59,67.04558659218749
1726,Омск,483,Delivered,02/02/24 00:52,1.3611111111111112
1727,Екатеринбург,1259,Delivered,20/02/24 07:04,3.2180555555555554
1730,Казань,755,Delivered,09/02/24 11:57,0.6895833333333333
1730,Казань,4446,Delivered,29/03/24 06:11,-0.3951388888888889
1730,Казань,4814,Delivered,03/04/24 10:30,2.1729166666666666
1733,Ижевск,4701,In Transit,31/03/24 23:59,-1.5149544807060185
1734,Ижевск,386,Returned,31/03/24 23:59,61.412640051655096
1734,Ижевск,3311,Delivered,23/03/24 21:10,3.9590277777777776
1734,Ижевск,5047,Returned,31/03/24 23:59,-7.3722420893865745
1735,Краснодар,333,In Transit,31/03/24 23:59,66.18996077137732
1736,Воронеж,4529,Returned,31/03/24 23:59,-1.815124286863426
1737,Москва,2460,Delivered,06/03/24 19:09,0.8493055555555555
1738,Казань,977,Returned,31/03/24 23:59,46.43012266534722
1738,Казань,978,In Transit,31/03/24 23:59,47.85658483875
1740,Нижний Новгород,1447,Delivered,23/02/24 00:59,3.1152777777777776
1740,Нижний Новгород,1658,Returned,31/03/24 23:59,32.49752985380787
1740,Нижний Новгород,1659,In Transit,31/03/24 23:59,35.50069401855324
1740,Нижний Новгород,4031,Delivered,26/03/24 04:25,0.7305555555555555
1744,Воронеж,2859,Delivered,09/03/24 17:03,-0.9993055555555556
1745,Омск,5018,Returned,31/03/24 23:59,-5.079595550185185
1747,Волгоград,4510,Delivered,29/03/24 04:15,1.2291666666666667
1748,Нижний Новгород,2172,In Transit,31/03/24 23:59,29.565714779097224
1750,Красноярск,423,In Transit,31/03/24 23:59,61.41766450988426
1752,Новосибирск,1003,Returned,31/03/24 23:59,44.90028354416667
1753,Ижевск,176,Delivered,21/01/24 19:40,0.24305555555555555
1754,Москва,2783,In Transit,31/03/24 23:59,20.98224832392361
1755,Саратов,876,In Transit,31/03/24 23:59,49.269946089699076
1760,Волгоград,3211,Delivered,16/03/24 09:06,1.2680555555555555
1760,Волгоград,3603,Delivered,17/03/24 13:00,-0.9527777777777777
1761,Воронеж,686,Returned,31/03/24 23:59,53.693953179039354
1765,Самара,432,Delivered,01/02/24 03:47,1.2256944444444444
1769,Тольятти,3240,Returned,31/03/24 23:59,14.016097522499999
1769,Тольятти,3248,Delivered,20/03/24 23:35,1.5430555555555556
1769,Тольятти,3251,Delivered,18/03/24 23:46,0.9958333333333333
1771,Краснодар,3305,Delivered,22/03/24 18:39,3.3541666666666665
1772,Воронеж,283,Delivered,27/01/24 12:00,-0.0763888888888889
1772,Воронеж,284,In Transit,31/03/24 23:59,65.74578991363425
1775,Волгоград,1201,Delivered,15/02/24 01:29,-0.5444444444444444
1778,Нижний Новгород,1656,In Transit,31/03/24 23:59,34.54887527130787
1779,Уфа,348,Delivered,28/01/24 14:02,2.8680555555555554
1786,Москва,3764,In Transit,31/03/24 23:59,7.2331120949652785
1787,Екатеринбург,2637,In Transit,31/03/24 23:59,21.989810391215276
1791,Москва,856,Delivered,15/02/24 02:23,3.359722222222222
1794,Екатеринбург,1036,Delivered,11/02/24 03:44,-0.3333333333333333
1794,Екатеринбург,4760,In Transit,31/03/24 23:59,-2.6104132189351854
1798,Красноярск,1105,Returned,31/03/24 23:59,44.11199582631944
1800,Красноярск,497,Delivered,03/02/24 08:39,-0.4215277777777778
1800,Красноярск,498,In Transit,31/03/24 23:59,57.4445765971412
1803,Омск,3842,In Transit,31/03/24 23:59,9.874002205115742
1804,Тюмень,945,Returned,31/03/24 23:59,45.9298631672338
1808,Омск,1382,In Transit,31/03/24 23:59,39.16694479560185
1808,Омск,1387,Delivered,21/02/24 18:15,2.326388888888889
1810,Ростов-на-Дону,967,In Transit,31/03/24 23:59,48.27518077880787
1810,Ростов-на-Дону,968,Returned,31/03/24 23:59,48.161164277118054
1810,Ростов-на-Дону,969,Delivered,14/02/24 08:34,0.06180555555555556
1810,Ростов-на-Дону,2747,Delivered,12/03/24 14:03,0.7680555555555556
1813,Казань,492,Returned,31/03/24 23:59,56.473348601666665
1813,Казань,494,In Transit,31/03/24 23:59,56.754278560023145
1815,Пермь,902,Delivered,13/02/24 21:43,1.3854166666666667
1815,Пермь,3168,Returned,31/03/24 23:59,14.067183202233796
1815,Пермь,3169,Delivered,17/03/24 11:42,0.4701388888888889
1817,,3691,Returned,31/03/24 23:59,7.490510825902777
1817,,3693,In Transit,31/03/24 23:59,9.646348711157406
1817,,3701,Delivered,26/03/24 00:02,1.8159722222222223
1819,Пермь,1298,Returned,31/03/24 23:59,40.57927475282407
1819,Пермь,2535,Delivered,08/03/24 09:40,0.7993055555555556
1821,Омск,1565,Delivered,27/02/24 06:34,2.495833333333333
1822,Москва,3541,Returned,31/03/24 23:59,10.365535693460648
1826,Казань,285,Delivered,23/01/24 12:34,-0.4152777777777778
1827,Ижевск,957,Returned,31/03/24 23:59,45.93698745231482
1828,Уфа,1571,Returned,31/03/24 23:59,35.07938057577546
1828,Уфа,2497,Delivered,05/03/24 20:57,-0.9395833333333333
1828,Уфа,2498,Returned,31/03/24 23:59,22.043701931053242
1829,Омск,1884,Delivered,01/03/24 03:29,0.9166666666666666
1832,Воронеж,547,Returned,31/03/24 23:59,57.148885456238425
1833,Челябинск,3058,Delivered,14/03/24 08:34,0.8027777777777778
1833,Челябинск,3059,Delivered,14/03/24 15:32,-0.5118055555555555
1835,Ростов-на-Дону,314,Delivered,26/01/24 00:53,0.6881944444444444
1835,Ростов-на-Дону,315,In Transit,31/03/24 23:59,63.28472903427084
1835,Ростов-на-Дону,318,Returned,31/03/24 23:59,65.48709143280092
1835,Ростов-на-Дону,650,Delivered,09/02/24 18:54,3.8493055555555555
1838,Самара,2098,Returned,31/03/24 23:59,29.953880778784725
1839,Краснодар,4960,Delivered,04/04/24 11:38,-0.1701388888888889
1843,Санкт-Петербург,3102,Returned,31/03/24 23:59,16.06297266451389
1846,Челябинск,3560,Returned,31/03/24 23:59,9.273468625162037
1846,Челябинск,3561,Returned,31/03/24 23:59,12.164786205462962
1848,Тольятти,5046,Delivered,06/04/24 05:10,0.007638888888888889
1849,Нижний Новгород,3721,Delivered,25/03/24 20:08,1.992361111111111
1853,Ижевск,3933,Delivered,22/03/24 14:08,-0.2965277777777778
1855,Тюмень,795,Delivered,09/02/24 00:13,1.3881944444444445
1856,Казань,1802,Returned,31/03/24 23:59,
1856,Казань,1803,Delivered,03/03/24 04:43,3.6777777777777776
1857,Челябинск,2590,Delivered,10/03/24 09:27,-0.3402777777777778
1859,Волгоград,1016,Returned,31/03/24 23:59,43.9295817190625
1860,Новосибирск,2029,Delivered,29/02/24 07:32,0.09097222222222222
1862,Омск,1235,Delivered,21/02/24 02:12,1.7451388888888888
1869,Краснодар,1452,Delivered,22/02/24 20:50,1.6222222222222222
1870,Тюмень,409,Delivered,03/02/24 22:10,3.3694444444444445
1874,Краснодар,403,Returned,31/03/24 23:59,60.064952664918984
1874,Краснодар,622,Returned,31/03/24 23:59,55.72254336040509
1875,Санкт-Петербург,3582,Delivered,20/03/24 21:10,0.33125
1876,Санкт-Петербург,587,Delivered,03/02/24 03:40,1.1756944444444444
1876,Санкт-Петербург,589,Delivered,06/02/24 18:08,1.5027777777777778
1876,Санкт-Петербург,591,In Transit,31/03/24 23:59,55.17591984697916
1876,Санкт-Петербург,1800,In Transit,31/03/24 23:59,32.71798143773148
1877,Омск,784,Returned,31/03/24 23:59,50.90827413056713
1877,Омск,4138,Delivered,25/03/24 01:20,-0.3194444444444444
1879,Краснодар,3049,Delivered,18/03/24 10:55,1.2513888888888889
1879,Краснодар,3055,Delivered,19/03/24 10:35,3.2423611111111112
1879,Краснодар,3787,Delivered,24/03/24 01:02,1.2444444444444445
1879,Краснодар,3791,In Transit,31/03/24 23:59,8.723622364421297
1880,Краснодар,2274,In Transit,31/03/24 23:59,24.992234798368056
1883,Челябинск,2310,Delivered,03/03/24 22:36,0.3611111111111111
1883,Челябинск,2313,Delivered,04/03/24 12:05,-0.6097222222222223
1884,Нижний Новгород,1622,Delivered,26/02/24 16:28,3.5305555555555554
1885,Уфа,601,Delivered,08/02/24 23:30,3.7270833333333333
1885,Уфа,1821,In Transit,31/03/24 23:59,35.06734569087963
1885,Уфа,1822,In Transit,31/03/24 23:59,31.590123200763887
1886,Ростов-на-Дону,2434,Returned,31/03/24 23:59,24.997507639618053
1886,Ростов-на-Дону,2436,Delivered,08/03/24 05:57,1.8333333333333333
1888,Омск,905,Delivered,08/02/24 15:16,-0.5402777777777777
1889,Пермь,569,Delivered,04/02/24 13:26,1.8743055555555554
1889,Пермь,570,Delivered,05/02/24 00:14,-0.33055555555555555
1889,Пермь,1572,Delivered,20/02/24 20:21,-0.6847222222222222
1897,Уфа,2710,Returned,31/03/24 23:59,21.610571856249997
1897,Уфа,2711,Delivered,12/03/24 16:27,1.0520833333333333
1906,Казань,1864,Delivered,29/02/24 19:07,0.25416666666666665
1908,Челябинск,913,Delivered,12/02/24 19:14,1.6145833333333333
1908,Челябинск,2006,Delivered,29/02/24 23:50,0.9104166666666667
1910,Омск,263,Delivered,23/01/24 16:03,-0.9701388888888889
1910,Омск,264,Delivered,26/01/24 15:24,-0.09722222222222222
1911,Нижний Новгород,873,Delivered,10/02/24 15:59,1.11875
1911,Нижний Новгород,3358,Delivered,16/03/24 04:58,-0.7402777777777778
1911,Нижний Новгород,3361,Delivered,16/03/24 12:49,-0.22361111111111112
1916,Красноярск,2277,In Transit,31/03/24 23:59,26.42042560668981
1917,Ростов-на-Дону,648,Delivered,06/02/24 13:46,1.2756944444444445
1918,Челябинск,619,Delivered,03/02/24 20:13,-0.5361111111111111
1922,Екатеринбург,1174,Delivered,16/02/24 03:11,0.41041666666666665
1922,Екатеринбург,4125,In Transit,31/03/24 23:59,6.787154846909722
1923,Саратов,2570,Returned,31/03/24 23:59,22.831768674386574
1923,Саратов,2572,Delivered,07/03/24 23:58,-0.09375
1925,Ростов-на-Дону,1759,Returned,31/03/24 23:59,33.745158618680556
1931,Санкт-Петербург,850,Returned,31/03/24 23:59,47.40576609118056
1932,Казань,4349,In Transit,31/03/24 23:59,3.1898260382986114
1932,Казань,4352,Delivered,28/03/24 14:50,2.5756944444444443
1934,Воронеж,4126,Returned,31/03/24 23:59,3.7149162238541664
1937,Краснодар,2308,Delivered,05/03/24 16:24,1.7416666666666667
1938,Ростов-на-Дону,496,Returned,31/03/24 23:59,56.691484780486114
1941,Казань,4490,Delivered,01/04/24 20:42,0.79375
1942,Ижевск,320,Returned,31/03/24 23:59,65.22624429813658
1943,Воронеж,4238,In Transit,31/03/24 23:59,2.938840958101852
1945,Пермь,1435,Delivered,18/02/24 03:29,-0.5506944444444445
1945,Пермь,4019,Delivered,26/03/24 08:59,1.0083333333333333
1945,Пермь,4021,Delivered,26/03/24 15:34,0.3284722222222222
1945,Пермь,4026,Delivered,28/03/24 11:56,2.613888888888889
1947,Ростов-на-Дону,1135,In Transit,31/03/24 23:59,43.95142524023148
1947,Ростов-на-Дону,1136,Delivered,17/02/24 01:25,0.6256944444444444
1947,Ростов-на-Дону,1137,Delivered,19/02/24 22:48,1.5194444444444444
1947,Ростов-на-Дону,2533,In Transit,31/03/24 23:59,24.346988602337962
1948,Краснодар,1746,In Transit,31/03/24 23:59,35.89983729821759
1949,Омск,2126,In Transit,31/03/24 23:59,26.6963185934375
1951,Екатеринбург,1096,Returned,31/03/24 23:59,44.87145808077546
1952,Самара,446,Delivered,30/01/24 13:56,-0.44513888888888886
1952,Самара,448,Delivered,05/02/24 17:11,3.609027777777778
1953,Ростов-на-Дону,2294,Delivered,08/03/24 06:43,1.601388888888889
1953,Ростов-на-Дону,2295,In Transit,31/03/24 23:59,26.823986720243056
1954,Нижний Новгород,442,Returned,31/03/24 23:59,60.46549653581018
1954,Нижний Новгород,443,Returned,31/03/24 23:59,57.631287437349535
1956,Саратов,1509,Delivered,26/02/24 06:00,3.297222222222222
1956,Саратов,1510,Delivered,23/02/24 22:57,2.7666666666666666
1957,Ростов-на-Дону,265,Delivered,24/01/24 23:04,1.1944444444444444
1957,Ростов-на-Дону,266,Delivered,25/01/24 13:11,1.6520833333333333
1957,Ростов-на-Дону,267,Delivered,23/01/24 13:39,-0.18958333333333333
1957,Ростов-на-Дону,530,In Transit,31/03/24 23:59,58.18644391498842
1958,Челябинск,845,Delivered,09/02/24 06:21,0.5159722222222223
1958,Челябинск,3810,In Transit,31/03/24 23:59,9.337050122615741
1959,Ижевск,4061,Delivered,27/03/24 18:16,1.1944444444444444
1962,Самара,4127,Returned,31/03/24 23:59,2.9026719460648147
1963,Омск,822,Returned,31/03/24 23:59,50.67475067210648
1964,Самара,4143,Delivered,25/03/24 07:09,0.013888888888888888
1965,Саратов,351,Returned,31/03/24 23:59,63.41763393659723
1966,Самара,1357,In Transit,31/03/24 23:59,40.359185887106484
1967,Ростов-на-Дону,681,Delivered,07/02/24 11:52,-0.19583333333333333
1967,Ростов-на-Дону,3380,Delivered,18/03/24 02:32,-0.24583333333333332
1968,Тюмень,246,In Transit,31/03/24 23:59,66.53823065415509
1969,Ижевск,2383,Returned,31/03/24 23:59,23.375370858217593
1972,Ростов-на-Дону,2060,In Transit,31/03/24 23:59,31.039142723368055
1972,Ростов-на-Дону,3404,Delivered,23/03/24 06:37,2.9659722222222222
1972,Ростов-на-Дону,3406,In Transit,31/03/24 23:59,11.522203586805555
1972,Ростов-на-Дону,3408,Returned,31/03/24 23:59,12.662711845532408
1974,Ижевск,738,In Transit,31/03/24 23:59,54.27300040459491
1974,Ижевск,3257,Returned,31/03/24 23:59,12.983714854710646
1975,Красноярск,1990,In Transit,31/03/24 23:59,31.544661425069446
1977,Челябинск,400,Delivered,30/01/24 10:16,-0.1375
1981,Красноярск,2853,Delivered,12/03/24 22:57,1.7236111111111112
1983,Ижевск,3540,Returned,31/03/24 23:59,11.360134725127315
1986,Краснодар,1613,Delivered,25/02/24 23:39,1.8888888888888888
1987,Уфа,1040,Delivered,12/02/24 21:01,0.8138888888888889
1987,Уфа,1041,Delivered,15/02/24 19:00,0.4756944444444444
1987,Уфа,4099,Delivered,27/03/24 13:40,1.851388888888889
1989,Саратов,1962,Returned,31/03/24 23:59,28.840322579756947
1990,Ижевск,4816,In Transit,31/03/24 23:59,-2.4078389914699074
1990,Ижевск,4817,Delivered,08/04/24 05:56,3.703472222222222
1991,Челябинск,2618,Delivered,11/03/24 08:53,0.19305555555555556
1991,Челябинск,4598,Returned,31/03/24 23:59,-1.7621953788425924
1994,Ростов-на-Дону,1956,Delivered,29/02/24 23:25,1.8152777777777778
1994,Ростов-на-Дону,1959,Delivered,01/03/24 19:23,-0.46319444444444446
1997,Воронеж,1728,Delivered,26/02/24 12:53,-0.6923611111111111
1997,Воронеж,1729,Delivered,28/02/24 12:20,0.9736111111111111
1998,Казань,3409,Delivered,20/03/24 21:18,0.9583333333333334
1998,Казань,3411,Delivered,22/03/24 06:16,1.6506944444444445
2000,Новосибирск,932,Delivered,12/02/24 17:10,1.5604166666666666
2000,Новосибирск,933,In Transit,31/03/24 23:59,49.23750535336806
2000,Новосибирск,934,Delivered,15/02/24 01:48,3.341666666666667
2001,Краснодар,1359,In Transit,31/03/24 23:59,42.16931448829861
2001,Краснодар,1360,Returned,31/03/24 23:59,38.144964046736106
2005,Москва,259,Delivered,27/01/24 05:36,0.7895833333333333
2005,Москва,4157,Returned,31/03/24 23:59,5.399193610150463
2006,Тюмень,1108,Delivered,15/02/24 18:23,-0.47430555555555554
2007,Ижевск,1132,Delivered,16/02/24 00:46,1.2034722222222223
2010,Новосибирск,1010,Delivered,13/02/24 14:56,0.6069444444444444
2011,Ижевск,3843,Delivered,25/03/24 00:04,-0.6423611111111112
2013,Нижний Новгород,3838,Delivered,27/03/24 03:02,1.6930555555555555
2015,Тюмень,4263,In Transit,31/03/24 23:59,1.9845491286574075
2016,Саратов,2178,In Transit,31/03/24 23:59,26.26364081853009
2021,Пермь,2027,Returned,31/03/24 23:59,28.459888420590275
2022,Москва,3263,Returned,31/03/24 23:59,14.738771929201388
2022,Москва,3266,In Transit,31/03/24 23:59,12.892085687025462
2022,Москва,4242,Delivered,30/03/24 05:13,0.8631944444444445
2026,Самара,1538,In Transit,31/03/24 23:59,37.13339294582176
2026,Самара,1539,In Transit,31/03/24 23:59,37.04483777107639
2028,Краснодар,3705,Returned,31/03/24 23:59,6.032426691319444
2028,Краснодар,3706,In Transit,31/03/24 23:59,7.7564906604166675
2029,,4900,Delivered,06/04/24 14:09,1.5916666666666666
2029,,4901,Returned,31/03/24 23:59,-1.8505379139814815
2032,Москва,680,Delivered,09/02/24 10:52,3.1333333333333333
2034,Челябинск,274,Delivered,28/01/24 09:02,1.0277777777777777
2038,Омск,3051,In Transit,31/03/24 23:59,17.083971246805554
2040,Новосибирск,1541,Returned,31/03/24 23:59,35.64356370934028
2040,Новосибирск,1543,Delivered,23/02/24 16:24,2.2152777777777777
2040,Новосибирск,1544,In Transit,31/03/24 23:59,39.404527678599536
2040,Новосибирск,1545,Delivered,21/02/24 20:52,-0.5319444444444444
2040,Новосибирск,3695,Delivered,22/03/24 21:58,1.4090277777777778
2048,Уфа,2113,Returned,31/03/24 23:59,26.00496556880787
2049,Омск,317,Delivered,28/01/24 19:14,1.2826388888888889
2050,Ижевск,2805,In Transit,31/03/24 23:59,20.702303392650464
2050,Ижевск,2806,Delivered,13/03/24 06:55,0.9381944444444444
2051,Екатеринбург,331,In Transit,31/03/24 23:59,65.60884046678241
2052,Красноярск,1006,Returned,31/03/24 23:59,45.59706793898148
2052,Красноярск,1007,Delivered,15/02/24 05:58,-0.18958333333333333
2054,Москва,1230,Delivered,18/02/24 01:21,-0.325
2056,Санкт-Петербург,5001,In Transit,31/03/24 23:59,-3.8810022193518514
2056,Санкт-Петербург,5005,Delivered,05/04/24 03:09,0.8013888888888889
2057,Ростов-на-Дону,855,Returned,31/03/24 23:59,49.510982667685184
2058,Волгоград,308,Returned,31/03/24 23:59,62.04146249748843
2058,Волгоград,2114,Delivered,04/03/24 16:53,3.115972222222222
2058,Волгоград,2119,Delivered,01/03/24 18:55,-0.27569444444444446
2061,Волгоград,1739,Returned,31/03/24 23:59,34.04761744599537
2066,Ижевск,3025,Delivered,20/03/24 09:44,3.154861111111111
2067,Омск,1767,In Transit,31/03/24 23:59,35.84422876111111
2068,Уфа,2348,Returned,31/03/24 23:59,25.559480546018516
2068,Уфа,5045,In Transit,31/03/24 23:59,-5.04106769755787
2068,Уфа,5049,Delivered,04/04/24 15:11,-0.28125
2069,Тюмень,993,Delivered,13/02/24 22:54,0.059722222222222225
2069,Тюмень,995,Delivered,15/02/24 07:22,0.2326388888888889
2069,Тюмень,996,Delivered,13/02/24 21:54,0.5166666666666667
2071,Воронеж,3066,Delivered,13/03/24 04:50,-0.14583333333333334
2071,Воронеж,3067,Delivered,18/03/24 17:17,2.75625
2074,Омск,1071,Returned,31/03/24 23:59,45.62249173334491
2078,Ростов-на-Дону,1464,Delivered,18/02/24 08:59,-0.6243055555555556
2079,Санкт-Петербург,633,Delivered,07/02/24 11:46,1.1777777777777778
2081,Воронеж,1185,Returned,31/03/24 23:59,42.14951200798611
2083,Тюмень,2140,Returned,31/03/24 23:59,28.56830120605324
2083,Тюмень,2142,Returned,31/03/24 23:59,27.100125135497684
2085,Ростов-на-Дону,3343,Returned,31/03/24 23:59,11.889068295671295
2087,Екатеринбург,1824,Returned,31/03/24 23:59,30.17702985047454
2090,Воронеж,2237,In Transit,31/03/24 23:59,28.982865864594906
2092,Пермь,1048,In Transit,31/03/24 23:59,45.90836427408565
2092,Пермь,1049,Delivered,13/02/24 14:52,-0.35
2094,Краснодар,3426,Delivered,20/03/24 17:28,-0.2923611111111111
2094,Краснодар,3427,In Transit,31/03/24 23:59,13.12712657695602
2094,Краснодар,3768,In Transit,31/03/24 23:59,6.9886285585416665
2094,Краснодар,3774,In Transit,31/03/24 23:59,7.106267905104167
2095,Челябинск,907,In Transit,31/03/24 23:59,48.16379203453704
2095,Челябинск,908,Delivered,10/02/24 21:09,1.4340277777777777
2095,Челябинск,909,Delivered,15/02/24 04:59,1.6916666666666667
2099,Санкт-Петербург,1336,Delivered,23/02/24 07:34,1.81875
2102,Екатеринбург,3525,Returned,31/03/24 23:59,10.653161508935185
2103,Ростов-на-Дону,1881,In Transit,31/03/24 23:59,31.474277041377317
2104,Новосибирск,4750,In Transit,31/03/24 23:59,-0.6740064356250001
2104,Новосибирск,4751,In Transit,31/03/24 23:59,0.5342787094328704
2106,Пермь,548,Delivered,02/02/24 19:03,-0.8513888888888889
2113,Ростов-на-Дону,789,Delivered,11/02/24 05:27,-0.20416666666666666
2115,Омск,2729,Delivered,12/03/24 10:03,0.40347222222222223
2117,Красноярск,3637,In Transit,31/03/24 23:59,8.54308525346065
2117,Красноярск,3638,Delivered,23/03/24 23:22,0.7631944444444444
2121,Ростов-на-Дону,2659,Returned,31/03/24 23:59,22.337062756863425
2121,Ростов-на-Дону,4951,Delivered,02/04/24 07:18,0.7826388888888889
2121,Ростов-на-Дону,4954,Delivered,07/04/24 12:14,1.7569444444444444
2121,Ростов-на-Дону,4955,In Transit,31/03/24 23:59,-3.015627236203704
2122,Самара,964,Delivered,13/02/24 11:44,0.6965277777777777
2122,Самара,1072,In Transit,31/03/24 23:59,46.68048542862269
2123,Челябинск,4240,In Transit,31/03/24 23:59,4.65645293394676
2124,Ростов-на-Дону,2515,Delivered,05/03/24 11:19,-0.6618055555555555
2124,Ростов-на-Дону,2516,In Transit,31/03/24 23:59,24.766976305208335
2124,Ростов-на-Дону,2589,Delivered,08/03/24 01:14,0.22916666666666666
2124,Ростов-на-Дону,3116,Delivered,20/03/24 16:55,3.942361111111111
2124,Ростов-на-Дону,3117,In Transit,31/03/24 23:59,14.470603729282407
2128,Уфа,2424,Delivered,07/03/24 17:55,1.9305555555555556
2129,Воронеж,575,In Transit,31/03/24 23:59,55.3380305371875
2135,Челябинск,2476,Delivered,07/03/24 21:02,-0.5520833333333334
2136,Волгоград,1091,Delivered,16/02/24 13:13,-0.7680555555555556
2141,Екатеринбург,1005,Returned,31/03/24 23:59,43.80728271068287
2143,Красноярск,2132,Delivered,04/03/24 23:01,-0.33125
2143,Красноярск,2526,Returned,31/03/24 23:59,22.253989091064813
2143,Красноярск,2529,Delivered,10/03/24 22:08,-0.23680555555555555
2145,Воронеж,1762,Delivered,26/02/24 00:32,1.0048611111111112
2145,Воронеж,1764,Delivered,27/02/24 16:31,3.6770833333333335
2145,Воронеж,1766,Returned,31/03/24 23:59,34.037298278668985
2148,Краснодар,3985,Returned,31/03/24 23:59,3.4156502678819445
2150,Тольятти,615,Delivered,06/02/24 08:44,1.7631944444444445
2150,Тольятти,1951,Delivered,04/03/24 06:56,2.5284722222222222
2150,Тольятти,1953,Returned,31/03/24 23:59,30.56111341849537
2152,Краснодар,339,Delivered,27/01/24 03:58,-0.6965277777777777
2152,Краснодар,340,Delivered,27/01/24 16:18,-0.8034722222222223
2154,Воронеж,1145,Returned,31/03/24 23:59,42.86385289252315
2154,Воронеж,3699,Delivered,22/03/24 03:53,-0.5743055555555555
2157,Нижний Новгород,1026,Delivered,13/02/24 23:39,0.47291666666666665
2158,Пермь,2072,Returned,31/03/24 23:59,27.547469217708336
2162,Самара,2075,Delivered,05/03/24 10:09,2.1069444444444443
2162,Самара,2077,Delivered,04/03/24 05:43,0.7791666666666667
2166,Тюмень,4158,Returned,31/03/24 23:59,4.633970921145833
2169,Казань,2842,Delivered,15/03/24 11:10,0.3597222222222222
2169,Казань,2843,Delivered,12/03/24 12:12,0.9506944444444444
2170,Красноярск,4571,In Transit,31/03/24 23:59,0.8558284866898148
2170,Красноярск,4575,Returned,31/03/24 23:59,-1.0938019924768518
2170,Красноярск,4578,Delivered,02/04/24 06:34,1.5520833333333333
2179,Самара,1776,Returned,31/03/24 23:59,34.92826275387731
2180,Красноярск,4874,Delivered,02/04/24 08:28,0.3284722222222222
2184,Казань,1169,In Transit,31/03/24 23:59,44.97183444474537
2184,Казань,1170,Delivered,16/02/24 22:59,-0.6194444444444445
2184,Казань,3315,Returned,31/03/24 23:59,11.48156105201389
2185,Москва,1302,Delivered,18/02/24 09:52,0.7895833333333333
2186,Казань,2340,In Transit,31/03/24 23:59,24.268192994328704
2187,Челябинск,3620,Returned,31/03/24 23:59,10.45648578349537
2188,Красноярск,3656,Returned,31/03/24 23:59,7.931976395578704
2191,Москва,3698,In Transit,31/03/24 23:59,9.91755407087963
2191,Москва,3700,Delivered,23/03/24 03:57,-0.8243055555555555
2197,Челябинск,2689,Delivered,13/03/24 08:29,1.6888888888888889
2199,Ижевск,1814,Delivered,28/02/24 01:48,2.359027777777778
2199,Ижевск,1815,Delivered,29/02/24 03:03,1.9201388888888888
2199,Ижевск,2704,Delivered,13/03/24 22:51,1.136111111111111
2199,Ижевск,2706,In Transit,31/03/24 23:59,21.38307426853009
2200,Уфа,1140,Delivered,19/02/24 16:35,1.34375
2201,Ростов-на-Дону,3782,Returned,31/03/24 23:59,7.6101923491203705
2202,Ростов-на-Дону,1490,In Transit,31/03/24 23:59,37.57308001150463
2202,Ростов-на-Дону,2040,In Transit,31/03/24 23:59,29.40637902476852
2203,Красноярск,2543,Delivered,08/03/24 04:35,0.18680555555555556
2203,Красноярск,4162,Delivered,25/03/24 01:52,-0.66875
2203,Красноярск,4170,Delivered,29/03/24 03:08,1.6319444444444444
2204,Тюмень,4278,Returned,31/03/24 23:59,-0.40293623107638893
2204,Тюмень,4279,Returned,31/03/24 23:59,2.7945440820138887
2204,Тюмень,4280,Returned,31/03/24 23:59,0.6042357917824074
2205,Казань,561,Delivered,05/02/24 18:52,0.6354166666666666
2207,Волгоград,4582,Delivered,28/03/24 20:45,-0.17847222222222223
2207,Волгоград,4892,Returned,31/03/24 23:59,-5.334445060081019
2207,Волгоград,4894,Delivered,02/04/24 20:59,1.89375
2208,Пермь,1025,In Transit,31/03/24 23:59,47.686195454189814
2209,Челябинск,360,Delivered,27/01/24 07:56,-0.7798611111111111
2216,Воронеж,3749,Delivered,25/03/24 12:33,2.3722222222222222
2218,Казань,658,Delivered,03/02/24 04:32,-0.38680555555555557
2219,Волгоград,3454,Returned,31/03/24 23:59,10.368932426053242
2221,Воронеж,1862,Delivered,28/02/24 10:35,1.2229166666666667
2221,Воронеж,1863,In Transit,31/03/24 23:59,30.820735396261572
2224,Екатеринбург,3023,Delivered,11/03/24 17:03,-0.9916666666666667
2225,Санкт-Петербург,741,Delivered,12/02/24 10:30,3.076388888888889
2225,Санкт-Петербург,742,In Transit,31/03/24 23:59,51.26038507453704
2225,Санкт-Петербург,1062,In Transit,31/03/24 23:59,44.588882833692125
2226,Нижний Новгород,1177,In Transit,31/03/24 23:59,41.86368544866898
2226,Нижний Новгород,1179,Returned,31/03/24 23:59,43.525605943275465
2229,Москва,562,Delivered,10/02/24 01:41,3.725
2229,Москва,563,Returned,31/03/24 23:59,56.320204646168975
2230,Ижевск,3231,Delivered,18/03/24 20:42,-0.22569444444444445
2230,Ижевск,4234,Returned,31/03/24 23:59,3.070637724826389
2231,Санкт-Петербург,356,Returned,31/03/24 23:59,59.962791467268524
2233,Ростов-на-Дону,1598,Delivered,26/02/24 03:31,0.14166666666666666
2233,Ростов-на-Дону,1600,Delivered,24/02/24 17:37,1.2652777777777777
2234,Нижний Новгород,332,In Transit,31/03/24 23:59,64.03801977953704
2239,Челябинск,1128,Delivered,19/02/24 22:12,2.56875
2239,Челябинск,3657,Delivered,22/03/24 17:15,0.9451388888888889
2242,Санкт-Петербург,682,Delivered,03/02/24 21:06,-0.4479166666666667
2244,Омск,322,Delivered,28/01/24 10:50,-0.041666666666666664
2244,Омск,323,Delivered,30/01/24 11:50,1.2472222222222222
2246,Ижевск,3424,Delivered,22/03/24 14:29,1.5347222222222223
2249,Тольятти,5095,In Transit,31/03/24 23:59,-3.9719880973611112
2253,Самара,417,Delivered,02/02/24 22:46,1.9708333333333334
2255,Тольятти,329,Delivered,27/01/24 09:39,1.5805555555555555
2260,Москва,1618,Delivered,23/02/24 04:12,-0.6972222222222222
2261,Красноярск,381,Delivered,30/01/24 00:41,-0.4861111111111111
2261,Красноярск,1949,Delivered,03/03/24 12:04,1.9506944444444445
2264,Москва,3148,Returned,31/03/24 23:59,12.859535988506945
2265,Омск,1470,Delivered,24/02/24 08:09,2.879166666666667
2270,Ижевск,3959,In Transit,31/03/24 23:59,7.760128150416667
2272,Самара,1563,Delivered,24/02/24 21:13,0.6805555555555556
2272,Самара,2074,In Transit,31/03/24 23:59,31.221720391770834
2274,Воронеж,504,Delivered,04/02/24 05:14,2.676388888888889
2274,Воронеж,2686,Returned,31/03/24 23:59,20.66475910278935
2275,Челябинск,1328,In Transit,31/03/24 23:59,42.53671263263889
2276,Екатеринбург,444,Delivered,04/02/24 00:16,2.08125
2276,Екатеринбург,445,Delivered,02/02/24 04:18,-0.3784722222222222
2276,Екатеринбург,1064,Delivered,11/02/24 13:03,-0.5972222222222222
2276,Екатеринбург,1065,In Transit,31/03/24 23:59,46.254078046099536
2279,Воронеж,1550,Returned,31/03/24 23:59,35.386342223854165
2279,Воронеж,1553,Returned,31/03/24 23:59,33.59983615949074
2285,Уфа,2761,Delivered,14/03/24 22:28,1.3819444444444444
2287,Казань,2331,Returned,31/03/24 23:59,25.055411143275464
2287,Казань,2332,In Transit,31/03/24 23:59,27.099009967291668
2288,Краснодар,3890,In Transit,31/03/24 23:59,5.976746484525463
2291,Тольятти,2353,Delivered,10/03/24 08:12,3.7555555555555555
2292,Краснодар,430,Delivered,30/01/24 11:01,1.38125
2292,Краснодар,431,Returned,31/03/24 23:59,60.77374318774306
2293,Омск,910,Returned,31/03/24 23:59,46.90178805607639
2297,Тольятти,452,In Transit,31/03/24 23:59,58.39512588743056
2297,Тольятти,1042,In Transit,31/03/24 23:59,46.975417594421295
2300,Москва,776,Delivered,09/02/24 12:25,1.1333333333333333
2301,Уфа,449,Returned,31/03/24 23:59,56.99801945909722
2301,Уфа,611,Delivered,05/02/24 23:11,1.7569444444444444
2301,Уфа,3005,Delivered,19/03/24 00:39,2.39375
2301,Уфа,3006,Delivered,16/03/24 02:28,0.6819444444444445
2301,Уфа,3972,Delivered,24/03/24 13:34,-0.5333333333333333
2302,Воронеж,770,Delivered,10/02/24 11:37,-0.31180555555555556
2303,Новосибирск,580,Returned,31/03/24 23:59,53.75201076024306
2303,Новосибирск,3444,In Transit,31/03/24 23:59,14.040704218726853
2304,Екатеринбург,4433,In Transit,31/03/24 23:59,1.5776997880787038
2305,Нижний Новгород,313,Delivered,27/01/24 17:27,1.0993055555555555
2305,Нижний Новгород,397,Delivered,30/01/24 05:14,1.0229166666666667
2306,Тюмень,3736,Returned,31/03/24 23:59,9.524753250127315
2306,Тюмень,3737,Delivered,22/03/24 02:32,2.1486111111111112
2307,Красноярск,2679,Returned,31/03/24 23:59,22.10264644332176
2309,Красноярск,1540,Delivered,26/02/24 02:10,2.734722222222222
2310,Ижевск,1940,In Transit,31/03/24 23:59,32.340212860405096
2311,Красноярск,4053,In Transit,31/03/24 23:59,5.505185507395833
2311,Красноярск,4058,Delivered,27/03/24 15:24,1.0590277777777777
2316,Краснодар,2578,Returned,31/03/24 23:59,22.34113761324074
2316,Краснодар,2583,In Transit,31/03/24 23:59,23.070365198680555
2316,Краснодар,2585,Delivered,09/03/24 08:18,-0.9534722222222223
2316,Краснодар,2586,Delivered,13/03/24 01:50,2.6166666666666667
2322,Воронеж,679,Delivered,06/02/24 02:35,1.50625
2322,Воронеж,3214,In Transit,31/03/24 23:59,14.270273747372684
2325,Екатеринбург,1507,Delivered,20/02/24 20:34,-0.3076388888888889
2325,Екатеринбург,1508,Delivered,19/02/24 07:08,-0.6951388888888889
2327,Саратов,2335,In Transit,31/03/24 23:59,25.17084042594907
2329,Екатеринбург,364,Returned,31/03/24 23:59,61.377308359918985
2332,Ижевск,3508,In Transit,31/03/24 23:59,12.954317605520833
2333,Ижевск,669,Delivered,06/02/24 23:46,2.859027777777778
2333,Ижевск,670,Delivered,07/02/24 20:38,3.1847222222222222
2333,Ижевск,2558,In Transit,31/03/24 23:59,24.24286706636574
2333,Ижевск,2559,In Transit,31/03/24 23:59,21.764678761006945
2334,Волгоград,540,In Transit,31/03/24 23:59,57.253083895
2334,Волгоград,544,Delivered,03/02/24 08:57,1.5597222222222222
2334,Волгоград,545,In Transit,31/03/24 23:59,56.62168350146991
2334,Волгоград,1487,In Transit,31/03/24 23:59,39.023785349189815
2334,Волгоград,1489,Delivered,22/02/24 04:15,1.5027777777777778
2335,Новосибирск,1038,Returned,31/03/24 23:59,45.065877244768515
2337,Новосибирск,456,Delivered,31/01/24 16:14,1.5770833333333334
2339,Краснодар,1723,Delivered,26/02/24 08:18,1.0618055555555554
2342,Казань,609,Delivered,07/02/24 05:26,3.7631944444444443
2344,Уфа,2382,In Transit,31/03/24 23:59,26.26063232465278
2345,Казань,1596,Delivered,22/02/24 05:13,0.6416666666666667
2345,Казань,1597,In Transit,31/03/24 23:59,
2345,Казань,2542,Returned,31/03/24 23:59,20.8442141334838
2347,Пермь,2792,Delivered,11/03/24 13:37,1.0743055555555556
2348,Нижний Новгород,384,Delivered,02/02/24 09:42,3.286111111111111
2355,Казань,4398,Returned,31/03/24 23:59,2.239807753391204
2357,Тольятти,2087,Returned,31/03/24 23:59,30.002152609953704
2359,Саратов,798,Returned,31/03/24 23:59,48.271307372291666
2359,Саратов,4193,Delivered,31/03/24 09:46,2.1743055555555557
2361,Ижевск,1873,Delivered,29/02/24 08:02,1.7979166666666666
2361,Ижевск,2398,In Transit,31/03/24 23:59,26.05199827761574
2362,Омск,2669,In Transit,31/03/24 23:59,20.54885055201389
2362,Омск,2671,In Transit,31/03/24 23:59,20.538543020636574
2363,Москва,2630,In Transit,31/03/24 23:59,22.373240483125
2365,Ижевск,482,In Transit,31/03/24 23:59,61.05626368774306
2365,Ижевск,2328,Delivered,08/03/24 20:14,1.770138888888889
2366,Ростов-на-Дону,1317,In Transit,31/03/24 23:59,40.968778366354165
2366,Ростов-на-Дону,2306,In Transit,31/03/24 23:59,25.67484132346065
2366,Ростов-на-Дону,3033,Delivered,17/03/24 08:18,1.5979166666666667
2366,Ростов-на-Дону,3035,Returned,31/03/24 23:59,17.449965928541666
2367,Омск,2546,Delivered,09/03/24 15:54,1.9715277777777778
2372,Ижевск,3542,In Transit,31/03/24 23:59,11.571498700787037
2373,Уфа,2814,Delivered,12/03/24 19:21,0.7159722222222222
2374,Пермь,2395,In Transit,31/03/24 23:59,25.66740741133102
2376,Москва,1964,Delivered,28/02/24 19:08,0.30833333333333335
2376,Москва,2893,In Transit,31/03/24 23:59,19.751337637662036
2376,Москва,2894,In Transit,31/03/24 23:59,18.912552322280092
2380,Волгоград,3217,Delivered,18/03/24 01:46,1.55
2380,Волгоград,3220,Delivered,20/03/24 04:31,3.3125
2381,Нижний Новгород,4561,Returned,31/03/24 23:59,-1.6275740737152777
2382,Ростов-на-Дону,2680,Delivered,09/03/24 13:19,0.05625
2383,Челябинск,321,In Transit,31/03/24 23:59,65.13611877664353
2384,Москва,1614,Delivered,22/02/24 22:13,-0.9548611111111112
2384,Москва,4695,Delivered,03/04/24 06:29,0.10833333333333334
2384,Москва,4696,In Transit,31/03/24 23:59,0.5449167869444445
2386,Уфа,1227,Delivered,20/02/24 02:28,0.9
2389,Челябинск,414,Returned,31/03/24 23:59,57.42671296248843
2389,Челябинск,3697,Returned,31/03/24 23:59,6.410054493414352
2390,Волгоград,1664,Delivered,24/02/24 10:32,-0.38958333333333334
2391,Омск,3513,Returned,31/03/24 23:59,11.281257647164352
2393,Воронеж,662,Delivered,06/02/24 15:37,1.636111111111111
2393,Воронеж,663,Returned,31/03/24 23:59,52.805823691956014
2393,Воронеж,819,Returned,31/03/24 23:59,47.02822561043981
2394,Самара,4876,In Transit,31/03/24 23:59,-4.230846551180555
2396,Омск,2653,In Transit,31/03/24 23:59,21.272352342881945
2401,Красноярск,3090,Returned,31/03/24 23:59,13.515035288981483
2401,Красноярск,3092,Delivered,12/03/24 14:13,-0.9263888888888889
2402,Омск,1750,Delivered,26/02/24 03:35,1.3576388888888888
2402,Омск,1751,Delivered,28/02/24 09:33,3.1708333333333334
2402,Омск,1752,Delivered,24/02/24 08:45,-0.7548611111111111
2402,Омск,1754,In Transit,31/03/24 23:59,33.40730325789352
2402,Омск,1760,In Transit,31/03/24 23:59,34.38082805724537
2403,Красноярск,732,In Transit,31/03/24 23:59,53.731165646898155
2406,Москва,1116,Returned,31/03/24 23:59,46.12028546270834
2406,Москва,1117,In Transit,31/03/24 23:59,46.49506025789352
2408,Краснодар,704,Delivered,05/02/24 20:59,1.3569444444444445
2410,Тюмень,1214,In Transit,31/03/24 23:59,44.25819868856482
2413,Тольятти,3462,In Transit,31/03/24 23:59,11.077380586076389
2413,Тольятти,3463,In Transit,31/03/24 23:59,11.68352509925926
2414,Самара,1428,In Transit,31/03/24 23:59,40.109729010439814
2415,Омск,412,In Transit,31/03/24 23:59,62.55593902538194
2415,Омск,413,In Transit,31/03/24 23:59,61.149969238287035
2418,Воронеж,4666,Returned,31/03/24 23:59,-2.9652519996643516
2421,Ростов-на-Дону,522,In Transit,31/03/24 23:59,55.88255441923611
2423,Москва,1263,Delivered,24/02/24 03:06,3.4930555555555554
2427,Красноярск,4012,Returned,31/03/24 23:59,5.960405678078703
2427,Красноярск,4713,Returned,31/03/24 23:59,-0.3228985984143518
2427,Красноярск,4714,In Transit,31/03/24 23:59,-0.0831564624074074
2427,Красноярск,4715,Delivered,04/04/24 11:57,3.203472222222222
2432,Волгоград,2871,Delivered,14/03/24 02:52,1.1944444444444444
2434,,1505,Delivered,22/02/24 19:01,1.3972222222222221
2437,Челябинск,1258,Delivered,20/02/24 05:03,-0.39444444444444443
2438,Пермь,3342,Delivered,19/03/24 07:23,1.3722222222222222
2439,Нижний Новгород,2224,Delivered,03/03/24 00:10,1.1909722222222223
2439,Нижний Новгород,2890,In Transit,31/03/24 23:59,18.652755283541666
2439,Нижний Новгород,2891,Delivered,16/03/24 20:13,1.7458333333333333
2442,Санкт-Петербург,1784,Delivered,27/02/24 08:19,-0.043055555555555555
2443,Саратов,1479,In Transit,31/03/24 23:59,39.059207154374995
2443,Саратов,1480,Returned,31/03/24 23:59,37.26150316351852
2444,Самара,626,Delivered,07/02/24 11:31,1.551388888888889
2444,Самара,629,Delivered,07/02/24 17:36,0.3819444444444444
2445,Ростов-на-Дону,358,Returned,31/03/24 23:59,64.0867292745486
2445,Ростов-на-Дону,359,Delivered,28/01/24 05:03,1.3388888888888888
2447,Нижний Новгород,1066,Delivered,18/02/24 01:22,1.6652777777777779
2448,Воронеж,4219,Delivered,29/03/24 19:08,0.31319444444444444
2448,Воронеж,4220,Delivered,28/03/24 15:12,0.47708333333333336
2450,Казань,2788,Returned,31/03/24 23:59,18.065302267569443
2451,Тюмень,880,In Transit,31/03/24 23:59,50.12602985209491
2452,Тюмень,453,Returned,31/03/24 23:59,57.21752034096065
2453,Саратов,761,Delivered,09/02/24 11:04,0.1451388888888889
2453,Саратов,938,Delivered,12/02/24 14:57,3.191666666666667
2457,Красноярск,4532,Returned,31/03/24 23:59,-0.36581327203703706
2459,Саратов,344,In Transit,31/03/24 23:59,64.8628370077199
2459,Саратов,345,Delivered,29/01/24 19:29,3.0006944444444446
2460,Краснодар,368,Delivered,28/01/24 18:43,1.3798611111111112
2461,Пермь,2566,Returned,31/03/24 23:59,19.95341459605324
2462,Ижевск,2722,Delivered,12/03/24 14:02,1.1701388888888888
2463,Москва,1409,In Transit,31/03/24 23:59,38.34105657177083
2463,Москва,1412,Delivered,22/02/24 21:10,1.7958333333333334
2464,Самара,536,Delivered,01/02/24 19:50,0.37569444444444444
2464,Самара,1022,Delivered,13/02/24 01:13,0.0020833333333333333
2466,Нижний Новгород,668,Returned,31/03/24 23:59,53.686967781828706
2468,Краснодар,2405,Delivered,08/03/24 15:31,1.9402777777777778
2468,Краснодар,2407,Delivered,10/03/24 09:52,1.3868055555555556
2470,Пермь,805,Returned,31/03/24 23:59,48.452759835439814
2470,Пермь,807,In Transit,31/03/24 23:59,51.576352047696766
2472,Екатеринбург,618,Returned,31/03/24 23:59,54.5015410237037
2472,Екатеринбург,4270,In Transit,31/03/24 23:59,5.241502899629629
2474,Нижний Новгород,1152,Returned,31/03/24 23:59,40.326285229444444
2476,Тюмень,1380,In Transit,31/03/24 23:59,41.537012169444445
2476,Тюмень,4657,Returned,31/03/24 23:59,0.965099371886574
2476,Тюмень,4661,In Transit,31/03/24 23:59,-1.822845852650463
2479,Санкт-Петербург,1608,In Transit,31/03/24 23:59,38.34380051074074
2479,Санкт-Петербург,1609,Delivered,23/02/24 23:47,1.0625
2479,Санкт-Петербург,1610,Delivered,25/02/24 08:57,-0.03263888888888889
2482,Самара,1493,In Transit,31/03/24 23:59,36.969431944305555
2482,Самара,1494,Delivered,27/02/24 06:03,3.088888888888889
2483,Тюмень,389,Returned,31/03/24 23:59,60.54800854119213
2488,Новосибирск,2833,Returned,31/03/24 23:59,17.090546830763888
2489,Омск,4822,Delivered,05/04/24 04:04,0.6381944444444444
2491,Самара,828,Delivered,13/02/24 06:42,1.7284722222222222
2492,Красноярск,1023,Delivered,13/02/24 22:23,1.979861111111111
2492,Красноярск,4284,Delivered,26/03/24 20:36,0.3145833333333333
2493,Казань,559,Delivered,02/02/24 02:56,-0.875
2493,Казань,560,In Transit,31/03/24 23:59,54.95339592991898
2494,Красноярск,655,Returned,31/03/24 23:59,52.3554879384375
2494,Красноярск,656,In Transit,31/03/24 23:59,53.95168876541666
2496,Тольятти,1485,Returned,31/03/24 23:59,36.365307697002315
2497,Воронеж,438,Delivered,03/02/24 23:28,1.4944444444444445
2499,Тюмень,728,In Transit,31/03/24 23:59,53.184882675706014
2499,Тюмень,730,Delivered,05/02/24 08:27,0.24722222222222223
2508,Тольятти,2932,Delivered,16/03/24 04:04,3.932638888888889
2509,Ростов-на-Дону,3550,In Transit,31/03/24 23:59,11.148563041041667
2510,Ижевск,3375,Returned,31/03/24 23:59,11.480288213078705
2511,,1772,Returned,31/03/24 23:59,33.74374902819444
2513,Омск,779,Delivered,10/02/24 21:41,0.11458333333333333
2513,Омск,2773,Delivered,12/03/24 12:02,0.11458333333333333
2520,Саратов,1051,In Transit,31/03/24 23:59,44.86489166332176
2522,Волгоград,1482,In Transit,31/03/24 23:59,40.3012494365625
2522,Волгоград,1484,Delivered,25/02/24 08:58,3.857638888888889
2523,Тюмень,1393,Delivered,20/02/24 02:21,-0.9208333333333333
2524,Казань,1715,Delivered,26/02/24 08:20,1.9423611111111112
2524,Казань,1722,In Transit,31/03/24 23:59,34.5285766978125
2525,Уфа,3448,Delivered,19/03/24 05:20,1.9104166666666667
2525,Уфа,3450,Delivered,20/03/24 10:45,-0.8868055555555555
2525,Уфа,3451,Delivered,19/03/24 17:12,-1.6854166666666666
2526,Новосибирск,4192,In Transit,31/03/24 23:59,2.517224464722222
2526,Новосибирск,4604,Delivered,03/04/24 06:06,3.8472222222222223
2529,Омск,5013,In Transit,31/03/24 23:59,-3.8052016790277774
2531,Саратов,2050,In Transit,31/03/24 23:59,27.67647581119213
2534,Казань,1290,Returned,31/03/24 23:59,40.59220257584491
2534,Казань,1296,In Transit,31/03/24 23:59,42.30386580340277
2534,Казань,2315,In Transit,31/03/24 23:59,26.42532960351852
2534,Казань,2316,In Transit,31/03/24 23:59,25.482020778055556
2536,Нижний Новгород,4787,Returned,31/03/24 23:59,-1.0839193287152777
2536,Нижний Новгород,4788,In Transit,31/03/24 23:59,0.07498552361111112
2539,Ижевск,2634,Delivered,12/03/24 11:21,1.2631944444444445
2539,Ижевск,2639,Delivered,10/03/24 15:36,1.8819444444444444
2541,Ростов-на-Дону,2020,Returned,31/03/24 23:59,28.482913322002315
2542,Тольятти,1377,Returned,31/03/24 23:59,38.99109717751158
2546,Ростов-на-Дону,948,Returned,31/03/24 23:59,45.57101368482639
2547,Краснодар,411,Delivered,29/01/24 04:45,1.1715277777777777
2547,Краснодар,1578,Returned,31/03/24 23:59,33.82717093857639
2548,,775,In Transit,31/03/24 23:59,50.05691174189815
2555,Ростов-на-Дону,1080,In Transit,31/03/24 23:59,46.150327873113426
2555,Ростов-на-Дону,3395,Returned,31/03/24 23:59,9.56182698962963
2555,Ростов-на-Дону,3396,Delivered,23/03/24 13:02,3.808333333333333
2557,Челябинск,3537,Delivered,18/03/24 10:16,-0.9319444444444445
2563,Красноярск,421,Delivered,31/01/24 09:10,0.4777777777777778
2563,Красноярск,2005,Delivered,05/03/24 12:31,3.2930555555555556
2566,Уфа,2797,Delivered,11/03/24 16:19,1.395138888888889
2569,Пермь,3088,Delivered,16/03/24 03:02,1.3354166666666667
2569,Пермь,3926,Delivered,23/03/24 03:47,0.21180555555555555
2570,Нижний Новгород,1215,In Transit,31/03/24 23:59,44.85537110297454
2570,Нижний Новгород,3086,Delivered,14/03/24 23:06,-0.48541666666666666
2571,Казань,4260,In Transit,31/03/24 23:59,5.336318822951388
2572,Самара,1994,Returned,31/03/24 23:59,26.912738108101852
2574,Санкт-Петербург,541,Delivered,05/02/24 20:53,3.2736111111111112
2574,Санкт-Петербург,947,Delivered,12/02/24 09:49,-0.48819444444444443
2577,Уфа,1488,In Transit,31/03/24 23:59,40.33888703216435
2578,Воронеж,4533,Delivered,30/03/24 13:44,1.94375
2579,Челябинск,2373,Delivered,06/03/24 00:38,-0.8340277777777778
2579,Челябинск,2375,Delivered,09/03/24 22:41,1.1958333333333333
2590,Тольятти,3179,Delivered,15/03/24 05:13,-0.25763888888888886
2591,Санкт-Петербург,4392,Returned,31/03/24 23:59,1.8980868499884258
2593,Екатеринбург,673,In Transit,31/03/24 23:59,54.614662993819444
2593,Екатеринбург,1242,Returned,31/03/24 23:59,42.43712403167824
2594,Тольятти,2028,Returned,31/03/24 23:59,30.925866784143516
2595,Волгоград,1950,Returned,31/03/24 23:59,28.47450339224537
2598,Екатеринбург,4895,Delivered,03/04/24 12:03,0.43819444444444444
2598,Екатеринбург,4897,Returned,31/03/24 23:59,-1.4983864188541667
2602,Ижевск,4351,Returned,31/03/24 23:59,2.5622314825694446
2602,Ижевск,4668,Delivered,03/04/24 14:48,1.0493055555555555
2602,Ижевск,4670,In Transit,31/03/24 23:59,-1.3845703206828703
2603,Волгоград,4999,Delivered,04/04/24 19:16,3.1479166666666667
2603,Волгоград,5000,In Transit,31/03/24 23:59,-3.9127472773726852
2603,Волгоград,5002,Delivered,04/04/24 01:02,1.2041666666666666
2604,Красноярск,1367,Delivered,22/02/24 22:27,1.8930555555555555
2606,Саратов,370,In Transit,31/03/24 23:59,65.12151587320602
2608,Москва,2367,Returned,31/03/24 23:59,26.03389224390046
2610,Ростов-на-Дону,2501,Delivered,08/03/24 10:27,2.1958333333333333
2611,Новосибирск,2247,Returned,31/03/24 23:59,27.49382757482639
2611,Новосибирск,2248,In Transit,31/03/24 23:59,26.392962901226852
2611,Новосибирск,2251,Delivered,07/03/24 09:40,1.4131944444444444
2612,Челябинск,1082,In Transit,31/03/24 23:59,44.95391535232639
2617,Санкт-Петербург,764,Delivered,07/02/24 22:54,-0.10694444444444444
2617,Санкт-Петербург,2268,Delivered,08/03/24 15:20,1.3979166666666667
2618,Казань,3901,In Transit,31/03/24 23:59,7.605391612928241
2621,Санкт-Петербург,2238,Returned,31/03/24 23:59,27.34482235695602
2622,Саратов,3776,In Transit,31/03/24 23:59,7.821531816087962
2623,Екатеринбург,4592,Delivered,02/04/24 14:49,1.9833333333333334
2626,Краснодар,823,Delivered,08/02/24 22:41,1.3347222222222221
2626,Краснодар,942,Delivered,13/02/24 04:46,2.4805555555555556
2628,Волгоград,3499,Delivered,22/03/24 08:56,1.4215277777777777
2629,Ижевск,2883,Delivered,13/03/24 05:59,-0.9770833333333333
2629,Ижевск,4184,Delivered,27/03/24 16:30,0.6111111111111112
2629,Ижевск,4185,In Transit,31/03/24 23:59,2.849456267997685
2629,Ижевск,4186,Delivered,27/03/24 20:57,-0.8881944444444444
2632,Новосибирск,1252,In Transit,31/03/24 23:59,40.48229171033565
2639,Новосибирск,5022,Delivered,06/04/24 19:01,1.9423611111111112
2642,Уфа,405,Returned,31/03/24 23:59,58.54361314918982
2642,Уфа,406,Returned,31/03/24 23:59,62.148162498912036
2643,Ижевск,2676,In Transit,31/03/24 23:59,22.63850592465278
2645,Красноярск,1055,In Transit,31/03/24 23:59,48.36989080685185
2648,Ижевск,1122,In Transit,31/03/24 23:59,46.46963106532407
2649,Нижний Новгород,1847,Delivered,26/02/24 16:00,0.28888888888888886
2649,Нижний Новгород,1850,In Transit,31/03/24 23:59,33.49205737865741
2650,Тюмень,419,Returned,31/03/24 23:59,57.634363880347216
2650,Тюмень,420,Delivered,01/02/24 21:40,3.7604166666666665
2652,Самара,4933,Delivered,03/04/24 06:30,1.1180555555555556
2657,Волгоград,1833,In Transit,31/03/24 23:59,33.31374676440972
2657,Волгоград,1834,Delivered,27/02/24 15:55,1.0361111111111112
2658,Ижевск,3195,Returned,31/03/24 23:59,13.247639563425926
2659,Ростов-на-Дону,1102,In Transit,31/03/24 23:59,47.200494712152775
2668,Пермь,979,Delivered,14/02/24 09:28,2.1465277777777776
2670,Уфа,2895,In Transit,31/03/24 23:59,19.44591483564815
2670,Уфа,2896,In Transit,31/03/24 23:59,17.51811392818287
2671,Тюмень,538,Delivered,04/02/24 19:26,-0.9
2671,Тюмень,4947,Delivered,01/04/24 20:27,0.33194444444444443
2671,Тюмень,4948,Delivered,03/04/24 15:30,-0.7743055555555556
2672,Пермь,2127,In Transit,31/03/24 23:59,29.17104758329861
2673,Новосибирск,415,Delivered,30/01/24 23:51,1.975
2674,Челябинск,1827,In Transit,31/03/24 23:59,34.63073551097222
2675,Омск,382,Delivered,29/01/24 16:34,0.4798611111111111
2679,Саратов,717,Returned,31/03/24 23:59,51.660605231944444
2679,Саратов,1846,Delivered,01/03/24 15:05,2.670138888888889
2679,Саратов,1849,In Transit,31/03/24 23:59,33.35422595311343
2683,Волгоград,1943,Returned,31/03/24 23:59,28.12742895207176
2686,Воронеж,1446,Delivered,23/02/24 03:04,-0.08958333333333333
2686,Воронеж,1449,Returned,31/03/24 23:59,38.24260724790509
2687,Новосибирск,2393,Delivered,10/03/24 00:36,1.6868055555555554
2688,Казань,1835,Returned,31/03/24 23:59,29.281157550173614
2688,Казань,1837,Delivered,29/02/24 15:11,0.7159722222222222
2688,Казань,2302,Delivered,06/03/24 01:50,0.5458333333333333
2688,Казань,2303,Delivered,08/03/24 17:13,3.7819444444444446
2689,Челябинск,1401,Delivered,20/02/24 05:56,0.29097222222222224
2692,Казань,4113,Returned,31/03/24 23:59,3.4063170900347224
2694,Челябинск,740,Returned,31/03/24 23:59,53.60311580829861
2695,Тольятти,863,Returned,31/03/24 23:59,49.425137971249995
2695,Тольятти,866,Delivered,14/02/24 11:47,2.363888888888889
2696,Омск,2118,Delivered,02/03/24 19:37,0.9145833333333333
2698,Пермь,2527,Delivered,09/03/24 20:13,-0.7368055555555556
2699,Нижний Новгород,537,In Transit,31/03/24 23:59,57.67437338736111
2699,Нижний Новгород,3288,Delivered,16/03/24 23:08,-0.9826388888888888
2700,Казань,1840,In Transit,31/03/24 23:59,33.74479481630787
2702,Омск,555,In Transit,31/03/24 23:59,55.91900997277778
2702,Омск,1279,Delivered,21/02/24 02:24,1.8590277777777777
2704,Нижний Новгород,2266,In Transit,31/03/24 23:59,26.91010329703704
2704,Нижний Новгород,2756,In Transit,31/03/24 23:59,18.736404605185186
2704,Нижний Новгород,2757,Returned,31/03/24 23:59,20.833865195706018
2707,Новосибирск,1167,Delivered,17/02/24 14:30,2.79375
2707,Новосибирск,1781,Delivered,26/02/24 04:57,1.695138888888889
2707,Новосибирск,2809,Delivered,16/03/24 01:58,3.3743055555555554
2707,Новосибирск,3725,Delivered,22/03/24 22:01,2.99375
2711,Саратов,1349,Returned,31/03/24 23:59,41.38731612186343
2711,Саратов,1351,In Transit,31/03/24 23:59,40.4255429287037
2712,Челябинск,2854,Delivered,12/03/24 07:44,1.7395833333333333
2713,Пермь,3654,Delivered,23/03/24 07:22,3.417361111111111
2717,Нижний Новгород,2520,Delivered,10/03/24 17:31,1.0333333333333334
2717,Нижний Новгород,2522,In Transit,31/03/24 23:59,21.400989510555558
2717,Нижний Новгород,3443,Delivered,20/03/24 11:06,0.9298611111111111
2718,Тольятти,1866,Delivered,03/03/24 01:07,1.7215277777777778
2724,Волгоград,1273,In Transit,31/03/24 23:59,42.85345070853009
2724,Волгоград,1274,Delivered,19/02/24 00:40,0.24166666666666667
2725,Казань,3642,Delivered,19/03/24 22:08,-0.49583333333333335
2725,Казань,3643,In Transit,31/03/24 23:59,
2727,Самара,1477,Delivered,22/02/24 05:18,1.5118055555555556
2727,Самара,1478,In Transit,31/03/24 23:59,38.93459741517361
2727,Самара,4297,In Transit,31/03/24 23:59,3.5989838945138892
2730,Тюмень,3857,Delivered,23/03/24 00:04,1.53125
2731,Челябинск,3391,Delivered,23/03/24 13:02,2.1708333333333334
2732,,916,Returned,31/03/24 23:59,47.92432431826389
2733,Ростов-на-Дону,1486,Returned,31/03/24 23:59,37.780596480775465
2733,Ростов-на-Дону,4650,Delivered,31/03/24 02:31,-0.27847222222222223
2733,Ростов-на-Дону,4652,Returned,31/03/24 23:59,0.3544182439814815
2735,Москва,515,Delivered,06/02/24 12:31,2.928472222222222
2735,Москва,516,In Transit,31/03/24 23:59,56.634457061111114
2738,Волгоград,2874,Delivered,18/03/24 13:44,3.9229166666666666
2739,Пермь,1127,Delivered,18/02/24 12:43,1.4597222222222221
2739,Пермь,2273,In Transit,31/03/24 23:59,24.868302073425923
2741,Ижевск,2349,In Transit,31/03/24 23:59,27.305590104641205
2741,Ижевск,2351,Delivered,05/03/24 07:00,-0.20347222222222222
2741,Ижевск,2352,Returned,31/03/24 23:59,23.39275455101852
2743,Новосибирск,578,Returned,31/03/24 23:59,52.571625817523156
2743,Новосибирск,2053,Delivered,05/03/24 06:43,1.1736111111111112
2743,Новосибирск,2054,Returned,31/03/24 23:59,30.124026399502316
2744,Самара,1893,In Transit,31/03/24 23:59,33.483584760520834
2745,Волгоград,1601,Delivered,24/02/24 08:27,-0.9354166666666667
2747,Москва,1445,Returned,31/03/24 23:59,39.352972205034725
2747,Москва,2105,Returned,31/03/24 23:59,25.810346188946756
2748,Красноярск,1368,Returned,31/03/24 23:59,38.257863421655095
2748,Красноярск,1369,Delivered,22/02/24 02:05,1.386111111111111
2748,Красноярск,1371,Delivered,20/02/24 09:37,0.24583333333333332
2749,Саратов,959,Delivered,14/02/24 14:22,1.3708333333333333
2750,Новосибирск,904,Delivered,14/02/24 15:05,2.6166666666666667
2751,Казань,1300,Returned,31/03/24 23:59,38.246859742164354
2754,Красноярск,4479,Delivered,30/03/24 00:35,0.60625
2754,Красноярск,4480,Returned,31/03/24 23:59,2.5826209735069443
2754,Красноярск,4481,Delivered,29/03/24 18:17,0.9506944444444444
2758,Казань,3948,Returned,31/03/24 23:59,4.778159316770833
2759,Новосибирск,2939,Delivered,16/03/24 07:08,-0.035416666666666666
2761,Екатеринбург,450,Returned,31/03/24 23:59,56.842173931168986
2762,Ижевск,1366,Delivered,22/02/24 10:01,0.04791666666666667
2764,Омск,2088,Delivered,04/03/24 11:57,2.4930555555555554
2768,Ростов-на-Дону,2644,Returned,31/03/24 23:59,19.69789849931713
2773,Челябинск,1677,In Transit,31/03/24 23:59,34.41849232887732
2773,Челябинск,1678,In Transit,31/03/24 23:59,33.33415696006945
2774,Уфа,1276,Returned,31/03/24 23:59,40.51106634471065
2775,Тольятти,509,Delivered,03/02/24 14:24,1.7493055555555554
2778,Тольятти,958,Returned,31/03/24 23:59,47.511931847280096
2781,Новосибирск,3849,Delivered,23/03/24 12:04,-0.32916666666666666
2781,Новосибирск,3850,Delivered,25/03/24 13:49,0.4423611111111111
2782,Москва,3478,Returned,31/03/24 23:59,12.288234754710647
2782,Москва,3479,Delivered,23/03/24 13:24,1.6527777777777777
2783,Ростов-на-Дону,599,Returned,31/03/24 23:59,53.38555379078704
2784,Омск,571,Delivered,05/02/24 08:15,-0.12569444444444444
2784,Омск,572,Returned,31/03/24 23:59,55.16603337125
2785,Челябинск,4341,In Transit,31/03/24 23:59,2.2188290364930556
2787,Ростов-на-Дону,1763,Delivered,28/02/24 05:22,1.2861111111111112
2787,Ростов-на-Дону,1765,Returned,31/03/24 23:59,31.530664636388888
2787,Ростов-на-Дону,4857,Delivered,03/04/24 08:17,0.1076388888888889
2789,Москва,2523,Delivered,07/03/24 23:34,0.9090277777777778
2791,Тюмень,1340,Delivered,20/02/24 04:57,1.4055555555555554
2791,Тюмень,1343,Delivered,20/02/24 23:40,-0.4777777777777778
2797,Ижевск,638,Delivered,09/02/24 06:37,2.286111111111111
2802,Краснодар,3108,In Transit,31/03/24 23:59,17.475562550474535
2803,Новосибирск,637,Returned,31/03/24 23:59,52.29656789673611
2804,Москва,3073,In Transit,31/03/24 23:59,16.63145833858796
2804,Москва,3074,Delivered,13/03/24 07:44,0.5083333333333333
2805,Самара,3414,Delivered,23/03/24 01:45,2.3743055555555554
2805,Самара,3416,Delivered,22/03/24 20:14,3.661111111111111
2806,Омск,4190,Delivered,31/03/24 15:43,3.311111111111111
2812,Пермь,4893,Delivered,01/04/24 01:51,0.034027777777777775
2816,Волгоград,1013,Delivered,14/02/24 21:48,1.9666666666666666
2817,Воронеж,489,Returned,31/03/24 23:59,
2817,Воронеж,2423,Delivered,06/03/24 17:28,1.7131944444444445
2818,Ростов-на-Дону,588,In Transit,31/03/24 23:59,
2822,Самара,3578,Delivered,18/03/24 22:06,-0.34791666666666665
2823,Санкт-Петербург,1277,Returned,31/03/24 23:59,42.060856810439816
2828,Нижний Новгород,2796,In Transit,31/03/24 23:59,20.853468898599537
2829,Ижевск,4597,Delivered,01/04/24 02:17,1.2625
2829,Ижевск,4602,Delivered,01/04/24 16:56,0.16458333333333333
2831,Санкт-Петербург,2286,Delivered,08/03/24 13:02,1.8416666666666666
2833,Ростов-на-Дону,627,Returned,31/03/24 23:59,52.87506266912037
2833,Ростов-на-Дону,4753,Delivered,29/03/24 17:19,-0.5270833333333333
2833,Ростов-на-Дону,4754,Returned,31/03/24 23:59,-3.561327250335648
2836,Новосибирск,2013,In Transit,31/03/24 23:59,31.33033940072917
2836,Новосибирск,2014,Delivered,05/03/24 05:28,2.209722222222222
2839,Казань,469,Returned,31/03/24 23:59,57.48521796983796
2840,Ростов-на-Дону,1501,Delivered,20/02/24 08:37,0.16805555555555557
2843,Тюмень,3875,Delivered,24/03/24 07:50,0.9583333333333334
2846,Ростов-на-Дону,1936,In Transit,31/03/24 23:59,33.030327197326386
2850,Ростов-на-Дону,976,In Transit,31/03/24 23:59,46.17567378263889
2851,Омск,4527,In Transit,31/03/24 23:59,-0.09727670837962962
2852,Казань,723,In Transit,31/03/24 23:59,54.419457164189815
2853,Ижевск,3498,Delivered,21/03/24 15:40,1.395138888888889
2854,Тюмень,429,Delivered,30/01/24 22:51,1.5277777777777777
2854,Тюмень,1386,Delivered,21/02/24 21:37,1.3208333333333333
2855,Новосибирск,843,Returned,31/03/24 23:59,49.402538121111114
2855,Новосибирск,844,In Transit,31/03/24 23:59,49.27258331581019
2856,Ростов-на-Дону,3354,Delivered,22/03/24 07:18,2.08125
2856,Ростов-на-Дону,3356,Returned,31/03/24 23:59,14.022336020092594
2857,Ростов-на-Дону,488,Delivered,01/02/24 06:14,-0.69375
2861,Воронеж,2104,Returned,31/03/24 23:59,28.777027478958335
2863,Красноярск,2356,Returned,31/03/24 23:59,26.133096025752316
2864,Уфа,1649,Delivered,25/02/24 15:10,1.7944444444444445
2867,Волгоград,529,Delivered,03/02/24 06:12,1.8263888888888888
2867,Волгоград,2026,Returned,31/03/24 23:59,29.411720362060183
2868,Омск,2720,Delivered,12/03/24 07:13,1.2
2872,Челябинск,451,Returned,31/03/24 23:59,56.22811054123843
2874,Омск,2068,Delivered,03/03/24 02:44,0.93125
2875,Санкт-Петербург,3082,Returned,31/03/24 23:59,15.073851031689815
2875,Санкт-Петербург,3990,Returned,31/03/24 23:59,3.001478911030093
2876,Челябинск,577,In Transit,31/03/24 23:59,58.20787193868056
2876,Челябинск,579,In Transit,31/03/24 23:59,54.994512136458326
2876,Челябинск,2124,Delivered,04/03/24 10:32,-0.26319444444444445
2876,Челябинск,2125,Returned,31/03/24 23:59,25.599556343819444
2877,Москва,2934,In Transit,31/03/24 23:59,17.280251688391203
2879,Воронеж,1248,Delivered,18/02/24 20:15,0.23333333333333334
2879,Воронеж,1249,Delivered,15/02/24 17:26,-0.1284722222222222
2881,,1216,Returned,31/03/24 23:59,43.284566234178236
2881,,1220,Delivered,21/02/24 23:32,2.7993055555555557
2882,Екатеринбург,1871,Returned,31/03/24 23:59,30.490764247951386
2884,Омск,477,In Transit,31/03/24 23:59,58.23937944535879
2887,Красноярск,1092,Delivered,14/02/24 06:08,-0.4548611111111111
2887,Красноярск,1093,Returned,31/03/24 23:59,44.93145639225695
2889,Екатеринбург,2771,Delivered,09/03/24 13:16,-0.99375
2889,Екатеринбург,2777,Returned,31/03/24 23:59,19.73949608127315
2894,Тольятти,1820,Delivered,02/03/24 01:28,1.8416666666666666
2897,Омск,3806,Delivered,24/03/24 22:45,0.6694444444444444
2900,Москва,1310,In Transit,31/03/24 23:59,40.21380256607639
2903,Омск,2683,In Transit,31/03/24 23:59,21.032450661412035
2905,Ижевск,994,In Transit,31/03/24 23:59,46.08620272900463
2909,Тюмень,2290,Returned,31/03/24 23:59,26.240898378541665
2912,Уфа,1806,Delivered,25/02/24 23:40,-0.9486111111111111
2913,Пермь,3812,Delivered,27/03/24 07:44,3.5520833333333335
2914,Красноярск,478,Delivered,04/02/24 07:12,1.1729166666666666
2915,Екатеринбург,1018,Delivered,16/02/24 13:10,1.8798611111111112
2915,Екатеринбург,1019,Delivered,14/02/24 05:00,1.5694444444444444
2918,Самара,2475,Delivered,09/03/24 23:21,0.16041666666666668
2920,Тольятти,2456,Returned,31/03/24 23:59,21.22172937521991
2922,Уфа,2401,Returned,31/03/24 23:59,25.276981352337963
2924,Волгоград,2462,In Transit,31/03/24 23:59,23.766319079363427
2924,Волгоград,2464,Delivered,09/03/24 07:36,0.7965277777777777
2924,Волгоград,2467,In Transit,31/03/24 23:59,21.875739558425927
2926,Санкт-Петербург,3676,Delivered,22/03/24 11:29,-0.9006944444444445
2927,Казань,1305,Delivered,24/02/24 01:31,3.5930555555555554
2927,Казань,4896,Delivered,03/04/24 19:04,0.06805555555555555
2931,Санкт-Петербург,1143,In Transit,31/03/24 23:59,43.95049423407408
2931,Санкт-Петербург,1144,Returned,31/03/24 23:59,42.53809900782407
2931,Санкт-Петербург,1607,Delivered,25/02/24 23:55,1.4854166666666666
2933,Уфа,849,In Transit,31/03/24 23:59,49.337567090636576
2933,Уфа,1426,Returned,31/03/24 23:59,38.84988424100694
2933,Уфа,2744,Delivered,09/03/24 18:27,1.0854166666666667
2934,Санкт-Петербург,2573,In Transit,31/03/24 23:59,21.743619612465277
2936,Волгоград,1960,Delivered,03/03/24 12:57,1.8333333333333333
2940,Пермь,1410,In Transit,31/03/24 23:59,37.73819179050926
2940,Пермь,1411,Returned,31/03/24 23:59,37.21493396304398
2941,Тольятти,3083,Delivered,19/03/24 01:01,1.9166666666666667
2942,Пермь,1054,Returned,31/03/24 23:59,45.6778784650926
2944,Самара,3327,In Transit,31/03/24 23:59,15.143522816863424
2948,Нижний Новгород,2133,Returned,31/03/24 23:59,29.168448956064815
2949,Воронеж,4681,Delivered,01/04/24 19:47,1.3659722222222221
2949,Воронеж,4684,In Transit,31/03/24 23:59,-0.4045134202893519
2950,Пермь,4298,Returned,31/03/24 23:59,2.0763623953819446
2950,Пермь,4299,Delivered,25/03/24 09:55,-0.8444444444444444
2958,Самара,1625,Returned,31/03/24 23:59,36.63858708315972
2960,Екатеринбург,1848,In Transit,31/03/24 23:59,34.34387328809028
2962,Красноярск,1498,Returned,31/03/24 23:59,36.40571632175926
2963,Новосибирск,1166,Delivered,17/02/24 00:48,-0.15555555555555556
2965,Тольятти,1333,In Transit,31/03/24 23:59,41.95134599505787
2967,Ижевск,1504,Returned,31/03/24 23:59,34.67656829438658
2968,Саратов,2230,In Transit,31/03/24 23:59,27.306861992418984
2968,Саратов,2236,Delivered,06/03/24 15:20,0.2798611111111111
2969,Красноярск,1146,Delivered,19/02/24 15:02,1.9555555555555555
2969,Красноярск,1180,Returned,31/03/24 23:59,41.32297344494213
2970,Нижний Новгород,4506,Delivered,28/03/24 19:48,-0.5069444444444444
2973,Тольятти,2922,In Transit,31/03/24 23:59,16.265661040891203
2973,Тольятти,2923,Delivered,13/03/24 19:22,-0.8527777777777777
2977,Ижевск,2009,Delivered,02/03/24 10:20,-0.4861111111111111
2977,Ижевск,4473,In Transit,31/03/24 23:59,0.7593730301967593
2978,Саратов,4197,Delivered,30/03/24 11:48,2.188888888888889
2978,Саратов,4515,Delivered,28/03/24 22:12,0.40625
2980,Самара,1785,In Transit,31/03/24 23:59,34.760705012546296
2980,Самара,1791,Delivered,26/02/24 19:16,1.2152777777777777
2981,Краснодар,3118,In Transit,31/03/24 23:59,14.25868157361111
2981,Краснодар,3119,Delivered,16/03/24 14:36,-0.8305555555555556
2982,Саратов,1604,Delivered,26/02/24 22:16,0.5493055555555556
2982,Саратов,1606,Returned,31/03/24 23:59,34.87027257640046
2983,Краснодар,1856,In Transit,31/03/24 23:59,32.8831248177662
2984,Тольятти,1807,Delivered,26/02/24 02:06,1.363888888888889
2986,Самара,875,Delivered,07/02/24 03:09,-0.9923611111111111
2986,Самара,877,Delivered,08/02/24 10:29,0.42916666666666664
2987,Екатеринбург,840,Returned,31/03/24 23:59,50.69709800612269
2987,Екатеринбург,1272,Returned,31/03/24 23:59,41.13512758034722
2988,Уфа,4875,Delivered,03/04/24 20:20,1.929861111111111
2991,Новосибирск,3032,Returned,31/03/24 23:59,17.42107208230324
2991,Новосибирск,3034,Delivered,18/03/24 22:31,1.7381944444444444
2994,Санкт-Петербург,1154,In Transit,31/03/24 23:59,44.08951587273148
2995,Самара,4975,In Transit,31/03/24 23:59,-2.345023761400463
2996,Самара,506,Delivered,01/02/24 04:15,1.4826388888888888
2996,Самара,507,In Transit,31/03/24 23:59,59.019662829918985
2997,Тольятти,2790,Delivered,12/03/24 03:19,-0.5444444444444444
3000,Ижевск,1869,Delivered,29/02/24 08:13,1.0173611111111112
3002,Челябинск,1142,Returned,31/03/24 23:59,41.92206569672454
3003,Ростов-на-Дону,471,Delivered,02/02/24 02:47,0.2111111111111111
3003,Ростов-на-Дону,472,Delivered,02/02/24 15:21,2.18125
3003,Ростов-на-Дону,473,In Transit,31/03/24 23:59,58.83384749403935
3004,Красноярск,3018,Delivered,16/03/24 11:39,1.7694444444444444
3004,Красноярск,3019,Returned,31/03/24 23:59,16.877112587951387
3004,Красноярск,3020,Delivered,14/03/24 14:51,0.059027777777777776
3005,Тольятти,2095,In Transit,31/03/24 23:59,28.582874253900464
3007,Тюмень,906,Delivered,14/02/24 04:08,1.2979166666666666
3009,Нижний Новгород,739,Delivered,06/02/24 14:07,0.9847222222222223
3009,Нижний Новгород,4648,Delivered,02/04/24 15:07,0.26666666666666666
3014,Ижевск,4871,In Transit,31/03/24 23:59,-2.3383807806712964
3014,Ижевск,4872,Delivered,02/04/24 21:09,-0.6479166666666667
3017,Москва,2345,In Transit,31/03/24 23:59,26.654774056921294
3019,Самара,2721,In Transit,31/03/24 23:59,20.98281838138889
3021,Ижевск,2042,In Transit,31/03/24 23:59,28.882712987800925
3026,Краснодар,1905,In Transit,31/03/24 23:59,30.883560812337965
3027,Краснодар,2329,Delivered,09/03/24 22:50,1.8444444444444446
3031,Тюмень,4062,In Transit,31/03/24 23:59,5.868276042233797
3039,Нижний Новгород,788,In Transit,31/03/24 23:59,50.8261247206713
3039,Нижний Новгород,3880,In Transit,31/03/24 23:59,9.297032275
3040,Ростов-на-Дону,772,In Transit,31/03/24 23:59,53.072550146331025
3043,Краснодар,3321,In Transit,31/03/24 23:59,11.924630954756944
3045,Москва,2232,Delivered,03/03/24 14:06,0.5819444444444445
3045,Москва,2234,Returned,31/03/24 23:59,27.080767483009257
3046,Самара,616,Delivered,05/02/24 02:25,1.24375
3047,Уфа,3027,Returned,31/03/24 23:59,14.003725945868055
3052,Пермь,1580,Delivered,26/02/24 23:57,1.3993055555555556
3054,Тюмень,1554,Delivered,23/02/24 16:13,1.3555555555555556
3056,Тюмень,3296,In Transit,31/03/24 23:59,13.080254453125
3056,Тюмень,5087,Returned,31/03/24 23:59,-3.0519090152893518
3057,Самара,4149,In Transit,31/03/24 23:59,6.918000927581018
3058,Пермь,593,In Transit,31/03/24 23:59,55.516368023541666
3060,Челябинск,2919,Returned,31/03/24 23:59,15.685217650127314
3060,Челябинск,2921,Delivered,17/03/24 02:34,1.5166666666666666
3060,Челябинск,3193,Returned,31/03/24 23:59,12.518168977569445
3064,Казань,2044,Delivered,29/02/24 06:35,-0.5284722222222222
3064,Казань,2045,Delivered,01/03/24 08:14,1.6034722222222222
3065,Тольятти,971,Delivered,12/02/24 13:42,0.6770833333333334
3065,Тольятти,972,Delivered,14/02/24 21:33,1.895138888888889
3066,Уфа,699,Delivered,05/02/24 18:17,0.33819444444444446
3066,Уфа,1046,Delivered,19/02/24 05:27,3.16875
3067,Нижний Новгород,1730,In Transit,31/03/24 23:59,32.74664787127315
3069,Ижевск,734,Delivered,04/02/24 18:12,-0.5729166666666666
3070,Воронеж,1932,Returned,31/03/24 23:59,30.442234010347224
3070,Воронеж,1935,Delivered,29/02/24 07:37,-0.3347222222222222
3070,Воронеж,1937,Delivered,02/03/24 02:05,0.2111111111111111
3070,Воронеж,4640,Delivered,31/03/24 17:35,1.8083333333333333
3073,Санкт-Петербург,3389,Delivered,16/03/24 07:20,-0.5145833333333333
3075,Новосибирск,505,In Transit,31/03/24 23:59,56.78738504609953
3076,Ижевск,3382,In Transit,31/03/24 23:59,12.657624139525462
3076,Ижевск,3385,Delivered,21/03/24 11:46,3.4756944444444446
3077,Краснодар,1788,Delivered,27/02/24 04:45,1.8506944444444444
3077,Краснодар,1789,Delivered,26/02/24 06:16,-0.7215277777777778
3079,Воронеж,2696,Delivered,13/03/24 00:05,3.188888888888889
3080,Красноярск,2149,Delivered,05/03/24 06:59,1.4965277777777777
3080,Красноярск,2150,Returned,31/03/24 23:59,26.602031886921296
3082,Воронеж,1257,In Transit,31/03/24 23:59,41.11215545425926
3082,Воронеж,3128,Delivered,17/03/24 23:21,0.19027777777777777
3082,Воронеж,3129,Returned,31/03/24 23:59,13.890936519282407
3083,Тольятти,2917,Returned,31/03/24 23:59,18.735042363344906
3085,Ижевск,3417,Returned,31/03/24 23:59,12.016153994733797
3085,Ижевск,3418,Delivered,17/03/24 23:19,0.015277777777777777
3085,Ижевск,3419,Delivered,19/03/24 09:29,0.5736111111111111
3087,Тольятти,719,In Transit,31/03/24 23:59,53.32011949049768
3087,Тольятти,720,In Transit,31/03/24 23:59,52.28297642663195
3087,Тольятти,721,Returned,31/03/24 23:59,52.503676771539354
3089,Омск,1885,Delivered,02/03/24 00:18,0.8118055555555556
3090,Самара,2544,Returned,31/03/24 23:59,18.730830371377312
3092,Красноярск,684,Delivered,05/02/24 10:49,-0.8284722222222223
3092,Красноярск,3370,In Transit,31/03/24 23:59,13.310147481238426
3096,Саратов,3652,Returned,31/03/24 23:59,7.498750194155093
3096,Саратов,3653,In Transit,31/03/24 23:59,12.14287277679398
3098,Санкт-Петербург,4628,In Transit,31/03/24 23:59,0.734308065613426
3100,Екатеринбург,1141,In Transit,31/03/24 23:59,44.463126871041666
3103,Казань,3191,Returned,31/03/24 23:59,12.059468549328704
3104,Уфа,2334,In Transit,31/03/24 23:59,27.00516524868056
3105,Красноярск,1243,Delivered,17/02/24 17:24,1.53125
3105,Красноярск,1244,Returned,31/03/24 23:59,40.13623021872685
3105,Красноярск,1491,Delivered,22/02/24 14:52,-0.5625
3105,Красноярск,1492,Returned,31/03/24 23:59,37.71150170731482
3108,Нижний Новгород,4523,In Transit,31/03/24 23:59,1.770652675578704
3108,Нижний Новгород,4524,Returned,31/03/24 23:59,0.9809906263425927
3109,Казань,1653,In Transit,31/03/24 23:59,34.71696702866898
3109,Казань,4428,Delivered,29/03/24 09:38,1.5618055555555554
3110,Пермь,1672,In Transit,31/03/24 23:59,36.11069660409722
3113,Екатеринбург,4412,Delivered,28/03/24 21:36,1.6993055555555556
3115,Екатеринбург,4645,Delivered,03/04/24 18:37,2.941666666666667
3119,Воронеж,937,Delivered,12/02/24 14:13,2.7819444444444446
3120,Волгоград,511,Returned,31/03/24 23:59,57.65222367208334
3120,Волгоград,2265,Returned,31/03/24 23:59,26.428368397916664
3122,Тольятти,4380,Delivered,30/03/24 10:50,2.152083333333333
3122,Тольятти,4381,Delivered,30/03/24 02:11,-0.8076388888888889
3123,Волгоград,4018,Delivered,27/03/24 13:18,1.3979166666666667
3123,Волгоград,4020,Delivered,28/03/24 06:01,3.191666666666667
3123,Волгоград,4209,In Transit,31/03/24 23:59,3.2974789735532406
3123,Волгоград,4210,Returned,31/03/24 23:59,4.7342049788657405
3126,Саратов,862,Delivered,09/02/24 18:01,0.7291666666666666
3126,Саратов,865,In Transit,31/03/24 23:59,
3126,Саратов,872,Delivered,12/02/24 17:56,0.0798611111111111
3131,Самара,1583,In Transit,31/03/24 23:59,36.962615874930556
3131,Самара,1585,Delivered,27/02/24 02:51,1.273611111111111
3131,Самара,1587,In Transit,31/03/24 23:59,34.973395420624996
3134,Екатеринбург,796,In Transit,31/03/24 23:59,51.1167498946412
3134,Екатеринбург,1910,Returned,31/03/24 23:59,28.90747900608796
3136,Нижний Новгород,1684,Delivered,26/02/24 12:28,1.7090277777777778
3140,Воронеж,3950,Delivered,26/03/24 19:25,0.2590277777777778
3144,Саратов,1675,Returned,31/03/24 23:59,35.732575241666666
3146,Новосибирск,2082,Returned,31/03/24 23:59,26.787712742511573
3148,Уфа,3507,Returned,31/03/24 23:59,11.275807982025464
3150,Краснодар,2668,Delivered,12/03/24 01:38,2.7631944444444443
3150,Краснодар,2672,Delivered,10/03/24 16:08,1.3784722222222223
3156,Уфа,2565,In Transit,31/03/24 23:59,22.01780625628472
3158,Казань,2322,Returned,31/03/24 23:59,24.479916904849535
3166,Казань,1014,In Transit,31/03/24 23:59,45.799915154270835
3166,Казань,2784,Delivered,15/03/24 15:27,3.3694444444444445
3168,Ижевск,1619,Delivered,26/02/24 14:51,0.7409722222222223
3168,Ижевск,1620,In Transit,31/03/24 23:59,36.51671008370371
3168,Ижевск,2985,Returned,31/03/24 23:59,16.885817952881943
3168,Ижевск,2986,In Transit,31/03/24 23:59,16.370253536990738
3170,Санкт-Петербург,2043,Returned,31/03/24 23:59,27.101780603310186
3173,,1376,Delivered,20/02/24 09:22,1.2513888888888889
3174,Москва,2287,Delivered,05/03/24 03:10,2.3375
3174,Москва,2289,Returned,31/03/24 23:59,25.003290855243055
3175,Ростов-на-Дону,2199,In Transit,31/03/24 23:59,28.960216447847223
3176,Тольятти,2051,Returned,31/03/24 23:59,27.234579438495373
3178,Омск,881,Delivered,12/02/24 13:52,2.9756944444444446
3178,Омск,1115,Delivered,15/02/24 21:37,0.0625
3178,Омск,1233,Delivered,17/02/24 14:51,-0.24861111111111112
3179,Краснодар,4588,Delivered,04/04/24 15:57,3.020138888888889
3180,Уфа,3785,Delivered,23/03/24 05:12,-0.5819444444444445
3180,Уфа,3792,In Transit,31/03/24 23:59,6.8865979528472225
3180,Уфа,3796,Delivered,27/03/24 05:36,2.0590277777777777
3182,Красноярск,3809,Delivered,23/03/24 03:06,0.9569444444444445
3188,Ижевск,3187,Delivered,19/03/24 05:32,0.9194444444444444
3188,Ижевск,4593,Returned,31/03/24 23:59,-1.0427317348032408
3189,Волгоград,3260,In Transit,31/03/24 23:59,
3194,Ростов-на-Дону,747,In Transit,31/03/24 23:59,51.398086133090274
3196,Ростов-на-Дону,1844,In Transit,31/03/24 23:59,33.925273415590276
3198,Омск,2271,Returned,31/03/24 23:59,27.111557259398147
3198,Омск,2272,Delivered,07/03/24 01:09,-0.325
3198,Омск,2684,In Transit,31/03/24 23:59,20.12187078646991
3201,Ижевск,2000,In Transit,31/03/24 23:59,30.509446444606482
3201,Ижевск,4427,Delivered,30/03/24 20:50,-0.12291666666666666
3203,Челябинск,778,In Transit,31/03/24 23:59,52.92640263902778
3204,Пермь,3998,Delivered,26/03/24 17:46,-0.5861111111111111
3205,Челябинск,757,Delivered,12/02/24 04:29,3.402083333333333
3205,Челябинск,759,Delivered,09/02/24 07:04,0.4979166666666667
3205,Челябинск,3677,Delivered,22/03/24 22:33,1.5972222222222223
3207,Волгоград,1309,Delivered,19/02/24 11:07,0.02638888888888889
3207,Волгоград,4264,Delivered,30/03/24 03:12,0.17569444444444443
3208,Пермь,1825,Delivered,27/02/24 06:03,0.9993055555555556
3209,Екатеринбург,1710,In Transit,31/03/24 23:59,34.200874449664354
3210,Самара,1044,Delivered,15/02/24 04:23,1.3618055555555555
3210,Самара,4027,Returned,31/03/24 23:59,3.6007191745254628
3211,Нижний Новгород,1579,Delivered,22/02/24 14:53,-0.6326388888888889
3212,Самара,999,Returned,31/03/24 23:59,45.306698688842594
3213,Пермь,1423,In Transit,31/03/24 23:59,40.907365736076386
3215,,3371,In Transit,31/03/24 23:59,12.696782318541667
3216,Краснодар,1304,In Transit,31/03/24 23:59,43.37428062640046
3222,Ростов-на-Дону,3101,In Transit,31/03/24 23:59,15.945198155162037
3231,Тюмень,4942,Returned,31/03/24 23:59,-2.7354252098958334
3231,Тюмень,4943,Returned,31/03/24 23:59,-2.301483819849537
3236,Санкт-Петербург,1246,Delivered,18/02/24 04:57,0.003472222222222222
3236,Санкт-Петербург,2628,Delivered,12/03/24 17:01,2.104861111111111
3236,Санкт-Петербург,2629,Delivered,08/03/24 07:32,-0.9013888888888889
3237,Тюмень,882,In Transit,31/03/24 23:59,49.82866965732639
3238,Екатеринбург,1558,Returned,31/03/24 23:59,33.9110968716088
3238,Екатеринбург,1560,Returned,31/03/24 23:59,36.82576086655092
3239,Казань,2545,In Transit,31/03/24 23:59,23.39931594011574
3245,Нижний Новгород,1379,Returned,31/03/24 23:59,37.82945419284722
3245,Нижний Новгород,1473,Returned,31/03/24 23:59,36.50392770775463
3246,Омск,4052,Delivered,26/03/24 08:10,-1.9819444444444445
3247,Уфа,661,Delivered,09/02/24 02:59,1.863888888888889
3248,Тольятти,1466,Delivered,23/02/24 15:17,0.4284722222222222
3251,Воронеж,891,Returned,31/03/24 23:59,47.14192253488426
3251,Воронеж,893,Delivered,11/02/24 05:47,1.8368055555555556
3255,Ростов-на-Дону,1099,Delivered,13/02/24 18:49,1.0590277777777777
3256,Красноярск,4055,Delivered,31/03/24 14:41,3.4027777777777777
3257,Тюмень,683,Returned,31/03/24 23:59,54.753940221782415
3258,Екатеринбург,1334,Returned,31/03/24 23:59,40.24687063060185
3262,Уфа,3281,Delivered,16/03/24 19:10,0.12222222222222222
3266,Казань,2151,Delivered,01/03/24 08:14,0.6965277777777777
3267,Екатеринбург,4909,Returned,31/03/24 23:59,-4.927243820983796
3270,Тольятти,4744,Returned,31/03/24 23:59,-3.038421151689815
3273,Красноярск,2701,Delivered,13/03/24 05:39,1.3798611111111112
3276,Саратов,519,Delivered,01/02/24 22:19,-0.6451388888888889
3276,Саратов,520,In Transit,31/03/24 23:59,56.15893714809028
3279,Екатеринбург,1860,Returned,31/03/24 23:59,33.44946364252315
3280,Краснодар,5094,Returned,31/03/24 23:59,-2.9148809083217593
3284,Красноярск,4842,In Transit,31/03/24 23:59,-0.7404701027314815
3291,Самара,1968,Returned,31/03/24 23:59,29.397502938912037
3291,Самара,3740,Returned,31/03/24 23:59,10.209512282141203
3291,Самара,3741,Delivered,21/03/24 06:07,-0.1375
3293,Ижевск,4200,Delivered,28/03/24 02:40,0.42569444444444443
3296,Тольятти,568,Returned,31/03/24 23:59,53.018934453993054
3297,Ижевск,961,Returned,31/03/24 23:59,47.74670933613426
3299,Ижевск,4169,In Transit,31/03/24 23:59,4.826047353993055
3299,Ижевск,4171,Delivered,26/03/24 20:23,-0.9756944444444444
3301,Пермь,1045,Delivered,12/02/24 21:19,0.6694444444444444
3301,Пермь,1047,Delivered,12/02/24 06:29,-0.3402777777777778
3301,Пермь,2326,Returned,31/03/24 23:59,23.28999836597222
3303,Краснодар,4797,In Transit,31/03/24 23:59,-1.7171846544907408
3303,Краснодар,4799,In Transit,31/03/24 23:59,-1.2556529638541667
3307,Воронеж,1632,Delivered,27/02/24 22:01,3.4763888888888888
3307,Воронеж,1633,In Transit,31/03/24 23:59,33.89751480116898
3307,Воронеж,1634,Returned,31/03/24 23:59,33.20253121577546
3308,Санкт-Петербург,617,In Transit,31/03/24 23:59,54.174282073263896
3308,Санкт-Петербург,2795,Returned,31/03/24 23:59,20.01633908861111
3311,Тольятти,1747,In Transit,31/03/24 23:59,32.68487683675926
3311,Тольятти,3120,Delivered,16/03/24 12:22,-0.3590277777777778
3311,Тольятти,3121,Delivered,18/03/24 04:08,0.16041666666666668
3311,Тольятти,3122,Delivered,16/03/24 00:31,1.3465277777777778
3312,Новосибирск,1586,In Transit,31/03/24 23:59,35.31955717349537
3312,Новосибирск,1588,In Transit,31/03/24 23:59,35.644015052673616
3313,Ижевск,707,Delivered,06/02/24 14:06,0.5604166666666667
3313,Ижевск,708,Returned,31/03/24 23:59,53.87021663777778
3313,Ижевск,709,In Transit,31/03/24 23:59,53.007410721481484
3314,Тольятти,2388,In Transit,31/03/24 23:59,25.325105641527777
3315,Новосибирск,1465,In Transit,31/03/24 23:59,38.178926507870365
3316,Нижний Новгород,920,In Transit,31/03/24 23:59,48.2094224541088
3320,Челябинск,1474,Delivered,22/02/24 21:39,0.9388888888888889
3320,Челябинск,4196,Delivered,27/03/24 18:38,-0.7722222222222223
3322,Челябинск,3008,Delivered,12/03/24 21:41,0.1486111111111111
3322,Челябинск,4563,Returned,31/03/24 23:59,2.0246227627430557
3322,Челябинск,4564,Returned,31/03/24 23:59,-1.193491013263889
3323,Самара,4551,Delivered,04/04/24 19:26,3.4881944444444444
3324,Челябинск,687,Returned,31/03/24 23:59,51.26229068621527
3324,Челябинск,1740,Delivered,26/02/24 03:38,1.301388888888889
3326,,1495,In Transit,31/03/24 23:59,38.22678305337963
3326,,1496,Delivered,24/02/24 16:03,0.3576388888888889
3328,Саратов,842,In Transit,31/03/24 23:59,49.406091388900464
3328,Саратов,847,Delivered,07/02/24 14:59,-0.9243055555555556
3328,Саратов,851,Delivered,12/02/24 08:10,3.1125
3331,Екатеринбург,2793,Returned,31/03/24 23:59,15.752139269594908
3333,Волгоград,1073,Delivered,16/02/24 08:23,1.1319444444444444
3333,Волгоград,4812,Returned,31/03/24 23:59,-1.793234540902778
3335,Краснодар,1842,Returned,31/03/24 23:59,31.672781199560188
3335,Краснодар,1843,Delivered,01/03/24 00:39,1.2951388888888888
3335,Краснодар,4039,In Transit,31/03/24 23:59,4.870751222395834
3335,Краснодар,4040,Delivered,24/03/24 18:37,-0.4486111111111111
3337,Краснодар,897,Delivered,10/02/24 05:11,1.020138888888889
3337,Краснодар,898,Delivered,08/02/24 21:54,-0.32430555555555557
3337,Краснодар,899,Delivered,12/02/24 11:11,2.1458333333333335
3339,Уфа,1074,Delivered,14/02/24 19:34,1.54375
3341,Казань,1720,Delivered,24/02/24 00:53,0.16944444444444445
3343,Ростов-на-Дону,1809,Delivered,29/02/24 22:07,2.1458333333333335
3343,Ростов-на-Дону,1810,In Transit,31/03/24 23:59,34.8046917974537
3347,Омск,581,Returned,31/03/24 23:59,53.481603883680556
3347,Омск,584,Delivered,08/02/24 23:38,3.8381944444444445
3350,Ростов-на-Дону,2154,Delivered,29/02/24 06:26,-0.9770833333333333
3350,Ростов-на-Дону,2155,Delivered,05/03/24 19:19,0.7604166666666666
3351,Екатеринбург,4775,Delivered,06/04/24 08:57,2.7625
3352,Нижний Новгород,716,Delivered,08/02/24 14:37,1.2333333333333334
3353,Ростов-на-Дону,888,Delivered,10/02/24 14:33,1.5166666666666666
3359,Красноярск,2946,Returned,31/03/24 23:59,17.07704672747685
3360,Волгоград,600,In Transit,31/03/24 23:59,54.32310013810186
3362,Тюмень,765,Delivered,10/02/24 04:38,0.5236111111111111
3363,Новосибирск,3716,Delivered,23/03/24 08:00,0.20208333333333334
3364,Санкт-Петербург,5096,Returned,31/03/24 23:59,-5.6831625384837965
3365,Пермь,917,In Transit,31/03/24 23:59,48.208694865868054
3367,Санкт-Петербург,2145,In Transit,31/03/24 23:59,27.630577180381945
3367,Санкт-Петербург,2146,In Transit,31/03/24 23:59,27.64064842701389
3367,Санкт-Петербург,2147,Delivered,03/03/24 10:33,-0.9854166666666667
3367,Санкт-Петербург,2148,In Transit,31/03/24 23:59,30.113468805995367
3368,Тюмень,2323,Returned,31/03/24 23:59,23.29507308096065
3368,Тюмень,2324,Delivered,06/03/24 12:41,-0.06180555555555556
3368,Тюмень,3556,Delivered,23/03/24 00:30,1.2180555555555554
3371,Новосибирск,3563,Returned,31/03/24 23:59,10.582684494027777
3376,Ростов-на-Дону,4226,Delivered,30/03/24 09:47,0.9791666666666666
3378,Тольятти,2707,Delivered,11/03/24 13:36,1.7784722222222222
3379,Волгоград,758,Delivered,11/02/24 03:00,2.314583333333333
3380,Ростов-на-Дону,3297,In Transit,31/03/24 23:59,13.940966228842592
3381,Саратов,574,In Transit,31/03/24 23:59,55.705812270902776
3381,Саратов,2591,Delivered,08/03/24 00:56,-0.30486111111111114
3386,Екатеринбург,4698,Returned,31/03/24 23:59,-3.097889935775463
3386,Екатеринбург,4699,Delivered,05/04/24 14:10,2.3444444444444446
3387,Омск,2116,In Transit,31/03/24 23:59,27.506090190381947
3387,Омск,2909,Delivered,12/03/24 14:24,-0.013194444444444444
3387,Омск,2914,In Transit,31/03/24 23:59,18.498181939409722
3389,Казань,2052,Delivered,03/03/24 21:48,-0.4395833333333333
3391,Уфа,2694,Delivered,08/03/24 08:42,-0.14791666666666667
3391,Уфа,2695,Delivered,14/03/24 02:33,1.5805555555555555
3396,Уфа,2097,In Transit,31/03/24 23:59,30.009768483541663
3397,Екатеринбург,810,Returned,31/03/24 23:59,50.7923288328588
3397,Екатеринбург,811,Delivered,09/02/24 05:07,-0.3472222222222222
3397,Екатеринбург,883,In Transit,31/03/24 23:59,47.99379510233796
3397,Екатеринбург,884,Delivered,11/02/24 15:11,0.38055555555555554
3397,Екатеринбург,885,Returned,31/03/24 23:59,47.55606703528935
3403,Тольятти,1221,Delivered,20/02/24 01:59,0.54375
3403,Тольятти,1222,Delivered,21/02/24 03:05,3.15
3403,Тольятти,1223,Delivered,20/02/24 23:55,3.359027777777778
3403,Тольятти,4368,In Transit,31/03/24 23:59,2.8579947238078702
3404,Воронеж,2159,Returned,31/03/24 23:59,25.34558901847222
3406,Новосибирск,4550,Delivered,28/03/24 15:56,-0.5833333333333334
3408,Тюмень,4952,Returned,31/03/24 23:59,-5.818230485706019
3410,Пермь,1624,Delivered,26/02/24 16:09,1.363888888888889
3412,Ростов-на-Дону,868,In Transit,31/03/24 23:59,49.77039496145833
3412,Ростов-на-Дону,3336,In Transit,31/03/24 23:59,13.507638369525464
3413,Челябинск,1087,Delivered,17/02/24 03:12,1.8486111111111112
3413,Челябинск,1641,In Transit,31/03/24 23:59,33.99836289049769
3415,Краснодар,651,Delivered,09/02/24 21:56,3.123611111111111
3415,Краснодар,653,Delivered,05/02/24 10:02,1.417361111111111
3416,Уфа,1415,Delivered,20/02/24 11:33,1.0576388888888888
3417,Нижний Новгород,826,Delivered,10/02/24 00:29,0.44166666666666665
3428,Челябинск,1157,Delivered,16/02/24 14:34,0.7326388888888888
3429,Санкт-Петербург,2201,In Transit,31/03/24 23:59,28.308547172962964
3431,Тюмень,1275,In Transit,31/03/24 23:59,42.26278781221065
3431,Тюмень,1278,Delivered,15/02/24 20:28,-0.5847222222222223
3432,Самара,1226,Returned,31/03/24 23:59,40.29186443233796
3439,Красноярск,5019,Delivered,06/04/24 12:42,0.5993055555555555
3439,Красноярск,5020,Returned,31/03/24 23:59,-3.4529726899305557
3439,Красноярск,5021,Delivered,04/04/24 13:28,2.375
3440,Краснодар,2179,Delivered,03/03/24 16:01,-0.6027777777777777
3442,Ростов-на-Дону,894,Delivered,12/02/24 20:15,-0.3902777777777778
3443,Санкт-Петербург,762,In Transit,31/03/24 23:59,50.31347868846064
3445,Воронеж,3421,Returned,31/03/24 23:59,10.018228053472223
3447,Красноярск,1101,In Transit,31/03/24 23:59,46.189684242418984
3447,Красноярск,3165,Delivered,15/03/24 17:14,-0.3909722222222222
3449,Нижний Новгород,2551,Delivered,07/03/24 04:00,-0.22291666666666668
3450,Челябинск,1924,In Transit,31/03/24 23:59,33.39228559840278
3453,Уфа,743,In Transit,31/03/24 23:59,53.74624419523148
3453,Уфа,2141,In Transit,31/03/24 23:59,27.31875629521991
3453,Уфа,2143,Delivered,29/02/24 22:57,0.29791666666666666
3454,Ижевск,4565,Delivered,31/03/24 07:02,-0.85
3456,Уфа,820,Returned,31/03/24 23:59,48.146177562442126
3459,Краснодар,2096,Delivered,04/03/24 00:11,-0.09583333333333334
3460,Волгоград,4585,Delivered,31/03/24 17:32,0.5430555555555555
3460,Волгоград,4587,Returned,31/03/24 23:59,-2.044466148912037
3462,Ижевск,598,Delivered,06/02/24 11:24,0.8694444444444445
3464,Тольятти,2160,Delivered,05/03/24 17:30,0.8527777777777777
3464,Тольятти,2165,Delivered,06/03/24 19:31,1.8027777777777778
3468,Ижевск,3109,Returned,31/03/24 23:59,12.556802065729167
3468,Ижевск,3112,Returned,31/03/24 23:59,16.372053878368057
3474,Красноярск,1218,Delivered,18/02/24 19:57,2.9145833333333333
3476,Тольятти,602,Delivered,06/02/24 09:50,0.40208333333333335
3476,Тольятти,603,Delivered,02/02/24 23:23,-0.5048611111111111
3476,Тольятти,604,Delivered,04/02/24 17:30,2.002083333333333
3476,Тольятти,605,Delivered,07/02/24 18:20,3.004861111111111
3477,Краснодар,2966,In Transit,31/03/24 23:59,18.138887574583332
3477,Краснодар,3584,Delivered,24/03/24 11:46,3.751388888888889
3478,Волгоград,4700,Returned,31/03/24 23:59,-1.4604146962268518
3478,Волгоград,4703,Delivered,31/03/24 03:08,1.0673611111111112
3479,Тюмень,1383,Returned,31/03/24 23:59,39.68267554923611
3479,Тюмень,1384,Returned,31/03/24 23:59,36.32787167332176
3479,Тюмень,1385,Delivered,21/02/24 01:57,0.9402777777777778
3479,Тюмень,1388,Delivered,21/02/24 05:53,-0.19305555555555556
3480,Самара,2003,Delivered,01/03/24 07:35,1.020138888888889
3480,Самара,3160,In Transit,31/03/24 23:59,15.281697795833335
3485,Тольятти,4406,Returned,31/03/24 23:59,1.061396524050926
3487,Тюмень,1933,Delivered,01/03/24 16:59,0.8145833333333333
3488,Краснодар,1985,Returned,31/03/24 23:59,27.68660934928241
3488,Краснодар,1986,Returned,31/03/24 23:59,28.233927022708333
3489,Саратов,606,Delivered,08/02/24 22:55,1.7465277777777777
3492,Краснодар,783,Delivered,06/02/24 19:27,0.1527777777777778
3492,Краснодар,4098,In Transit,31/03/24 23:59,5.900462395439814
3494,Москва,1780,In Transit,31/03/24 23:59,31.7642375396412
3496,Ижевск,4840,Delivered,06/04/24 11:38,2.8555555555555556
3498,Красноярск,2823,In Transit,31/03/24 23:59,18.116513363506943
3498,Красноярск,2824,Delivered,15/03/24 10:40,1.6541666666666666
3498,Красноярск,5074,Returned,31/03/24 23:59,-2.9668597114351853
3499,Тольятти,643,Delivered,06/02/24 17:54,-0.8256944444444444
3499,Тольятти,797,Delivered,10/02/24 23:32,1.7472222222222222
3499,Тольятти,799,Returned,31/03/24 23:59,51.206595193287036
3500,Саратов,1516,Returned,31/03/24 23:59,34.48014012947917
3505,Нижний Новгород,1836,In Transit,31/03/24 23:59,35.00274022803241
3505,Нижний Новгород,1838,Returned,31/03/24 23:59,29.331985851481484
3512,Екатеринбург,1192,Delivered,17/02/24 23:37,-0.6
3512,Екатеринбург,1193,Returned,31/03/24 23:59,43.45658838292824
3512,Екатеринбург,1194,In Transit,31/03/24 23:59,42.83947833944445
3512,Екатеринбург,1195,In Transit,31/03/24 23:59,44.20641262797454
3512,Екатеринбург,4609,In Transit,31/03/24 23:59,1.3835409713541666
3516,Ижевск,4618,Delivered,02/04/24 06:46,1.5409722222222222
3516,Ижевск,4620,Delivered,30/03/24 07:22,-0.4173611111111111
3516,Ижевск,4622,Returned,31/03/24 23:59,0.3420342934606481
3517,Нижний Новгород,3096,Returned,31/03/24 23:59,13.77245285763889
3518,Саратов,4709,Delivered,04/04/24 01:51,3.388888888888889
3527,Омск,2652,In Transit,31/03/24 23:59,23.36435311483796
3529,Санкт-Петербург,756,Returned,31/03/24 23:59,49.40015335966435
3529,Санкт-Петербург,760,Returned,31/03/24 23:59,
3529,Санкт-Петербург,1095,In Transit,31/03/24 23:59,43.50573728876157
3529,Санкт-Петербург,1100,In Transit,31/03/24 23:59,43.88374707663195
3532,Волгоград,1627,Returned,31/03/24 23:59,36.89710273206018
3534,Красноярск,3899,In Transit,31/03/24 23:59,8.447617188425927
3536,Воронеж,3779,Returned,31/03/24 23:59,7.144172439224537
3536,Воронеж,3780,In Transit,31/03/24 23:59,8.389895012175927
3537,Уфа,4632,In Transit,31/03/24 23:59,1.3408435419907407
3538,Санкт-Петербург,4981,Delivered,03/04/24 12:29,0.3145833333333333
3539,Саратов,831,In Transit,31/03/24 23:59,52.4056870880787
3540,Казань,854,In Transit,31/03/24 23:59,50.26534425509259
3541,Нижний Новгород,700,Returned,31/03/24 23:59,51.29423296898148
3541,Нижний Новгород,3731,Delivered,24/03/24 04:20,0.5986111111111111
3544,Омск,1213,Returned,31/03/24 23:59,40.28850625091435
3546,Саратов,1104,Delivered,14/02/24 11:57,-0.4
3547,Ижевск,2803,In Transit,31/03/24 23:59,20.44287517980324
3548,Волгоград,4996,Delivered,09/04/24 20:16,3.5277777777777777
3550,Екатеринбург,1358,Returned,31/03/24 23:59,37.30407764290509
3551,Новосибирск,4357,In Transit,31/03/24 23:59,1.7732948513541669
3554,Казань,1732,Delivered,29/02/24 13:31,1.5597222222222222
3554,Казань,1733,Delivered,26/02/24 06:45,1.0625
3554,Казань,1737,Delivered,26/02/24 06:50,-0.28541666666666665
3555,Краснодар,4233,In Transit,31/03/24 23:59,3.999345891006944
3556,Краснодар,3887,Returned,31/03/24 23:59,4.859037753564815
3557,Тюмень,3098,Returned,31/03/24 23:59,13.564778851342592
3557,Тюмень,3932,Delivered,27/03/24 00:04,1.0131944444444445
3563,Ижевск,1823,Delivered,25/02/24 19:58,-0.40069444444444446
3565,Ростов-на-Дону,3884,Delivered,21/03/24 10:37,-0.2673611111111111
3565,Ростов-на-Дону,3885,In Transit,31/03/24 23:59,6.306162533842592
3567,Уфа,955,Delivered,13/02/24 04:42,1.538888888888889
3570,Омск,1364,Delivered,20/02/24 13:34,-0.02013888888888889
3570,Омск,2647,Delivered,06/03/24 23:55,-0.8423611111111111
3575,Казань,4950,Returned,31/03/24 23:59,-3.017073567511574
3575,Казань,4953,In Transit,31/03/24 23:59,-3.0254554530208333
3575,Казань,4956,In Transit,31/03/24 23:59,-3.594965077824074
3576,Красноярск,1621,Returned,31/03/24 23:59,34.25113191965278
3576,Красноярск,3526,In Transit,31/03/24 23:59,10.212481343414352
3576,Красноярск,3529,Delivered,26/03/24 05:13,3.6375
3576,Красноярск,3531,In Transit,31/03/24 23:59,10.277946442465277
3576,Красноярск,3533,Delivered,23/03/24 04:51,1.9319444444444445
3577,Санкт-Петербург,987,In Transit,31/03/24 23:59,47.13102708122685
3579,Санкт-Петербург,4377,Delivered,29/03/24 22:43,0.5743055555555555
3579,Санкт-Петербург,4378,Returned,31/03/24 23:59,0.17478226894675924
3580,Ростов-на-Дону,1200,Returned,31/03/24 23:59,43.08005367613426
3580,Ростов-на-Дону,1202,In Transit,31/03/24 23:59,41.7470563808449
3583,Красноярск,939,Returned,31/03/24 23:59,45.742161177025466
3583,Красноярск,940,Delivered,12/02/24 21:19,2.234027777777778
3583,Красноярск,4048,Delivered,26/03/24 16:53,0.5548611111111111
3588,Санкт-Петербург,1118,In Transit,31/03/24 23:59,43.42518252524306
3591,Казань,1011,Delivered,14/02/24 18:35,1.7173611111111111
3595,Санкт-Петербург,3093,In Transit,31/03/24 23:59,13.929749106967593
3596,Ижевск,2221,In Transit,31/03/24 23:59,26.56232370759259
3597,Омск,2906,Returned,31/03/24 23:59,14.5129723684375
3602,Уфа,1818,Delivered,29/02/24 19:19,0.56875
3602,Уфа,2703,Returned,31/03/24 23:59,22.088876371840275
3602,Уфа,2705,Delivered,13/03/24 08:44,2.8881944444444443
3604,Красноярск,3940,Returned,31/03/24 23:59,3.7064561442129627
3605,Казань,4815,In Transit,31/03/24 23:59,-1.5497354029629629
3606,Волгоград,1523,Delivered,28/02/24 15:35,3.6333333333333333
3607,Екатеринбург,4702,Delivered,31/03/24 08:41,-0.6416666666666667
3609,Казань,2759,Returned,31/03/24 23:59,17.774678856342593
3611,Тольятти,3558,Returned,31/03/24 23:59,8.798351083680554
3613,Тюмень,763,Returned,31/03/24 23:59,49.0678770850463
3618,Екатеринбург,3738,Delivered,20/03/24 20:25,0.91875
3618,Екатеринбург,4133,Returned,31/03/24 23:59,5.601374544525463
3618,Екатеринбург,4136,Delivered,28/03/24 02:13,1.7159722222222222
3619,Челябинск,4798,Delivered,03/04/24 11:05,1.0979166666666667
3620,Саратов,2607,Delivered,08/03/24 02:08,-0.3680555555555556
3620,Саратов,3097,Returned,31/03/24 23:59,15.425193630439814
3626,Тольятти,3807,In Transit,31/03/24 23:59,8.972288826828704
3627,Челябинск,2943,Returned,31/03/24 23:59,17.908575680474538
3634,Санкт-Петербург,4208,In Transit,31/03/24 23:59,3.691768835486111
3634,Санкт-Петербург,4211,Returned,31/03/24 23:59,2.646987664027778
3634,Санкт-Петербург,4212,Delivered,30/03/24 20:06,1.85625
3634,Санкт-Петербург,4213,In Transit,31/03/24 23:59,5.422155980949074
3634,Санкт-Петербург,4214,In Transit,31/03/24 23:59,6.19923190011574
3634,Санкт-Петербург,4215,Delivered,28/03/24 02:53,1.8277777777777777
3637,Саратов,1471,Delivered,21/02/24 22:21,1.1159722222222221
3638,Челябинск,3927,In Transit,31/03/24 23:59,8.262230761493054
3639,Краснодар,817,Delivered,12/02/24 21:10,0.7229166666666667
3643,Екатеринбург,1859,Delivered,02/03/24 15:30,1.8819444444444444
3643,Екатеринбург,1861,Returned,31/03/24 23:59,28.70100592818287
3645,Красноярск,1043,Returned,31/03/24 23:59,43.60101081096065
3646,Пермь,3602,In Transit,31/03/24 23:59,9.741400322430556
3647,Казань,1159,Delivered,15/02/24 21:12,1.1333333333333333
3648,Самара,782,Returned,31/03/24 23:59,50.3272763485301
3654,Ростов-на-Дону,1701,In Transit,31/03/24 23:59,32.86395157153935
3654,Ростов-на-Дону,1704,Returned,31/03/24 23:59,32.504787892731485
3660,Челябинск,3562,Returned,31/03/24 23:59,7.405401589780093
3661,Саратов,2417,In Transit,31/03/24 23:59,23.93258929710648
3661,Саратов,2422,Delivered,05/03/24 09:22,-0.28888888888888886
3664,Самара,2997,Returned,31/03/24 23:59,13.498641590497686
3666,Новосибирск,2144,Returned,31/03/24 23:59,28.56589528664352
3666,Новосибирск,3524,Returned,31/03/24 23:59,10.115744075717592
3666,Новосибирск,3532,In Transit,31/03/24 23:59,12.615861865474537
3666,Новосибирск,3534,Delivered,18/03/24 19:27,0.7090277777777778
3668,Красноярск,1053,Returned,31/03/24 23:59,45.93377679237268
3668,Красноярск,1057,Delivered,15/02/24 22:06,1.8958333333333333
3668,Красноярск,3673,Delivered,22/03/24 17:53,0.6944444444444444
3671,Тюмень,2970,In Transit,31/03/24 23:59,18.4461225890625
3672,Казань,3274,Delivered,18/03/24 16:27,1.8833333333333333
3672,Казань,3276,In Transit,31/03/24 23:59,14.282920797384259
3672,Казань,3908,Returned,31/03/24 23:59,5.621935560057871
3673,Москва,2123,Delivered,05/03/24 07:12,1.2520833333333334
3674,Новосибирск,1168,In Transit,31/03/24 23:59,44.398187300069445
3676,Краснодар,800,Returned,31/03/24 23:59,49.448697627708334
3676,Краснодар,801,Delivered,11/02/24 21:50,2.5236111111111112
3681,Нижний Новгород,1028,Returned,31/03/24 23:59,47.12661839549769
3681,Нижний Новгород,1033,Delivered,14/02/24 20:09,1.2284722222222222
3681,Нижний Новгород,1035,Returned,31/03/24 23:59,46.35590797201389
3681,Нижний Новгород,3728,In Transit,31/03/24 23:59,10.413686966712962
3683,Новосибирск,2228,Returned,31/03/24 23:59,24.456900285648146
3685,Екатеринбург,1686,Returned,31/03/24 23:59,32.13110809527778
3686,Ростов-на-Дону,4966,Delivered,06/04/24 17:56,1.6256944444444446
3687,Челябинск,4484,Delivered,31/03/24 00:16,-0.7458333333333333
3691,Саратов,3384,In Transit,31/03/24 23:59,12.33115707181713
3692,Нижний Новгород,5042,In Transit,31/03/24 23:59,-4.3057922804629625
3692,Нижний Новгород,5043,Delivered,04/04/24 07:39,1.6375
3695,Красноярск,1589,In Transit,31/03/24 23:59,37.85034357590278
3695,Красноярск,1590,Returned,31/03/24 23:59,32.80302605099537
3698,Санкт-Петербург,853,Delivered,12/02/24 09:53,3.19375
3698,Санкт-Петербург,1344,Delivered,24/02/24 09:25,3.6902777777777778
3699,Казань,4537,Returned,31/03/24 23:59,0.7251362202314815
3699,Казань,4539,Delivered,01/04/24 07:49,0.7583333333333333
3699,Казань,4540,Returned,31/03/24 23:59,-2.4996735443750002
3701,Москва,4580,In Transit,31/03/24 23:59,-1.2355854303703704
3702,Москва,1103,Returned,31/03/24 23:59,42.49285726422454
3704,Тольятти,3594,Delivered,23/03/24 13:20,1.6652777777777779
3705,Омск,4363,In Transit,31/03/24 23:59,0.9249809980092593
3705,Омск,4370,Delivered,26/03/24 02:42,-0.6638888888888889
3705,Омск,4371,Delivered,02/04/24 00:31,1.9354166666666666
3705,Омск,4372,In Transit,31/03/24 23:59,3.0965238314351855
3709,Волгоград,1175,Returned,31/03/24 23:59,40.185649764849536
3709,Волгоград,4084,In Transit,31/03/24 23:59,5.289393940648148
3709,Волгоград,4092,In Transit,31/03/24 23:59,4.652113601759259
3711,Москва,1417,Delivered,20/02/24 22:27,1.4791666666666667
3722,Санкт-Петербург,2748,Returned,31/03/24 23:59,18.169587953078704
3722,Санкт-Петербург,2749,In Transit,31/03/24 23:59,20.27322597537037
3723,Тюмень,4626,Delivered,01/04/24 15:26,-0.00625
3724,Красноярск,711,Delivered,07/02/24 04:34,-0.3159722222222222
3724,Красноярск,712,Delivered,07/02/24 16:45,1.9638888888888888
3727,Ижевск,927,Delivered,14/02/24 19:37,1.7402777777777778
3729,Пермь,1922,Delivered,01/03/24 13:11,0.9381944444444444
3729,Пермь,3659,In Transit,31/03/24 23:59,12.084201313368055
3730,Новосибирск,962,Delivered,12/02/24 03:59,2.2604166666666665
3732,Москва,4485,Delivered,26/03/24 13:21,-0.9993055555555556
3733,Омск,3747,Delivered,22/03/24 08:21,-0.38958333333333334
3734,Ижевск,5088,Delivered,01/04/24 20:31,-0.8013888888888889
3735,Красноярск,1512,Delivered,27/02/24 02:35,3.8402777777777777
3736,Москва,722,Delivered,07/02/24 10:20,0.6444444444444445
3736,Москва,724,Delivered,08/02/24 00:11,0.5548611111111111
3738,Омск,1535,Returned,31/03/24 23:59,34.35154541363426
3739,Краснодар,4430,Delivered,27/03/24 14:29,-0.5951388888888889
3745,Воронеж,983,In Transit,31/03/24 23:59,48.748551451168986
3745,Воронеж,984,Delivered,15/02/24 12:29,1.8118055555555554
3745,Воронеж,985,Delivered,15/02/24 16:40,2.8958333333333335
3746,Новосибирск,1088,In Transit,31/03/24 23:59,44.28104764472222
3746,Новосибирск,1090,Delivered,16/02/24 16:23,3.7118055555555554
3746,Новосибирск,4420,In Transit,31/03/24 23:59,2.849354877013889
3746,Новосибирск,4423,In Transit,31/03/24 23:59,3.7771070854398148
3748,Красноярск,973,In Transit,31/03/24 23:59,46.9403398791088
3748,Красноярск,974,Delivered,13/02/24 00:41,1.2722222222222221
3749,,2594,Delivered,13/03/24 02:36,1.8340277777777778
3751,Красноярск,1056,Returned,31/03/24 23:59,44.27629482255787
3751,Красноярск,4941,Delivered,08/04/24 10:22,3.8805555555555555
3757,Ростов-на-Дону,1923,Delivered,03/03/24 00:40,0.7430555555555556
3758,Краснодар,829,Returned,31/03/24 23:59,49.46037654229167
3761,Ростов-на-Дону,729,Delivered,04/02/24 06:29,-0.4625
3761,Ростов-на-Дону,731,Delivered,10/02/24 15:54,1.8090277777777777
3761,Ростов-на-Дону,733,Delivered,09/02/24 00:28,1.738888888888889
3765,Челябинск,4807,Delivered,31/03/24 06:05,0.5090277777777777
3771,Красноярск,1574,In Transit,31/03/24 23:59,38.14160179532407
3773,Тольятти,1526,Returned,31/03/24 23:59,35.15569940403935
3773,Тольятти,1527,Delivered,23/02/24 00:23,0.42430555555555555
3774,Казань,2062,In Transit,31/03/24 23:59,28.61294329111111
3774,Казань,3078,Delivered,17/03/24 16:21,-0.10902777777777778
3774,Казань,3080,Returned,31/03/24 23:59,
3776,Уфа,4456,In Transit,31/03/24 23:59,0.3234515988773148
3777,Санкт-Петербург,2233,In Transit,31/03/24 23:59,26.279601099467595
3780,Пермь,1106,In Transit,31/03/24 23:59,44.306135682233794
3780,Пермь,1107,In Transit,31/03/24 23:59,
3780,Пермь,1109,In Transit,31/03/24 23:59,45.71486517917824
3780,Пермь,3172,Delivered,19/03/24 16:03,3.11875
3781,Нижний Новгород,3359,Returned,31/03/24 23:59,14.073520358599538
3784,Уфа,774,In Transit,31/03/24 23:59,51.852407283587965
3784,Уфа,3273,In Transit,31/03/24 23:59,14.652107462222222
3786,Пермь,1000,In Transit,31/03/24 23:59,47.85914600699074
3786,Пермь,1001,Delivered,12/02/24 15:57,2.079861111111111
3786,Пермь,1002,Returned,31/03/24 23:59,46.52457842402778
3788,Новосибирск,4022,Delivered,25/03/24 08:37,-0.5013888888888889
3788,Новосибирск,4023,Delivered,25/03/24 07:02,-0.12569444444444444
3789,Ростов-на-Дону,3607,In Transit,31/03/24 23:59,9.481223571319445
3789,Ростов-на-Дону,3610,In Transit,31/03/24 23:59,10.298353310231482
3792,Самара,2202,In Transit,31/03/24 23:59,26.37120939162037
3800,Нижний Новгород,3455,Delivered,16/03/24 02:47,-0.7729166666666667
3801,Новосибирск,1184,In Transit,31/03/24 23:59,43.946687455370366
3801,Новосибирск,1187,Returned,31/03/24 23:59,40.65974353678241
3806,Омск,752,In Transit,31/03/24 23:59,53.45415486945601
3811,Казань,2190,Delivered,07/03/24 07:04,3.5680555555555555
3814,Казань,1801,Delivered,29/02/24 23:47,0.975
3818,Омск,2065,Returned,31/03/24 23:59,29.17433214601852
3818,Омск,2066,In Transit,31/03/24 23:59,27.544204201655095
3820,Нижний Новгород,2285,In Transit,31/03/24 23:59,24.58370880018519
3820,Нижний Новгород,2288,Delivered,09/03/24 07:16,1.7583333333333333
3822,Челябинск,3306,Delivered,16/03/24 16:50,-0.8458333333333333
3823,Красноярск,4320,Delivered,27/03/24 23:11,0.3638888888888889
3823,Красноярск,4323,Delivered,28/03/24 08:34,1.6902777777777778
3829,Нижний Новгород,2206,Returned,31/03/24 23:59,24.105392485243055
3829,Нижний Новгород,3928,Delivered,21/03/24 07:36,-0.5326388888888889
3829,Нижний Новгород,3929,Delivered,27/03/24 08:11,0.6
3829,Нижний Новгород,3931,Delivered,26/03/24 18:55,0.9138888888888889
3830,Уфа,2471,Returned,31/03/24 23:59,21.013765117719906
3831,Москва,3156,Delivered,18/03/24 01:07,0.8118055555555556
3832,Челябинск,874,Delivered,11/02/24 05:33,3.0833333333333335
3833,Красноярск,1900,Delivered,26/02/24 20:32,0.5784722222222223
3833,Красноярск,2276,Delivered,08/03/24 18:46,1.6875
3836,Омск,925,Returned,31/03/24 23:59,45.28752639716435
3836,Омск,926,Delivered,14/02/24 11:11,2.988888888888889
3836,Омск,928,Delivered,17/02/24 02:48,3.9291666666666667
3836,Омск,929,Delivered,12/02/24 08:41,1.4076388888888889
3836,Омск,1229,Delivered,19/02/24 16:04,0.1736111111111111
3837,Саратов,3470,Delivered,19/03/24 11:25,0.76875
3838,Ростов-на-Дону,3087,Delivered,18/03/24 20:53,3.234027777777778
3843,Челябинск,4389,In Transit,31/03/24 23:59,2.439462312025463
3852,Пермь,2357,Returned,31/03/24 23:59,21.42195527628472
3852,Пермь,2632,In Transit,31/03/24 23:59,19.748043735555555
3853,Казань,2131,Delivered,05/03/24 14:55,1.2708333333333333
3853,Казань,3228,Delivered,18/03/24 20:08,0.7736111111111111
3857,Омск,3138,Delivered,19/03/24 11:56,2.9
3867,Самара,4356,Returned,31/03/24 23:59,-0.1870607820138889
3869,Краснодар,1069,Returned,31/03/24 23:59,44.842240169930555
3869,Краснодар,4387,In Transit,31/03/24 23:59,1.7312842031944446
3871,Ижевск,2307,Delivered,06/03/24 10:31,2.136111111111111
3871,Ижевск,2311,Returned,31/03/24 23:59,26.581101169363425
3875,Нижний Новгород,2962,Delivered,14/03/24 23:22,1.1534722222222222
3876,Красноярск,2278,Delivered,07/03/24 18:17,0.3972222222222222
3880,Москва,3036,Delivered,18/03/24 03:06,2.1305555555555555
3881,Тольятти,1308,Returned,31/03/24 23:59,42.38470761314815
3881,Тольятти,2531,Delivered,09/03/24 20:15,0.03125
3883,Пермь,4687,In Transit,31/03/24 23:59,-2.390923208472222
3883,Пермь,4692,Returned,31/03/24 23:59,-0.35955760842592593
3883,Пермь,4694,Delivered,02/04/24 12:22,2.8006944444444444
3885,Екатеринбург,5061,In Transit,31/03/24 23:59,-2.443693112037037
3886,Екатеринбург,1966,Delivered,29/02/24 13:42,0.4215277777777778
3892,Тольятти,2231,Delivered,06/03/24 01:24,2.676388888888889
3894,Санкт-Петербург,2241,In Transit,31/03/24 23:59,25.820006888055552
3894,Санкт-Петербург,2242,Returned,31/03/24 23:59,25.85757393736111
3895,Уфа,1667,Delivered,26/02/24 12:58,1.5069444444444444
3895,Уфа,2454,In Transit,31/03/24 23:59,22.9307133246875
3896,Казань,3300,In Transit,31/03/24 23:59,13.596053652881944
3901,Уфа,3390,Delivered,17/03/24 14:11,-0.0875
3901,Уфа,3397,Returned,31/03/24 23:59,13.478008989456017
3902,Саратов,2844,Delivered,11/03/24 19:18,-0.025694444444444443
3902,Саратов,2845,Returned,31/03/24 23:59,15.034273876782407
3904,Уфа,4483,Delivered,26/03/24 09:45,-0.9881944444444445
3906,Новосибирск,3832,Returned,31/03/24 23:59,9.22048401707176
3908,Санкт-Петербург,2196,Delivered,03/03/24 17:43,-0.30625
3908,Санкт-Петербург,2198,Delivered,01/03/24 10:43,-0.4875
3909,Ижевск,3627,Returned,31/03/24 23:59,10.671308992002315
3910,Москва,3333,Returned,31/03/24 23:59,12.659155536840279
3913,Омск,2769,Delivered,11/03/24 20:07,2.428472222222222
3914,Волгоград,1683,Delivered,27/02/24 08:47,1.4659722222222222
3914,Волгоград,4388,Returned,31/03/24 23:59,-0.9518689639120371
3916,Нижний Новгород,2207,Returned,31/03/24 23:59,24.959934083425928
3916,Нижний Новгород,4448,Returned,31/03/24 23:59,-0.7364520199652778
3918,Екатеринбург,2305,Delivered,05/03/24 18:01,0.10625
3924,Нижний Новгород,4148,Returned,31/03/24 23:59,5.158952817928241
3927,Тюмень,1262,Delivered,18/02/24 20:23,0.35555555555555557
3927,Тюмень,1551,Delivered,22/02/24 20:41,1.9006944444444445
3929,Самара,1031,Returned,31/03/24 23:59,45.73521163480324
3929,Самара,1032,Delivered,15/02/24 03:01,0.11041666666666666
3931,Уфа,3268,In Transit,31/03/24 23:59,12.402704184768517
3933,Волгоград,3813,Delivered,24/03/24 10:43,1.0902777777777777
3938,Красноярск,1987,In Transit,31/03/24 23:59,31.23241758076389
3938,Красноярск,4281,Delivered,27/03/24 18:42,1.9402777777777778
3939,Казань,3825,Returned,31/03/24 23:59,4.593374604953704
3940,Воронеж,1190,Delivered,17/02/24 12:19,-0.7506944444444444
3940,Воронеж,1191,Delivered,18/02/24 01:34,1.5722222222222222
3941,Самара,4852,Returned,31/03/24 23:59,-4.246916913009259
3942,Москва,4949,In Transit,31/03/24 23:59,-3.7162810347453705
3945,Санкт-Петербург,2369,In Transit,31/03/24 23:59,24.58524331096065
3946,Воронеж,1650,Delivered,01/03/24 04:46,3.4451388888888888
3947,Ижевск,2831,In Transit,31/03/24 23:59,19.588299465856483
3948,Ростов-на-Дону,1564,Returned,31/03/24 23:59,37.32076403236111
3950,Москва,1646,Delivered,23/02/24 20:35,-0.6069444444444444
3951,Красноярск,1306,Returned,31/03/24 23:59,40.58229382423611
3951,Красноярск,1307,In Transit,31/03/24 23:59,42.96627305355324
3952,Уфа,2643,Delivered,10/03/24 05:02,0.4840277777777778
3954,Челябинск,1826,Delivered,25/02/24 23:00,0.3333333333333333
3954,Челябинск,1828,In Transit,31/03/24 23:59,35.02405838387732
3954,Челябинск,1829,Delivered,28/02/24 13:00,0.32013888888888886
3954,Челябинск,1831,Delivered,26/02/24 16:55,0.17708333333333334
3957,Челябинск,2692,Delivered,13/03/24 17:36,3.0555555555555554
3960,Казань,1676,Delivered,27/02/24 08:00,1.3270833333333334
3964,Новосибирск,2330,Returned,31/03/24 23:59,26.570491947858795
3965,Нижний Новгород,803,In Transit,31/03/24 23:59,52.975185575543975
3971,Санкт-Петербург,2725,Returned,31/03/24 23:59,19.520328187164353
3973,Ижевск,4024,In Transit,31/03/24 23:59,5.080004828240741
3976,Москва,3919,Returned,31/03/24 23:59,6.412545433831019
3977,Челябинск,1353,Returned,31/03/24 23:59,37.2259109074537
3977,Челябинск,3469,Delivered,23/03/24 01:08,1.8909722222222223
3983,Краснодар,812,Returned,31/03/24 23:59,47.856199859814815
3984,Челябинск,3176,Delivered,14/03/24 09:20,-0.1361111111111111
3989,Самара,1203,Delivered,17/02/24 15:49,1.03125
3989,Самара,4046,In Transit,31/03/24 23:59,7.764667610682871
3990,Краснодар,858,In Transit,31/03/24 23:59,49.1300942290625
3990,Краснодар,859,Returned,31/03/24 23:59,50.613546809652775
3992,Казань,1454,In Transit,31/03/24 23:59,38.04956521848379
3994,Волгоград,3565,Delivered,22/03/24 14:50,0.058333333333333334
3995,Воронеж,3702,In Transit,31/03/24 23:59,11.581883711956019
3996,Самара,1991,In Transit,31/03/24 23:59,30.381742050740737
3996,Самара,1992,Delivered,06/03/24 09:21,2.9583333333333335
4001,Новосибирск,3284,Delivered,14/03/24 12:22,-0.7041666666666667
4001,Новосибирск,3286,Returned,31/03/24 23:59,11.343734855694445
4001,Новосибирск,3293,Delivered,17/03/24 04:53,1.2152777777777777
4002,Ижевск,4552,Returned,31/03/24 23:59,1.543920066701389
4004,Санкт-Петербург,4568,Delivered,29/03/24 14:10,-0.8708333333333333
4004,Санкт-Петербург,4570,In Transit,31/03/24 23:59,1.2019755362731481
4005,Уфа,2359,In Transit,31/03/24 23:59,25.92993970233796
4005,Уфа,2361,In Transit,31/03/24 23:59,25.963129958877317
4006,Самара,2958,Returned,31/03/24 23:59,15.13737752892361
4006,Самара,2959,Returned,31/03/24 23:59,18.284548706493055
4007,Ижевск,2944,In Transit,31/03/24 23:59,19.060821747858796
4007,Ижевск,3039,Returned,31/03/24 23:59,12.571540181388889
4007,Ижевск,3040,Returned,31/03/24 23:59,13.719444618032409
4007,Ижевск,3042,Delivered,15/03/24 14:08,2.203472222222222
4007,Ижевск,3043,Delivered,17/03/24 15:37,0.5548611111111111
4011,Пермь,3199,Delivered,17/03/24 18:15,-0.7791666666666667
4013,Саратов,3585,In Transit,31/03/24 23:59,9.866519038912038
4013,Саратов,3586,Returned,31/03/24 23:59,11.467135432245371
4015,Саратов,4511,Returned,31/03/24 23:59,-0.6021215473032407
4016,Казань,2022,Delivered,03/03/24 07:40,0.3
4017,Краснодар,1450,In Transit,31/03/24 23:59,39.813281130381945
4017,Краснодар,1451,Delivered,21/02/24 19:01,-1.6625
4017,Краснодар,4851,Delivered,31/03/24 04:27,-0.9763888888888889
4017,Краснодар,4853,Delivered,03/04/24 21:33,2.5340277777777778
4018,Екатеринбург,2430,Delivered,06/03/24 07:34,0.8173611111111111
4024,Уфа,1532,In Transit,31/03/24 23:59,35.60403222824074
4028,Уфа,2828,In Transit,31/03/24 23:59,20.159250934803243
4029,Красноярск,5069,Returned,31/03/24 23:59,-6.106621677847222
4030,Тольятти,3873,Delivered,24/03/24 01:23,0.029861111111111113
4030,Тольятти,3874,Delivered,25/03/24 11:01,-0.59375
4030,Тольятти,3878,Delivered,24/03/24 09:59,0.32013888888888886
4032,Екатеринбург,1531,Delivered,24/02/24 02:34,2.397222222222222
4032,Екатеринбург,3801,Returned,31/03/24 23:59,5.781823101875
4032,Екатеринбург,3803,Returned,31/03/24 23:59,8.006798665891203
4033,Воронеж,2437,Returned,31/03/24 23:59,20.555392562361114
4036,Красноярск,1631,Delivered,23/02/24 09:28,-0.07430555555555556
4038,Челябинск,3307,Delivered,18/03/24 11:11,1.9215277777777777
4041,Краснодар,4110,Delivered,25/03/24 23:21,1.0208333333333333
4043,Екатеринбург,814,Delivered,11/02/24 18:09,1.1381944444444445
4044,Тюмень,1078,Delivered,13/02/24 07:39,1.2013888888888888
4044,Тюмень,1079,Delivered,14/02/24 22:13,2.4868055555555557
4044,Тюмень,1081,In Transit,31/03/24 23:59,46.9820115637037
4050,Ростов-на-Дону,1374,Delivered,23/02/24 11:25,1.386111111111111
4050,Ростов-на-Дону,1375,Returned,31/03/24 23:59,37.63221164295139
4051,Омск,4729,Delivered,02/04/24 14:35,-0.13055555555555556
4051,Омск,4731,Delivered,04/04/24 02:31,0.9215277777777777
4053,Санкт-Петербург,2860,Returned,31/03/24 23:59,17.725160456331018
4053,Санкт-Петербург,3365,Returned,31/03/24 23:59,14.053997490717594
4054,Тюмень,3871,Delivered,27/03/24 19:15,2.9194444444444443
4059,Новосибирск,1119,Delivered,19/02/24 06:21,1.0819444444444444
4060,Москва,1629,Returned,31/03/24 23:59,33.47682802976852
4062,Нижний Новгород,1113,Returned,31/03/24 23:59,44.78777105883102
4062,Нижний Новгород,1114,Delivered,18/02/24 09:03,1.6416666666666666
4065,Челябинск,1430,In Transit,31/03/24 23:59,40.453319491585646
4066,Ростов-на-Дону,1030,Delivered,16/02/24 21:06,2.704861111111111
4066,Ростов-на-Дону,1034,Delivered,15/02/24 13:52,0.9201388888888888
4066,Ростов-на-Дону,1291,In Transit,31/03/24 23:59,41.34844107943287
4066,Ростов-на-Дону,1295,Delivered,18/02/24 20:10,1.2347222222222223
4073,Тюмень,1063,Delivered,18/02/24 18:49,2.6465277777777776
4073,Тюмень,2926,In Transit,31/03/24 23:59,16.717437561168982
4073,Тюмень,2927,In Transit,31/03/24 23:59,19.229725269016203
4073,Тюмень,2929,Delivered,15/03/24 18:59,1.8763888888888889
4075,Новосибирск,2394,In Transit,31/03/24 23:59,26.238835469965274
4080,Краснодар,1120,Returned,31/03/24 23:59,44.86584819902778
4080,Краснодар,1121,Delivered,17/02/24 11:10,0.95
4080,Краснодар,1123,In Transit,31/03/24 23:59,43.60220533282408
4080,Краснодар,1125,Delivered,17/02/24 20:01,1.8722222222222222
4083,Челябинск,1183,Delivered,17/02/24 01:30,1.1395833333333334
4083,Челябинск,2416,Delivered,09/03/24 12:06,3.9277777777777776
4083,Челябинск,3966,Delivered,26/03/24 10:54,3.0840277777777776
4083,Челябинск,3967,Delivered,25/03/24 05:25,-0.5125
4086,Тольятти,1204,Delivered,19/02/24 20:23,1.448611111111111
4086,Тольятти,1206,Delivered,21/02/24 10:56,2.571527777777778
4090,Саратов,3770,In Transit,31/03/24 23:59,7.4935589071875
4090,Саратов,3772,Delivered,25/03/24 11:57,1.0458333333333334
4095,Казань,4255,Delivered,29/03/24 15:27,1.3416666666666666
4095,Казань,4257,Delivered,29/03/24 16:38,1.167361111111111
4102,Самара,2782,Delivered,15/03/24 04:00,3.0770833333333334
4104,Ижевск,3000,In Transit,31/03/24 23:59,18.447651689166666
4106,Ижевск,1329,Delivered,20/02/24 03:31,1.575
4107,Ижевск,3984,Delivered,24/03/24 07:44,0.3972222222222222
4107,Ижевск,3986,Returned,31/03/24 23:59,6.963609742152777
4109,Краснодар,3502,Delivered,19/03/24 01:54,0.7472222222222222
4111,Волгоград,3962,In Transit,31/03/24 23:59,6.044785979375
4112,Самара,1547,Returned,31/03/24 23:59,37.447432763252316
4112,Самара,1896,Returned,31/03/24 23:59,32.89784915489583
4113,Новосибирск,3726,Delivered,25/03/24 16:16,1.5194444444444444
4114,Тюмень,966,Returned,31/03/24 23:59,47.68540455717592
4114,Тюмень,970,Returned,31/03/24 23:59,46.699527591412036
4114,Тюмень,1362,Delivered,21/02/24 18:58,-1.0
4116,Новосибирск,2283,Returned,31/03/24 23:59,27.398470086655095
4117,Ижевск,2083,In Transit,31/03/24 23:59,27.821002087106486
4117,Ижевск,2084,In Transit,31/03/24 23:59,29.92208400739583
4117,Ижевск,2085,In Transit,31/03/24 23:59,28.19509871103009
4118,Москва,2663,Delivered,08/03/24 23:27,0.48194444444444445
4118,Москва,4296,Returned,31/03/24 23:59,2.730472808599537
4119,Омск,1419,In Transit,31/03/24 23:59,38.49006929297454
4120,Нижний Новгород,4139,In Transit,31/03/24 23:59,6.282572751828703
4123,Новосибирск,4493,In Transit,31/03/24 23:59,1.8842723995833333
4125,Ижевск,1731,Delivered,01/03/24 03:09,2.4590277777777776
4125,Ижевск,1736,Returned,31/03/24 23:59,32.2009693193287
4125,Ижевск,1738,Delivered,23/02/24 10:57,-0.3861111111111111
4126,Тюмень,2235,Delivered,06/03/24 17:51,0.21041666666666667
4127,Ижевск,3847,Delivered,29/03/24 07:53,3.5458333333333334
4128,Красноярск,1083,Returned,31/03/24 23:59,44.05874585842592
4131,Самара,1595,In Transit,31/03/24 23:59,35.40246274863426
4135,Красноярск,2479,In Transit,31/03/24 23:59,24.56569510310185
4135,Красноярск,2482,Returned,31/03/24 23:59,20.00026799619213
4136,Новосибирск,1768,In Transit,31/03/24 23:59,35.33721177038194
4138,Екатеринбург,2015,Returned,31/03/24 23:59,29.710501686458333
4138,Екатеринбург,2019,Returned,31/03/24 23:59,28.574860974247684
4141,Нижний Новгород,2450,In Transit,31/03/24 23:59,24.698301226018522
4141,Нижний Новгород,2452,Returned,31/03/24 23:59,21.408461246469905
4142,Челябинск,4898,Delivered,02/04/24 07:37,1.3333333333333333
4142,Челябинск,4899,Returned,31/03/24 23:59,-3.872212008020833
4144,Екатеринбург,2164,In Transit,31/03/24 23:59,28.4928239303125
4148,Самара,1628,Delivered,25/02/24 21:38,1.8270833333333334
4151,Тюмень,2174,Delivered,03/03/24 19:34,0.7576388888888889
4154,Воронеж,3350,In Transit,31/03/24 23:59,14.865263817199073
4160,Пермь,3366,Delivered,17/03/24 01:33,-0.26458333333333334
4160,Пермь,3368,In Transit,31/03/24 23:59,12.159555948958333
4160,Пермь,3373,Delivered,19/03/24 20:56,1.7645833333333334
4161,Казань,1548,Returned,31/03/24 23:59,37.35744509508102
4161,Казань,1549,In Transit,31/03/24 23:59,37.45936466888889
4161,Казань,2743,Delivered,13/03/24 01:18,1.7986111111111112
4162,Ижевск,2453,Returned,31/03/24 23:59,24.949238404351853
4162,Ижевск,4292,Delivered,29/03/24 00:08,0.41597222222222224
4165,Волгоград,3221,In Transit,31/03/24 23:59,13.010815474305556
4165,Волгоград,3225,Delivered,21/03/24 11:48,3.0902777777777777
4166,Нижний Новгород,2389,Returned,31/03/24 23:59,22.259453137847224
4170,Красноярск,5026,Returned,31/03/24 23:59,-5.210930241724538
4173,Нижний Новгород,1459,Delivered,22/02/24 15:47,3.1847222222222222
4173,Нижний Новгород,1462,Delivered,21/02/24 04:15,0.15694444444444444
4174,Нижний Новгород,4230,Delivered,25/03/24 16:50,-0.6701388888888888
4176,Уфа,4902,Returned,31/03/24 23:59,-2.8921716456134257
4176,Уфа,4904,In Transit,31/03/24 23:59,-2.5509829316319443
4178,Пермь,1529,In Transit,31/03/24 23:59,37.02435234034722
4183,Санкт-Петербург,1546,In Transit,31/03/24 23:59,35.87335439215278
4185,Ижевск,3784,Returned,31/03/24 23:59,6.042550604803241
4185,Ижевск,3789,Returned,31/03/24 23:59,5.747413955578703
4186,Тольятти,1984,Delivered,01/03/24 12:49,1.4472222222222222
4186,Тольятти,4964,Returned,31/03/24 23:59,-5.849959187962963
4187,Воронеж,1414,Delivered,21/02/24 03:54,1.1222222222222222
4189,Москва,1515,In Transit,31/03/24 23:59,37.98266611576389
4189,Москва,2886,Delivered,16/03/24 23:07,1.8652777777777778
4190,Новосибирск,3130,Delivered,15/03/24 23:16,1.7868055555555555
4191,Омск,1076,Delivered,13/02/24 19:56,-0.1388888888888889
4191,Омск,1077,In Transit,31/03/24 23:59,45.85798400594907
4195,Уфа,2484,Delivered,07/03/24 10:21,-0.7493055555555556
4199,Новосибирск,3655,Delivered,21/03/24 04:17,-0.8256944444444444
4199,Новосибирск,4303,In Transit,31/03/24 23:59,2.896294609988426
4199,Новосибирск,4305,In Transit,31/03/24 23:59,2.7126123775925928
4199,Новосибирск,4308,In Transit,31/03/24 23:59,1.6153988290740742
4201,Воронеж,3852,In Transit,31/03/24 23:59,6.392581221886575
4202,Тюмень,2510,Returned,31/03/24 23:59,20.821106294895834
4204,Нижний Новгород,2041,Delivered,01/03/24 06:13,0.7854166666666667
4207,Москва,4074,Delivered,27/03/24 08:34,1.6034722222222222
4207,Москва,4079,Delivered,24/03/24 14:14,-0.8083333333333333
4207,Москва,4333,Delivered,27/03/24 10:47,1.2534722222222223
4210,Екатеринбург,1444,Delivered,22/02/24 14:44,0.1763888888888889
4210,Екатеринбург,3924,Returned,31/03/24 23:59,7.448789158969908
4211,Казань,2525,Delivered,11/03/24 15:59,1.332638888888889
4215,Тольятти,2834,Returned,31/03/24 23:59,17.69034047556713
4217,Санкт-Петербург,3402,In Transit,31/03/24 23:59,12.076497548159722
4217,Санкт-Петербург,3403,In Transit,31/03/24 23:59,13.714021249837964
4220,Саратов,1311,In Transit,31/03/24 23:59,42.69490400675926
4222,Саратов,1097,Delivered,13/02/24 15:56,1.01875
4222,Саратов,1098,Delivered,14/02/24 02:16,1.4833333333333334
4222,Саратов,1874,Returned,31/03/24 23:59,32.171666279282405
4224,Ижевск,1617,Delivered,21/02/24 11:35,-0.8215277777777777
4224,Ижевск,2039,Returned,31/03/24 23:59,27.67110590996528
4229,Москва,2999,Delivered,17/03/24 17:36,1.9013888888888888
4236,Красноярск,1372,Returned,31/03/24 23:59,40.51709506824074
4236,Красноярск,1373,In Transit,31/03/24 23:59,39.03214770325231
4237,Новосибирск,1611,In Transit,31/03/24 23:59,34.53347466133101
4237,Новосибирск,1612,Delivered,25/02/24 13:44,0.8868055555555555
4237,Новосибирск,3175,Returned,31/03/24 23:59,11.678024141354168
4237,Новосибирск,5080,Returned,31/03/24 23:59,-6.807029904467592
4237,Новосибирск,5084,Delivered,07/04/24 21:29,3.4458333333333333
4238,Волгоград,2956,Returned,31/03/24 23:59,14.261660284097223
4238,Волгоград,4107,Returned,31/03/24 23:59,4.546469318541667
4240,Екатеринбург,1745,In Transit,31/03/24 23:59,32.96460937236111
4240,Екатеринбург,2822,Returned,31/03/24 23:59,18.36178740748843
4241,Москва,1299,Delivered,20/02/24 10:24,1.729861111111111
4241,Москва,1301,Returned,31/03/24 23:59,38.80543717122685
4242,Воронеж,4761,In Transit,31/03/24 23:59,-0.8576225969907407
4242,Воронеж,4762,Returned,31/03/24 23:59,-2.1008305803819445
4242,Воронеж,4763,Delivered,31/03/24 17:24,1.3993055555555556
4243,Екатеринбург,4065,Returned,31/03/24 23:59,5.645248836724537
4243,Екатеринбург,4072,Delivered,30/03/24 01:45,2.26875
4245,Уфа,4436,In Transit,31/03/24 23:59,2.1480196184837963
4245,Уфа,4439,In Transit,31/03/24 23:59,3.8737959419097225
4251,Ижевск,3313,In Transit,31/03/24 23:59,12.720743651030094
4253,Челябинск,960,Returned,31/03/24 23:59,46.31212659589121
4256,Пермь,3730,In Transit,31/03/24 23:59,7.860551426134259
4258,Воронеж,2138,In Transit,31/03/24 23:59,29.251214439305556
4259,Екатеринбург,997,Returned,31/03/24 23:59,44.27383177798611
4260,Омск,2898,Delivered,14/03/24 07:26,0.10277777777777777
4263,Омск,4697,Returned,31/03/24 23:59,-0.1321173635763889
4263,Омск,4704,In Transit,31/03/24 23:59,-1.3506545296874999
4263,Омск,4705,Delivered,30/03/24 02:30,-0.7722222222222223
4263,Омск,4706,Delivered,31/03/24 01:43,0.45069444444444445
4266,Екатеринбург,2229,Delivered,01/03/24 14:34,-0.49375
4266,Екатеринбург,2608,Returned,31/03/24 23:59,22.678418855104166
4267,Омск,3974,Delivered,28/03/24 00:57,-1.0
4268,Самара,5110,In Transit,31/03/24 23:59,-5.573480499016204
4271,Нижний Новгород,2581,Delivered,07/03/24 13:28,0.1875
4276,Омск,1162,In Transit,31/03/24 23:59,42.32751256100694
4276,Омск,2681,Delivered,12/03/24 05:04,3.2263888888888888
4277,Екатеринбург,3467,Delivered,20/03/24 19:14,0.33611111111111114
4279,Челябинск,3324,Returned,31/03/24 23:59,11.53412708488426
4281,Тольятти,1381,Delivered,18/02/24 20:06,-0.5159722222222223
4286,Омск,3095,Returned,31/03/24 23:59,12.33430283892361
4287,Омск,4407,Returned,31/03/24 23:59,0.12656757371527777
4288,Екатеринбург,1084,Delivered,20/02/24 20:26,3.5104166666666665
4292,Самара,2555,In Transit,31/03/24 23:59,20.90717909559028
4294,Ростов-на-Дону,2865,Returned,31/03/24 23:59,16.62620305684028
4294,Ростов-на-Дону,2866,In Transit,31/03/24 23:59,17.703554078541668
4300,Нижний Новгород,1519,In Transit,31/03/24 23:59,37.23893645188657
4302,Ростов-на-Дону,2474,Delivered,07/03/24 21:18,0.23819444444444443
4307,Краснодар,1716,Delivered,27/02/24 20:52,0.8555555555555555
4309,Нижний Новгород,1947,Returned,31/03/24 23:59,29.10369761803241
4309,Нижний Новгород,4331,In Transit,31/03/24 23:59,2.347354466458333
4309,Нижний Новгород,4337,In Transit,31/03/24 23:59,4.985146444409723
4311,Ростов-на-Дону,1756,Delivered,26/02/24 09:25,-0.61875
4311,Ростов-на-Дону,4090,Returned,31/03/24 23:59,5.593576283969908
4311,Ростов-на-Дону,4091,Delivered,28/03/24 22:33,1.757638888888889
4312,Ижевск,1431,Delivered,19/02/24 17:41,0.2111111111111111
4312,Ижевск,1432,Delivered,23/02/24 11:53,1.988888888888889
4312,Ижевск,2730,In Transit,31/03/24 23:59,20.406320608194445
4316,Самара,1592,Delivered,23/02/24 19:18,0.9979166666666667
4317,Саратов,3007,Returned,31/03/24 23:59,16.9690150371875
4317,Саратов,3009,Delivered,15/03/24 22:00,-0.18958333333333333
4319,Воронеж,3546,Returned,31/03/24 23:59,9.688830023333333
4323,Новосибирск,2765,Delivered,13/03/24 06:53,1.6458333333333333
4325,Казань,1925,In Transit,31/03/24 23:59,32.451101888888886
4326,Тюмень,4201,Delivered,30/03/24 20:15,2.7
4328,Челябинск,1323,In Transit,31/03/24 23:59,43.20215932313657
4328,Челябинск,1324,Returned,31/03/24 23:59,42.2321632750463
4328,Челябинск,1325,Delivered,22/02/24 20:18,2.7819444444444446
4328,Челябинск,1327,Returned,31/03/24 23:59,37.41340756353009
4328,Челябинск,1346,In Transit,31/03/24 23:59,39.94128693726852
4329,Волгоград,3744,Returned,31/03/24 23:59,7.031933010787037
4332,Уфа,1017,Delivered,15/02/24 15:26,0.46041666666666664
4332,Уфа,1020,Returned,31/03/24 23:59,45.073390640451386
4335,Новосибирск,2968,Delivered,18/03/24 08:18,3.582638888888889
4335,Новосибирск,2971,In Transit,31/03/24 23:59,19.1114932778125
4335,Новосибирск,2974,Delivered,16/03/24 18:36,1.7069444444444444
4335,Новосибирск,2976,In Transit,31/03/24 23:59,15.558081273958333
4335,Новосибирск,2977,In Transit,31/03/24 23:59,16.138168024675924
4335,Новосибирск,2979,In Transit,31/03/24 23:59,16.781864362013888
4336,Нижний Новгород,4678,Delivered,30/03/24 02:52,0.4131944444444444
4338,Тольятти,2760,In Transit,31/03/24 23:59,19.109169892824074
4338,Тольятти,2763,In Transit,31/03/24 23:59,19.39350416462963
4339,Красноярск,2708,Returned,31/03/24 23:59,19.438995330914352
4339,Красноярск,2709,Returned,31/03/24 23:59,20.828270963217594
4339,Красноярск,3597,Delivered,24/03/24 15:39,1.50625
4347,Пермь,1289,In Transit,31/03/24 23:59,39.79349580729167
4350,Уфа,4938,Delivered,06/04/24 05:23,1.0569444444444445
4352,Пермь,3386,Delivered,18/03/24 07:13,0.7680555555555556
4352,Пермь,3387,In Transit,31/03/24 23:59,14.598311874189816
4355,Челябинск,1700,In Transit,31/03/24 23:59,35.522146092256946
4356,Нижний Новгород,2250,Delivered,03/03/24 13:56,-0.7284722222222222
4356,Нижний Новгород,2252,Delivered,06/03/24 13:59,1.1041666666666667
4356,Нижний Новгород,2253,Delivered,02/03/24 21:23,1.0229166666666667
4358,Ижевск,2953,In Transit,31/03/24 23:59,18.223853613958333
4359,Омск,4166,Delivered,29/03/24 06:08,1.5520833333333333
4359,Омск,4441,In Transit,31/03/24 23:59,1.273343306585648
4360,Нижний Новгород,2490,Delivered,07/03/24 16:58,1.5965277777777778
4360,Нижний Новгород,2493,Delivered,07/03/24 20:31,1.073611111111111
4362,Омск,3158,Returned,31/03/24 23:59,15.837396035567131
4362,Омск,3159,In Transit,31/03/24 23:59,14.10564797460648
4364,Уфа,2825,Returned,31/03/24 23:59,19.522692811805555
4365,Челябинск,4881,Delivered,03/04/24 08:19,0.44166666666666665
4367,Тюмень,1457,Delivered,18/02/24 22:31,-0.48333333333333334
4369,Омск,4002,Delivered,24/03/24 20:58,-0.13402777777777777
4371,Красноярск,1954,In Transit,31/03/24 23:59,32.66699464305556
4371,Красноярск,1955,Returned,31/03/24 23:59,32.08730635252315
4372,Уфа,3564,Returned,31/03/24 23:59,7.72492032130787
4375,Нижний Новгород,2547,Delivered,08/03/24 23:00,0.8270833333333333
4375,Нижний Новгород,2548,Delivered,09/03/24 21:23,1.2368055555555555
4380,Новосибирск,2504,Delivered,12/03/24 02:54,2.104861111111111
4387,Пермь,3991,In Transit,31/03/24 23:59,7.081611135625
4390,Екатеринбург,2534,In Transit,31/03/24 23:59,20.879853096469905
4391,Пермь,4591,In Transit,31/03/24 23:59,0.05418631423611111
4393,Челябинск,2925,Delivered,16/03/24 01:58,1.5756944444444445
4396,Казань,3837,In Transit,31/03/24 23:59,9.836161417187501
4397,Нижний Новгород,1969,Delivered,04/03/24 13:06,3.5694444444444446
4397,Нижний Новгород,1970,Delivered,29/02/24 22:09,1.2173611111111111
4398,Нижний Новгород,2596,Returned,31/03/24 23:59,19.50494938145833
4399,Казань,3275,Delivered,21/03/24 01:55,2.0256944444444445
4402,Уфа,2411,Delivered,09/03/24 09:17,3.7333333333333334
4402,Уфа,3904,Delivered,26/03/24 05:24,1.2909722222222222
4405,Ростов-на-Дону,1651,Returned,31/03/24 23:59,32.86653501125
4410,Волгоград,3186,Delivered,20/03/24 07:18,1.6618055555555555
4411,Казань,988,Returned,31/03/24 23:59,43.812502775451385
4411,Казань,2947,Delivered,14/03/24 19:50,-0.8222222222222222
4417,Ростов-на-Дону,4043,Returned,31/03/24 23:59,2.405041378854167
4419,Воронеж,3604,Delivered,21/03/24 00:30,-0.5763888888888888
4424,Волгоград,2244,Delivered,04/03/24 00:58,0.9611111111111111
4424,Волгоград,2245,Returned,31/03/24 23:59,27.029268698726852
4424,Волгоград,2702,Delivered,10/03/24 12:23,-0.9104166666666667
4425,Ижевск,1448,Delivered,22/02/24 02:38,1.3722222222222222
4425,Ижевск,3412,Delivered,19/03/24 20:56,0.03611111111111111
4430,Саратов,2556,In Transit,31/03/24 23:59,24.17033500703704
4432,Саратов,4974,In Transit,31/03/24 23:59,-4.636565108240741
4432,Саратов,4976,Delivered,06/04/24 11:20,1.4291666666666667
4433,Москва,2046,Delivered,03/03/24 07:50,-0.7854166666666667
4433,Москва,2047,Delivered,02/03/24 12:31,1.8194444444444444
4434,Уфа,3848,Delivered,25/03/24 10:36,3.0458333333333334
4437,Самара,2907,Delivered,15/03/24 04:52,3.4368055555555554
4442,Санкт-Петербург,1370,In Transit,31/03/24 23:59,41.39966990489583
4445,Красноярск,2023,Delivered,02/03/24 21:47,2.577777777777778
4449,Нижний Новгород,3353,Returned,31/03/24 23:59,9.56403175017361
4449,Нижний Новгород,3357,Delivered,22/03/24 11:14,1.7541666666666667
4449,Нижний Новгород,3362,Delivered,20/03/24 21:49,1.3284722222222223
4449,Нижний Новгород,3363,Delivered,19/03/24 22:43,1.2909722222222222
4450,Новосибирск,1983,Delivered,04/03/24 14:21,2.5277777777777777
4451,Екатеринбург,1643,Delivered,29/02/24 04:49,3.4298611111111112
4454,Саратов,2432,Returned,31/03/24 23:59,22.794175144467594
4455,Краснодар,3858,Delivered,26/03/24 03:21,1.6715277777777777
4458,Новосибирск,1337,Delivered,18/02/24 18:38,-0.3375
4458,Новосибирск,2034,Returned,31/03/24 23:59,29.93334954135417
4459,Ижевск,1303,Delivered,19/02/24 10:10,-0.42986111111111114
4465,Тюмень,3137,In Transit,31/03/24 23:59,16.793945124560185
4466,Санкт-Петербург,1086,Returned,31/03/24 23:59,45.9070434321875
4466,Санкт-Петербург,1089,In Transit,31/03/24 23:59,46.995461868368054
4467,Самара,1537,In Transit,31/03/24 23:59,35.70254009057871
4468,Тюмень,1941,In Transit,31/03/24 23:59,29.91281287028935
4468,Тюмень,1942,In Transit,31/03/24 23:59,33.181840217476854
4468,Тюмень,3319,Delivered,16/03/24 13:00,0.4215277777777778
4469,Уфа,2636,In Transit,31/03/24 23:59,22.809621042407407
4472,Уфа,4906,Returned,31/03/24 23:59,-3.830446044525463
4473,Красноярск,4855,Delivered,01/04/24 01:14,0.7673611111111112
4473,Красноярск,4856,In Transit,31/03/24 23:59,-2.901732378888889
4481,Тюмень,2969,Delivered,14/03/24 03:05,1.7090277777777778
4486,Красноярск,3680,Delivered,21/03/24 20:00,0.8152777777777778
4489,Самара,1321,In Transit,31/03/24 23:59,43.394490436041664
4489,Самара,1584,Returned,31/03/24 23:59,33.99239202511574
4491,Новосибирск,4869,Returned,31/03/24 23:59,-1.3128661725347222
4494,Омск,2697,In Transit,31/03/24 23:59,21.925448388032407
4496,Тольятти,4289,Delivered,26/03/24 22:57,-0.5118055555555555
4497,Тюмень,1795,In Transit,31/03/24 23:59,35.46264252908565
4498,Екатеринбург,4183,Returned,31/03/24 23:59,3.728707709085648
4499,Новосибирск,5075,Delivered,04/04/24 15:07,-0.034027777777777775
4500,Самара,3064,Delivered,16/03/24 02:30,1.2673611111111112
4501,Омск,1247,Delivered,16/02/24 22:16,0.6298611111111111
4501,Омск,2494,Returned,31/03/24 23:59,24.056727310636575
4504,Пермь,3922,Delivered,22/03/24 09:07,0.21597222222222223
4514,Челябинск,2964,In Transit,31/03/24 23:59,15.679947467222222
4515,Пермь,4259,Returned,31/03/24 23:59,1.2697259440972222
4524,Ижевск,4478,Returned,31/03/24 23:59,-0.5044628665740741
4526,Самара,3987,In Transit,31/03/24 23:59,4.802831065902778
4526,Самара,3989,Delivered,27/03/24 21:54,2.7743055555555554
4527,Казань,3212,Returned,31/03/24 23:59,15.276330853738427
4528,Омск,3028,Delivered,17/03/24 21:27,1.176388888888889
4528,Омск,3717,Returned,31/03/24 23:59,8.36982549880787
4531,Воронеж,1330,In Transit,31/03/24 23:59,39.60269096363426
4531,Воронеж,2208,Delivered,06/03/24 00:10,0.4340277777777778
4533,Челябинск,3139,Returned,31/03/24 23:59,15.747159369016204
4537,Новосибирск,2057,Delivered,04/03/24 19:32,1.5486111111111112
4537,Новосибирск,2058,In Transit,31/03/24 23:59,27.909349008275463
4538,Челябинск,2991,Returned,31/03/24 23:59,14.450595044375
4541,Воронеж,4347,Delivered,28/03/24 19:44,1.6229166666666666
4541,Воронеж,4348,Delivered,28/03/24 01:06,1.6909722222222223
4549,Москва,3337,Delivered,17/03/24 19:06,0.70625
4549,Москва,3338,Returned,31/03/24 23:59,12.390711453854168
4550,Новосибирск,1238,Delivered,16/02/24 07:56,0.6277777777777778
4550,Новосибирск,1240,Delivered,18/02/24 09:39,-1.0
4550,Новосибирск,1437,In Transit,31/03/24 23:59,39.674384860486114
4551,Саратов,3856,Delivered,22/03/24 04:47,-0.6159722222222223
4554,Нижний Новгород,1506,In Transit,31/03/24 23:59,38.76967706439815
4555,Самара,2712,Returned,31/03/24 23:59,17.58370946855324
4556,Ижевск,2996,Delivered,16/03/24 06:29,0.43194444444444446
4557,Волгоград,1978,Delivered,01/03/24 22:53,-0.7222222222222222
4557,Волгоград,2849,Delivered,15/03/24 02:44,1.1722222222222223
4557,Волгоград,2850,Delivered,15/03/24 23:01,1.5847222222222221
4558,Самара,2786,Returned,31/03/24 23:59,16.803320794131945
4560,Самара,3002,Delivered,16/03/24 15:01,0.6229166666666667
4561,Волгоград,1268,Delivered,22/02/24 05:15,2.58125
4561,Волгоград,1269,Returned,31/03/24 23:59,41.08941315461806
4563,Самара,3459,Delivered,17/03/24 22:55,0.3034722222222222
4566,Волгоград,3979,Returned,31/03/24 23:59,7.371123858449074
4567,Москва,1790,Delivered,27/02/24 17:05,0.2791666666666667
4567,Москва,1794,Delivered,28/02/24 18:57,-0.22708333333333333
4567,Москва,4932,In Transit,31/03/24 23:59,-3.739548418865741
4568,Тюмень,3110,Delivered,19/03/24 07:59,2.501388888888889
4568,Тюмень,3111,Delivered,14/03/24 17:44,-0.7590277777777777
4569,Пермь,1913,Returned,31/03/24 23:59,29.44767676994213
4569,Пермь,2536,Returned,31/03/24 23:59,19.65122713954861
4573,Краснодар,2269,In Transit,31/03/24 23:59,25.289449284733795
4573,Краснодар,2270,Delivered,08/03/24 23:38,3.967361111111111
4575,Краснодар,4712,Delivered,02/04/24 18:47,-0.20555555555555555
4576,Ижевск,4444,In Transit,31/03/24 23:59,2.9287007994791665
4582,Краснодар,1886,In Transit,31/03/24 23:59,34.06024843908565
4582,Краснодар,1887,Returned,31/03/24 23:59,32.40847895063658
4587,Красноярск,3669,Delivered,24/03/24 22:26,2.8493055555555555
4598,Саратов,1841,In Transit,31/03/24 23:59,31.12154954773148
4599,Красноярск,3867,In Transit,31/03/24 23:59,8.885498068159723
4601,Волгоград,1245,Delivered,18/02/24 10:54,1.6756944444444444
4602,Уфа,4161,Delivered,27/03/24 00:42,-0.8125
4604,Волгоград,1253,Returned,31/03/24 23:59,40.40568211805556
4604,Волгоград,1254,In Transit,31/03/24 23:59,42.51484181135417
4604,Волгоград,1255,Returned,31/03/24 23:59,40.88357097525463
4604,Волгоград,2038,Delivered,03/03/24 16:01,3.25625
4605,Тюмень,2649,In Transit,31/03/24 23:59,
4605,Тюмень,2787,Returned,31/03/24 23:59,19.07705101201389
4605,Тюмень,2789,Delivered,13/03/24 06:45,-0.7979166666666667
4605,Тюмень,3672,In Transit,31/03/24 23:59,11.34738975954861
4609,Ростов-на-Дону,1217,In Transit,31/03/24 23:59,42.89794293519676
4612,Ростов-на-Дону,1124,Delivered,19/02/24 17:33,1.5895833333333333
4619,Саратов,3475,Delivered,18/03/24 00:18,0.39444444444444443
4619,Саратов,3476,Delivered,22/03/24 09:52,0.7645833333333333
4619,Саратов,3477,In Transit,31/03/24 23:59,12.035107738449074
4628,Новосибирск,3242,Delivered,18/03/24 21:34,0.50625
4629,Санкт-Петербург,1552,Delivered,20/02/24 02:11,-0.8861111111111111
4631,Тюмень,1534,In Transit,31/03/24 23:59,36.621521055648145
4635,Казань,1786,Returned,31/03/24 23:59,29.932770331296293
4635,Казань,1787,Returned,31/03/24 23:59,33.73387435829861
4635,Казань,1997,In Transit,31/03/24 23:59,28.60807744100694
4635,Казань,1998,In Transit,31/03/24 23:59,31.876255015219908
4643,Екатеринбург,2279,In Transit,31/03/24 23:59,27.18799846408565
4643,Екатеринбург,2281,In Transit,31/03/24 23:59,27.093143704479168
4643,Екатеринбург,2685,Delivered,12/03/24 06:32,0.08888888888888889
4643,Екатеринбург,2687,Returned,31/03/24 23:59,17.65291791525463
4644,Волгоград,2698,In Transit,31/03/24 23:59,
4645,Омск,4589,In Transit,31/03/24 23:59,0.9413382473263889
4645,Омск,4590,Delivered,31/03/24 20:21,-0.7145833333333333
4650,Санкт-Петербург,1717,In Transit,31/03/24 23:59,35.26889386865741
4650,Санкт-Петербург,1726,In Transit,31/03/24 23:59,33.85132051134259
4654,Ростов-на-Дону,4944,Delivered,04/04/24 14:15,1.7145833333333333
4655,Казань,1173,In Transit,31/03/24 23:59,45.124252697430556
4659,Омск,4770,In Transit,31/03/24 23:59,0.26468701687499996
4660,Краснодар,1361,Delivered,21/02/24 15:41,-0.058333333333333334
4666,Тольятти,2017,Delivered,02/03/24 15:25,0.40625
4666,Тольятти,3591,Returned,31/03/24 23:59,10.426482246354167
4669,Пермь,5034,In Transit,31/03/24 23:59,-2.581507641469907
4669,Пермь,5039,Delivered,05/04/24 20:26,1.5138888888888888
4673,Тюмень,1455,Delivered,21/02/24 19:09,0.2673611111111111
4674,Тюмень,4168,Delivered,25/03/24 22:48,0.4215277777777778
4687,Саратов,3995,In Transit,31/03/24 23:59,4.461840624525463
4689,Санкт-Петербург,3651,Delivered,21/03/24 12:56,1.425
4700,Казань,3304,In Transit,31/03/24 23:59,13.564441619953703
4701,Омск,4625,Delivered,30/03/24 14:30,0.9895833333333334
4703,Уфа,2162,In Transit,31/03/24 23:59,29.687973864699075
4703,Уфа,2163,Delivered,05/03/24 01:19,0.3013888888888889
4705,Москва,1517,Returned,31/03/24 23:59,37.58271362697917
4705,Москва,3902,Delivered,25/03/24 16:16,-0.60625
4706,Казань,4497,In Transit,31/03/24 23:59,0.6168959641435185
4709,Санкт-Петербург,2129,In Transit,31/03/24 23:59,28.66494992767361
4711,Красноярск,2254,Returned,31/03/24 23:59,27.870249049768518
4711,Красноярск,3535,Returned,31/03/24 23:59,12.010190329953705
4713,Ижевск,4295,Returned,31/03/24 23:59,4.341295462662037
4718,Саратов,4513,Delivered,01/04/24 06:42,0.22708333333333333
4721,Волгоград,3204,Delivered,19/03/24 03:07,1.6590277777777778
4721,Волгоград,3864,In Transit,31/03/24 23:59,8.958597661805555
4726,Саратов,1440,Delivered,26/02/24 01:13,3.0479166666666666
4726,Саратов,1441,Returned,31/03/24 23:59,39.74445875979167
4726,Саратов,4207,Returned,31/03/24 23:59,4.016696805219907
4728,Нижний Новгород,4245,Delivered,25/03/24 21:14,-0.28055555555555556
4731,Уфа,4659,Delivered,31/03/24 18:01,-0.39652777777777776
4740,Уфа,1888,Delivered,26/02/24 12:52,-0.91875
4740,Уфа,1889,Delivered,28/02/24 20:10,1.9680555555555554
4741,Челябинск,1322,In Transit,31/03/24 23:59,43.255858119363424
4744,Омск,3679,Returned,31/03/24 23:59,10.49019577912037
4744,Омск,3681,Delivered,22/03/24 20:23,-0.4673611111111111
4744,Омск,3682,In Transit,31/03/24 23:59,11.499707414247686
4744,Омск,3685,In Transit,31/03/24 23:59,9.022379687152778
4746,Нижний Новгород,2829,In Transit,31/03/24 23:59,20.901426407604166
4753,Санкт-Петербург,2995,Delivered,14/03/24 14:33,1.7944444444444445
4762,Тольятти,3671,Delivered,25/03/24 06:07,1.7979166666666666
4763,Санкт-Петербург,3763,Delivered,22/03/24 06:33,-0.14097222222222222
4766,Уфа,1335,Returned,31/03/24 23:59,39.109173870011574
4767,Ижевск,3377,In Transit,31/03/24 23:59,11.971233810000001
4767,Ижевск,3378,Returned,31/03/24 23:59,10.802649668229167
4771,Омск,2314,Returned,31/03/24 23:59,22.830843513657406
4774,Краснодар,2458,Delivered,12/03/24 05:13,3.6708333333333334
4781,Новосибирск,4467,In Transit,31/03/24 23:59,1.0796641985995372
4781,Новосибирск,4470,Returned,31/03/24 23:59,0.5241164107407408
4786,Краснодар,3460,Delivered,21/03/24 12:55,0.34097222222222223
4790,Москва,3229,Returned,31/03/24 23:59,14.02628595824074
4790,Москва,3232,In Transit,31/03/24 23:59,13.677151462094908
4790,Москва,3238,Delivered,19/03/24 17:41,3.2131944444444445
4794,Саратов,1972,Returned,31/03/24 23:59,31.45628736340278
4795,Нижний Новгород,4918,Delivered,03/04/24 05:31,-0.5951388888888889
4795,Нижний Новгород,4920,In Transit,31/03/24 23:59,-1.776775428483796
4795,Нижний Новгород,4922,Returned,31/03/24 23:59,-5.550492161342593
4802,Уфа,3954,Returned,31/03/24 23:59,4.754337273240741
4806,Самара,3069,Delivered,17/03/24 00:20,-0.7277777777777777
4806,Самара,3070,Delivered,14/03/24 11:22,1.5159722222222223
4808,Ростов-на-Дону,5023,Returned,31/03/24 23:59,-4.367143484467593
4808,Ростов-на-Дону,5033,Delivered,07/04/24 04:56,1.3215277777777779
4810,Тольятти,2139,Delivered,01/03/24 12:12,0.13055555555555556
4811,Волгоград,3388,Delivered,22/03/24 15:33,3.2354166666666666
4814,Красноярск,3076,Delivered,18/03/24 04:13,3.2319444444444443
4818,Красноярск,1236,Delivered,17/02/24 22:46,-0.38263888888888886
4818,Красноярск,1237,Delivered,15/02/24 22:08,-0.7659722222222223
4818,Красноярск,1241,Returned,31/03/24 23:59,39.82635732719908
4822,Нижний Новгород,2275,Delivered,06/03/24 16:42,1.0770833333333334
4824,Самара,4188,In Transit,31/03/24 23:59,6.376027126782408
4824,Самара,4189,In Transit,31/03/24 23:59,3.8062514816550927
4829,Москва,1880,Returned,31/03/24 23:59,29.59872101631945
4829,Москва,1883,Delivered,01/03/24 14:16,0.23819444444444443
4833,Екатеринбург,3012,Delivered,11/03/24 15:49,-0.7020833333333333
4834,Екатеринбург,2021,In Transit,31/03/24 23:59,28.57324920329861
4836,Казань,1460,Delivered,25/02/24 08:43,1.6131944444444444
4836,Казань,1463,Returned,31/03/24 23:59,39.306490856030095
4838,Нижний Новгород,2415,Delivered,05/03/24 13:53,-0.8840277777777777
4840,Ижевск,2406,In Transit,31/03/24 23:59,22.715552148171298
4840,Ижевск,2408,Returned,31/03/24 23:59,23.257159076944443
4840,Ижевск,2409,Delivered,09/03/24 21:11,0.4173611111111111
4842,Воронеж,1413,In Transit,31/03/24 23:59,41.12243924915509
4846,Воронеж,4274,In Transit,31/03/24 23:59,2.7773785752314817
4847,Нижний Новгород,2292,In Transit,31/03/24 23:59,26.19933782613426
4847,Нижний Новгород,4163,Delivered,27/03/24 02:13,1.3118055555555554
4847,Нижний Новгород,4164,Delivered,29/03/24 07:18,2.4479166666666665
4853,Красноярск,3474,Returned,31/03/24 23:59,10.195989366030092
4855,Тюмень,2920,Returned,31/03/24 23:59,16.39758931252315
4858,Ростов-на-Дону,1680,Returned,31/03/24 23:59,35.84834946984954
4858,Ростов-на-Дону,1681,Delivered,24/02/24 12:30,1.207638888888889
4858,Ростов-на-Дону,1682,In Transit,31/03/24 23:59,35.636448450949075
4860,Екатеринбург,2267,Delivered,09/03/24 09:10,2.529861111111111
4861,Ростов-на-Дону,2312,In Transit,31/03/24 23:59,25.588523818854167
4861,Ростов-на-Дону,4512,Delivered,03/04/24 04:07,1.9236111111111112
4864,Пермь,2358,Delivered,09/03/24 14:59,1.9534722222222223
4865,Москва,1418,In Transit,31/03/24 23:59,39.63728024539352
4865,Москва,2794,Returned,31/03/24 23:59,20.014110616493056
4872,Ростов-на-Дону,2884,Delivered,13/03/24 12:24,1.5604166666666666
4872,Ростов-на-Дону,2885,Delivered,15/03/24 01:57,3.248611111111111
4877,Краснодар,3133,Returned,31/03/24 23:59,11.542392432233795
4878,Новосибирск,2532,In Transit,31/03/24 23:59,22.103859131030095
4880,Санкт-Петербург,2625,Returned,31/03/24 23:59,22.240970180543982
4881,Ижевск,3957,Delivered,26/03/24 20:42,2.573611111111111
4881,Ижевск,4873,Delivered,03/04/24 14:02,3.0076388888888888
4892,Волгоград,2109,In Transit,31/03/24 23:59,30.77606648361111
4892,Волгоград,2521,Returned,31/03/24 23:59,20.83811116422454
4892,Волгоград,2889,Delivered,17/03/24 22:36,2.673611111111111
4895,Саратов,1623,In Transit,31/03/24 23:59,34.35278813387731
4896,Волгоград,2832,Returned,31/03/24 23:59,16.318039550625
4897,Ижевск,3203,In Transit,31/03/24 23:59,12.808148874872687
4899,Тюмень,3802,Returned,31/03/24 23:59,9.249728825520833
4901,Волгоград,2384,Delivered,08/03/24 13:51,1.01875
4903,Волгоград,2737,Delivered,11/03/24 06:13,0.009722222222222222
4905,Тольятти,4086,Delivered,26/03/24 05:37,2.2583333333333333
4906,Санкт-Петербург,2338,In Transit,31/03/24 23:59,25.67980000827546
4906,Санкт-Петербург,3877,Delivered,23/03/24 22:53,-0.37222222222222223
4906,Санкт-Петербург,3879,Delivered,25/03/24 04:38,-0.7520833333333333
4906,Санкт-Петербург,3881,Returned,31/03/24 23:59,6.23555786326389
4910,Новосибирск,3718,Returned,31/03/24 23:59,5.899819290833333
4910,Новосибирск,3719,In Transit,31/03/24 23:59,10.908676135925925
4910,Новосибирск,3720,Delivered,21/03/24 21:43,-0.27152777777777776
4911,Москва,4977,Delivered,02/04/24 21:52,1.2986111111111112
4914,Омск,2122,Delivered,29/02/24 15:51,0.22152777777777777
4914,Омск,3372,Delivered,21/03/24 15:15,1.46875
4916,Тюмень,2194,In Transit,31/03/24 23:59,26.127743955509263
4917,Омск,1483,Returned,31/03/24 23:59,35.63294591554398
4918,Москва,2011,Returned,31/03/24 23:59,29.226650681400464
4919,Екатеринбург,3835,In Transit,31/03/24 23:59,6.764155291828704
4919,Екатеринбург,3836,Delivered,24/03/24 18:35,3.408333333333333
4920,Челябинск,3569,Delivered,22/03/24 17:42,3.4
4920,Челябинск,3999,In Transit,31/03/24 23:59,7.163815332060185
4921,Уфа,1902,Returned,31/03/24 23:59,29.124947357800927
4921,Уфа,1904,In Transit,31/03/24 23:59,32.389555414606484
4924,Краснодар,2239,Delivered,04/03/24 20:59,-0.8694444444444445
4924,Краснодар,4150,In Transit,31/03/24 23:59,5.815735313715278
4924,Краснодар,4155,Returned,31/03/24 23:59,3.513836696273148
4925,Тольятти,4251,Returned,31/03/24 23:59,1.9177465175347221
4936,Екатеринбург,4108,Delivered,28/03/24 14:40,1.0805555555555555
4937,Тюмень,4559,Delivered,30/03/24 20:18,1.5666666666666667
4940,Новосибирск,2664,Delivered,08/03/24 14:18,-0.5527777777777778
4943,Ростов-на-Дону,2738,Delivered,13/03/24 08:04,1.5291666666666666
4948,Москва,1528,Delivered,23/02/24 22:14,1.5986111111111112
4948,Москва,1530,Returned,31/03/24 23:59,34.43315184503472
4951,Красноярск,4114,Delivered,23/03/24 23:14,-0.8965277777777778
4951,Красноярск,4117,Delivered,26/03/24 21:53,1.2958333333333334
4951,Красноярск,4121,Delivered,30/03/24 19:00,3.928472222222222
4951,Красноярск,4122,Delivered,28/03/24 20:17,0.96875
4953,Красноярск,3435,In Transit,31/03/24 23:59,
4960,Екатеринбург,4472,In Transit,31/03/24 23:59,2.593981987083333
4969,Воронеж,3369,Returned,31/03/24 23:59,13.85654744023148
4971,Екатеринбург,1568,Delivered,23/02/24 02:14,-0.8034722222222223
4972,Новосибирск,2225,Delivered,06/03/24 02:36,2.5
4983,Санкт-Петербург,3415,Delivered,18/03/24 17:47,-0.9979166666666667
4984,Краснодар,2699,Delivered,11/03/24 02:44,-0.9909722222222223
4984,Краснодар,2700,Delivered,09/03/24 06:43,1.1708333333333334
4993,Ижевск,2935,Delivered,16/03/24 05:14,0.6569444444444444
4993,Ижевск,2936,Delivered,15/03/24 16:42,1.43125
4993,Ижевск,2937,Delivered,14/03/24 04:11,1.0458333333333334
4995,Екатеринбург,1394,In Transit,31/03/24 23:59,41.89746753480324
4999,Новосибирск,1616,In Transit,31/03/24 23:59,35.40042315530093
5001,Саратов,3079,In Transit,31/03/24 23:59,17.698728517986112
5001,Саратов,3081,Delivered,15/03/24 18:47,1.5583333333333333
5002,Красноярск,3595,Delivered,24/03/24 03:03,1.94375
5002,Красноярск,3598,In Transit,31/03/24 23:59,11.55317322130787
5003,Саратов,4613,Delivered,31/03/24 19:19,0.7048611111111112
5004,Красноярск,2115,Delivered,07/03/24 02:34,3.2368055555555557
5004,Красноярск,2120,Delivered,04/03/24 06:31,0.6402777777777777
5004,Красноярск,2121,Delivered,04/03/24 14:00,-0.03958333333333333
5007,Красноярск,4235,Returned,31/03/24 23:59,4.846090181331019
5010,Уфа,3445,Delivered,21/03/24 21:21,2.777083333333333
5011,Челябинск,2336,In Transit,31/03/24 23:59,27.240788654456015
5011,Челябинск,2337,Returned,31/03/24 23:59,26.39933534306713
5011,Челябинск,4719,In Transit,31/03/24 23:59,-2.3558876018749997
5012,Нижний Новгород,1453,Delivered,19/02/24 15:44,0.30625
5013,Краснодар,2592,Delivered,12/03/24 05:28,1.9430555555555555
5013,Краснодар,2593,Delivered,11/03/24 13:22,3.9944444444444445
5015,Саратов,1594,In Transit,31/03/24 23:59,35.59433527174768
5016,Санкт-Петербург,1660,In Transit,31/03/24 23:59,36.194714343298614
5017,Ростов-на-Дону,2333,Delivered,08/03/24 02:07,1.6298611111111112
5021,Воронеж,2540,In Transit,31/03/24 23:59,
5022,Ижевск,2134,Delivered,04/03/24 07:03,1.4319444444444445
5023,Воронеж,1797,Delivered,02/03/24 07:37,3.551388888888889
5026,Челябинск,4156,Delivered,28/03/24 16:32,1.9305555555555556
5029,Нижний Новгород,2403,Delivered,07/03/24 14:36,1.4243055555555555
5029,Нижний Новгород,3480,Delivered,21/03/24 11:03,1.7152777777777777
5029,Нижний Новгород,3483,In Transit,31/03/24 23:59,11.256493290243055
5033,Тюмень,3804,In Transit,31/03/24 23:59,9.542789184976852
5035,Краснодар,2791,Delivered,12/03/24 04:36,0.20625
5035,Краснодар,2928,Delivered,13/03/24 19:27,1.207638888888889
5036,Челябинск,3308,Delivered,15/03/24 15:57,-0.9166666666666666
5036,Челябинск,3310,Returned,31/03/24 23:59,12.865264377627316
5037,Воронеж,2421,In Transit,31/03/24 23:59,23.669783491296297
5040,Тольятти,3830,In Transit,31/03/24 23:59,7.068436485138888
5042,Омск,3934,Delivered,25/03/24 04:01,-0.38680555555555557
5043,Уфа,3277,Delivered,21/03/24 14:50,2.004166666666667
5044,Челябинск,1687,Returned,31/03/24 23:59,32.19501665730324
5047,Новосибирск,4880,In Transit,31/03/24 23:59,-0.7227653337037037
5048,Ростов-на-Дону,3190,Returned,31/03/24 23:59,15.35197983488426
5048,Ростов-на-Дону,3192,Delivered,16/03/24 13:32,-0.9979166666666667
5052,Краснодар,1773,Returned,31/03/24 23:59,33.54857229068287
5059,Нижний Новгород,2106,Returned,31/03/24 23:59,28.904775981296293
5059,Нижний Новгород,2107,Delivered,04/03/24 15:56,-0.08611111111111111
5059,Нижний Новгород,2108,Delivered,03/03/24 14:34,-0.8805555555555555
5062,Волгоград,2344,Delivered,09/03/24 19:22,3.058333333333333
5063,Краснодар,1497,In Transit,31/03/24 23:59,37.61538977774306
5065,Ростов-на-Дону,2640,In Transit,31/03/24 23:59,21.717080621435187
5065,Ростов-на-Дону,2641,Returned,31/03/24 23:59,21.647203006180554
5067,Москва,4286,Returned,31/03/24 23:59,3.650219460960648
5069,Воронеж,4064,Returned,31/03/24 23:59,4.294803009548611
5069,Воронеж,4066,Delivered,28/03/24 23:44,1.9020833333333333
5069,Воронеж,4068,In Transit,31/03/24 23:59,7.246162691805556
5069,Воронеж,4071,Delivered,28/03/24 11:25,0.9444444444444444
5071,Казань,1832,Delivered,28/02/24 01:03,2.5881944444444445
5073,Самара,4327,Delivered,26/03/24 21:36,-0.9020833333333333
5073,Самара,4330,Delivered,27/03/24 09:55,1.4041666666666666
5075,Новосибирск,2984,Delivered,16/03/24 19:22,3.0395833333333333
5078,Казань,4239,Delivered,27/03/24 10:04,-0.6701388888888888
5078,Казань,4241,Delivered,28/03/24 18:25,3.3680555555555554
5093,Нижний Новгород,1975,Returned,31/03/24 23:59,29.52188043981482
5096,Волгоград,2110,Delivered,29/02/24 12:23,-0.2743055555555556
5096,Волгоград,2111,In Transit,31/03/24 23:59,28.78561545645833
5096,Волгоград,2112,Delivered,04/03/24 10:22,3.2
5096,Волгоград,3458,Delivered,25/03/24 04:48,3.8340277777777776
5101,Новосибирск,3132,In Transit,31/03/24 23:59,16.396905243888888
5104,Челябинск,4636,Delivered,01/04/24 20:56,3.8340277777777776
5105,Челябинск,3030,Delivered,16/03/24 06:15,3.311111111111111
5110,Уфа,1378,Delivered,21/02/24 00:33,-0.23541666666666666
5112,Новосибирск,2487,Returned,31/03/24 23:59,20.439399698576388
5115,Краснодар,2478,Delivered,09/03/24 07:32,1.6208333333333333
5115,Краснодар,2483,In Transit,31/03/24 23:59,23.110271729826387
5119,Омск,2211,Delivered,04/03/24 06:09,-0.8930555555555556
5119,Омск,2213,Delivered,08/03/24 06:22,1.9013888888888888
5119,Омск,2216,Returned,31/03/24 23:59,23.488357749907408
5119,Омск,2218,Returned,31/03/24 23:59,26.026072440694445
5121,Санкт-Петербург,4402,Delivered,31/03/24 19:56,1.0263888888888888
5121,Санкт-Петербург,4403,In Transit,31/03/24 23:59,2.674437111284722
5121,Санкт-Петербург,4405,In Transit,31/03/24 23:59,1.6208481866782407
5126,Ростов-на-Дону,2018,Delivered,01/03/24 19:04,-0.11458333333333333
5130,Новосибирск,2670,Returned,31/03/24 23:59,21.500569917303242
5136,Самара,4492,Delivered,02/04/24 05:37,1.4145833333333333
5140,Самара,3200,Delivered,19/03/24 03:07,1.7715277777777778
5147,Екатеринбург,2473,Returned,31/03/24 23:59,21.036392462708335
5147,Екатеринбург,4601,Delivered,29/03/24 17:30,-0.8756944444444444
5150,Краснодар,3883,In Transit,31/03/24 23:59,7.416415697048611
5154,Пермь,2915,Returned,31/03/24 23:59,14.79495371630787
5155,Самара,4675,Returned,31/03/24 23:59,-0.3829082805092593
5155,Самара,4677,Delivered,31/03/24 10:00,-0.18263888888888888
5156,Волгоград,3436,Delivered,18/03/24 18:27,0.38333333333333336
5157,Уфа,2741,Delivered,12/03/24 20:16,0.24305555555555555
5157,Уфа,2742,Delivered,11/03/24 19:06,1.7375
5161,Тюмень,2524,In Transit,31/03/24 23:59,21.708143492858795
5162,Омск,2557,Delivered,09/03/24 21:30,1.917361111111111
5165,Санкт-Петербург,1852,Delivered,27/02/24 12:33,1.0520833333333333
5165,Санкт-Петербург,1854,Delivered,28/02/24 22:52,-0.10416666666666667
5174,Нижний Новгород,1845,In Transit,31/03/24 23:59,34.368190602256945
5178,Москва,3775,Returned,31/03/24 23:59,7.740872851655093
5179,Екатеринбург,3667,Returned,31/03/24 23:59,7.039258220706018
5179,Екатеринбург,3668,Delivered,21/03/24 09:23,1.211111111111111
5182,Санкт-Петербург,1718,Delivered,28/02/24 15:08,0.8444444444444444
5182,Санкт-Петербург,1719,Delivered,26/02/24 19:25,0.1840277777777778
5182,Санкт-Петербург,1725,Returned,31/03/24 23:59,34.60475414087963
5183,Москва,3141,Delivered,15/03/24 08:26,1.4076388888888889
5183,Москва,3142,In Transit,31/03/24 23:59,13.446302660219908
5187,Самара,3291,In Transit,31/03/24 23:59,12.72988727159722
5188,Воронеж,3976,Delivered,25/03/24 08:08,1.0347222222222223
5190,Москва,1944,In Transit,31/03/24 23:59,31.132903747534723
5193,Челябинск,1735,Delivered,25/02/24 05:30,-0.9347222222222222
5202,Омск,2758,Delivered,11/03/24 19:26,-1.601388888888889
5209,Казань,2256,In Transit,31/03/24 23:59,24.992843544675928
5209,Казань,2257,Delivered,05/03/24 20:00,1.3430555555555554
5212,Тюмень,1711,In Transit,31/03/24 23:59,34.829021907627315
5212,Тюмень,1712,Delivered,26/02/24 21:33,1.6645833333333333
5216,Тольятти,1988,Delivered,01/03/24 10:36,1.1916666666666667
5219,Тольятти,1714,In Transit,31/03/24 23:59,34.183419334953705
5221,Казань,2673,Returned,31/03/24 23:59,19.825798388020832
5225,Казань,2463,In Transit,31/03/24 23:59,24.633427601608798
5225,Казань,2470,Delivered,10/03/24 03:29,0.6506944444444445
5226,Волгоград,3808,Delivered,22/03/24 03:19,1.0055555555555555
5227,Москва,4003,Returned,31/03/24 23:59,5.552586463333333
5228,Казань,4075,Delivered,29/03/24 14:54,1.2854166666666667
5229,Тюмень,1858,In Transit,31/03/24 23:59,33.96466785596065
5230,Красноярск,2798,Delivered,14/03/24 17:54,1.29375
5234,Красноярск,2103,Delivered,04/03/24 19:05,1.4076388888888889
5239,Уфа,1875,Delivered,28/02/24 23:34,-0.20069444444444445
5241,Саратов,3143,Returned,31/03/24 23:59,14.166621083796295
5243,Самара,1673,Returned,31/03/24 23:59,32.81304470879629
5244,Казань,1561,In Transit,31/03/24 23:59,39.012571137592595
5248,Красноярск,1707,Delivered,27/02/24 13:49,0.44305555555555554
5249,Омск,3750,Returned,31/03/24 23:59,5.5393415075
5252,Нижний Новгород,3123,Delivered,15/03/24 04:03,0.9263888888888889
5252,Нижний Новгород,3125,Returned,31/03/24 23:59,12.899001799687499
5255,Тольятти,3910,In Transit,31/03/24 23:59,6.810969106979167
5258,Новосибирск,4945,Delivered,03/04/24 18:59,1.9583333333333333
5262,Екатеринбург,2989,Delivered,12/03/24 22:20,0.9659722222222222
5262,Екатеринбург,2990,Delivered,17/03/24 08:18,1.5555555555555556
5271,Омск,2240,Returned,31/03/24 23:59,27.59695022545139
5272,Воронеж,1804,Delivered,27/02/24 11:47,-0.2326388888888889
5272,Воронеж,2610,In Transit,31/03/24 23:59,23.36233878684028
5272,Воронеж,2612,In Transit,31/03/24 23:59,23.86461385271991
5273,Екатеринбург,3331,Returned,31/03/24 23:59,13.604043143958334
5274,Екатеринбург,1882,Returned,31/03/24 23:59,28.71279649909722
5277,Пермь,2090,In Transit,31/03/24 23:59,29.247318794444446
5277,Пермь,2091,Delivered,02/03/24 17:58,0.21597222222222223
5295,Ижевск,2537,Delivered,09/03/24 18:49,0.7236111111111111
5301,Ростов-на-Дону,3153,Delivered,15/03/24 07:21,1.0979166666666667
5305,Санкт-Петербург,3218,Delivered,17/03/24 09:50,2.6951388888888888
5308,Краснодар,4386,Returned,31/03/24 23:59,3.3152285285185186
5316,Нижний Новгород,4676,In Transit,31/03/24 23:59,-1.6633094844212963
5317,Новосибирск,2391,Delivered,09/03/24 10:06,1.4215277777777777
5317,Новосибирск,3965,Delivered,23/03/24 16:42,-0.4263888888888889
5318,Самара,2875,Delivered,12/03/24 20:51,1.3631944444444444
5318,Самара,2876,Delivered,14/03/24 21:07,1.1444444444444444
5320,Челябинск,1749,Delivered,27/02/24 04:05,2.2666666666666666
5323,Пермь,4779,Delivered,02/04/24 19:48,3.11875
5323,Пермь,4780,Returned,31/03/24 23:59,-1.8704839956828707
5323,Пермь,4781,Delivered,04/04/24 11:12,1.7805555555555554
5330,Самара,4495,In Transit,31/03/24 23:59,1.338479384386574
5331,Ростов-на-Дону,2078,In Transit,31/03/24 23:59,30.0417874990625
5331,Ростов-на-Дону,2135,Delivered,08/03/24 07:12,3.2631944444444443
5331,Ростов-на-Дону,2137,Delivered,07/03/24 14:06,3.7888888888888888
5333,Нижний Новгород,1976,In Transit,31/03/24 23:59,31.981731545439814
5335,Омск,2654,Delivered,10/03/24 02:35,-0.6180555555555556
5340,Воронеж,3536,Delivered,22/03/24 13:49,1.9708333333333334
5342,Краснодар,2491,In Transit,31/03/24 23:59,23.876180161747687
5342,Краснодар,2492,Delivered,13/03/24 00:28,2.61875
5342,Краснодар,2496,Delivered,08/03/24 08:52,-0.7590277777777777
5349,Омск,3609,In Transit,31/03/24 23:59,8.853453497800926
5360,Пермь,3683,In Transit,31/03/24 23:59,9.040660386875
5360,Пермь,3684,Returned,31/03/24 23:59,7.508695388425926
5362,Красноярск,3686,Delivered,24/03/24 02:56,1.0569444444444445
5362,Красноярск,3687,In Transit,31/03/24 23:59,11.067732202407408
5365,Воронеж,2597,Returned,31/03/24 23:59,22.050872425543982
5365,Воронеж,2598,Delivered,07/03/24 11:47,0.5569444444444445
5368,Казань,2728,Delivered,10/03/24 05:50,1.1444444444444444
5371,Уфа,2549,Delivered,10/03/24 08:11,1.2444444444444445
5371,Уфа,2550,In Transit,31/03/24 23:59,22.328059331608795
5378,Нижний Новгород,3621,Delivered,19/03/24 04:23,-0.5736111111111111
5378,Нижний Новгород,3958,Delivered,22/03/24 17:10,-0.6118055555555556
5382,Волгоград,2101,Delivered,02/03/24 00:34,1.3479166666666667
5384,Самара,4140,Delivered,30/03/24 14:51,2.4625
5389,Саратов,2580,Delivered,11/03/24 12:28,1.4638888888888888
5389,Саратов,3047,Delivered,15/03/24 18:27,1.0534722222222221
5391,Екатеринбург,2867,Returned,31/03/24 23:59,19.19748982576389
5391,Екатеринбург,2868,Returned,31/03/24 23:59,15.039418473761573
5391,Екатеринбург,2870,Delivered,17/03/24 05:06,2.477777777777778
5395,Казань,1877,Delivered,28/02/24 15:59,0.5125
5402,Нижний Новгород,3433,Returned,31/03/24 23:59,9.880420559201388
5402,Нижний Новгород,3438,Returned,31/03/24 23:59,11.26365747449074
5405,Уфа,2993,Returned,31/03/24 23:59,13.655293666423612
5406,Воронеж,4154,Delivered,27/03/24 04:10,1.1333333333333333
5412,Нижний Новгород,3530,In Transit,31/03/24 23:59,12.924167528912038
5413,Нижний Новгород,1666,Returned,31/03/24 23:59,33.67928792875
5415,Самара,3466,Delivered,23/03/24 03:42,2.970138888888889
5417,Ижевск,2899,Delivered,12/03/24 20:20,0.5875
5417,Ижевск,2903,Delivered,09/03/24 22:13,-0.9493055555555555
5423,Екатеринбург,2033,Returned,31/03/24 23:59,29.766305069525465
5426,Пермь,1783,Delivered,28/02/24 18:59,1.5541666666666667
5437,Ижевск,2940,Delivered,17/03/24 16:07,1.2875
5441,Красноярск,1591,Delivered,23/02/24 04:35,1.1215277777777777
5441,Красноярск,3114,In Transit,31/03/24 23:59,16.895835251087963
5441,Красноярск,3115,Returned,31/03/24 23:59,13.31580228019676
5442,Новосибирск,2650,Delivered,09/03/24 10:00,0.8173611111111111
5442,Новосибирск,3374,In Transit,31/03/24 23:59,12.246721810810184
5445,Тольятти,5089,In Transit,31/03/24 23:59,-3.000823067164352
5449,Воронеж,3089,Delivered,12/03/24 11:12,-0.8368055555555556
5450,Красноярск,2061,Returned,31/03/24 23:59,26.12696464346065
5453,Омск,1805,In Transit,31/03/24 23:59,31.91282617939815
5456,Краснодар,2599,In Transit,31/03/24 23:59,22.666586579513886
5458,Казань,3481,Delivered,22/03/24 03:00,0.1673611111111111
5460,Краснодар,3816,In Transit,31/03/24 23:59,10.062174974490741
5461,Волгоград,2614,In Transit,31/03/24 23:59,21.40089485960648
5465,Воронеж,4054,Delivered,25/03/24 19:11,-0.6131944444444445
5466,Ижевск,1690,Delivered,28/02/24 09:10,0.7388888888888889
5467,Пермь,2263,Delivered,02/03/24 06:33,-0.4083333333333333
5467,Пермь,2264,In Transit,31/03/24 23:59,25.370342469756945
5467,Пермь,2368,Delivered,05/03/24 12:29,-0.51875
5469,Челябинск,3264,Returned,31/03/24 23:59,14.37485746638889
5469,Челябинск,5106,Returned,31/03/24 23:59,-4.51304486525463
5469,Челябинск,5108,Delivered,07/04/24 15:27,-1.0
5476,Пермь,3011,Delivered,17/03/24 05:41,1.8965277777777778
5479,Воронеж,1721,Returned,31/03/24 23:59,32.58318157668982
5479,Воронеж,1724,Delivered,27/02/24 07:50,1.6902777777777778
5480,Москва,3379,In Transit,31/03/24 23:59,13.822909645138889
5480,Москва,4614,Delivered,31/03/24 05:56,1.0833333333333333
5480,Москва,4615,In Transit,31/03/24 23:59,0.5651601506134258
5488,,4355,Delivered,27/03/24 08:22,-0.6465277777777778
5492,Челябинск,3913,Delivered,24/03/24 09:00,1.042361111111111
5495,Екатеринбург,1945,Returned,31/03/24 23:59,30.05590571266204
5502,Нижний Новгород,2189,Delivered,05/03/24 03:09,-0.8583333333333333
5503,Санкт-Петербург,1926,In Transit,31/03/24 23:59,30.96469145818287
5504,Самара,3745,Returned,31/03/24 23:59,7.532120698101852
5505,Красноярск,4724,In Transit,31/03/24 23:59,-1.167685667974537
5511,Омск,3487,Delivered,18/03/24 02:22,-0.9958333333333333
5513,Красноярск,4301,Returned,31/03/24 23:59,4.037112803310185
5519,Нижний Новгород,3635,Delivered,21/03/24 19:18,-0.8597222222222223
5524,Екатеринбург,2180,In Transit,31/03/24 23:59,29.511039571493058
5529,Уфа,1705,In Transit,31/03/24 23:59,33.17165996993055
5529,Уфа,3788,Delivered,20/03/24 21:45,-0.63125
5529,Уфа,3794,Delivered,26/03/24 10:19,2.3125
5529,Уфа,3795,Delivered,22/03/24 02:33,-0.30486111111111114
5534,Самара,3189,Delivered,21/03/24 13:08,3.7708333333333335
5541,Уфа,3969,In Transit,31/03/24 23:59,6.634870797349538
5543,Тольятти,1727,Delivered,25/02/24 00:18,0.09930555555555555
5544,Уфа,4069,Returned,31/03/24 23:59,6.056069969375001
5544,Уфа,4073,Returned,31/03/24 23:59,5.158155018773148
5545,Нижний Новгород,1630,In Transit,31/03/24 23:59,34.77037022990741
5549,Саратов,4968,Returned,31/03/24 23:59,-3.272747060347222
5552,Нижний Новгород,2200,Delivered,05/03/24 02:54,3.4194444444444443
5553,Челябинск,4187,Returned,31/03/24 23:59,2.9871184616087962
5554,Ижевск,2965,Delivered,16/03/24 23:38,1.0131944444444445
5557,Челябинск,1830,In Transit,31/03/24 23:59,31.57331116053241
5559,Воронеж,4249,Delivered,26/03/24 23:43,0.5770833333333333
5559,Воронеж,4250,Delivered,31/03/24 06:24,1.2743055555555556
5561,Москва,2864,In Transit,31/03/24 23:59,19.82008039037037
5564,Волгоград,2813,In Transit,31/03/24 23:59,18.464006463900464
5567,Санкт-Петербург,4973,In Transit,31/03/24 23:59,-4.507269564293981
5569,Казань,4452,In Transit,31/03/24 23:59,1.7150600820601853
5577,Краснодар,3063,Delivered,14/03/24 17:00,-0.16597222222222222
5581,Ростов-на-Дону,4438,Delivered,29/03/24 06:39,-0.26319444444444445
5584,Екатеринбург,2732,In Transit,31/03/24 23:59,21.339837976875
5585,Воронеж,4756,In Transit,31/03/24 23:59,-2.3148163011689813
5586,Москва,3003,Delivered,18/03/24 01:36,1.8416666666666666
5589,Москва,3988,Delivered,27/03/24 20:24,2.002083333333333
5590,Нижний Новгород,2727,In Transit,31/03/24 23:59,21.345887659293982
5595,Краснодар,3663,Delivered,24/03/24 02:47,0.8805555555555555
5597,Уфа,2674,Delivered,12/03/24 22:01,1.5534722222222221
5597,Уфа,2675,Delivered,09/03/24 22:07,-0.9548611111111112
5603,Омск,4159,Returned,31/03/24 23:59,3.6002884024305555
5604,Волгоград,3322,Delivered,19/03/24 05:01,0.36875
5604,Волгоград,3323,In Transit,31/03/24 23:59,13.400537261377316
5604,Волгоград,3325,In Transit,31/03/24 23:59,12.398331329930556
5612,Краснодар,3399,Delivered,19/03/24 20:47,1.1340277777777779
5612,Краснодар,3401,Delivered,19/03/24 06:56,1.8284722222222223
5614,Уфа,4854,Delivered,03/04/24 18:31,1.0930555555555554
5617,Челябинск,2750,In Transit,31/03/24 23:59,21.55284223392361
5617,Челябинск,2751,Delivered,11/03/24 06:28,-1.0
5619,Воронеж,1670,Delivered,25/02/24 03:37,-0.41041666666666665
5623,Екатеринбург,2184,Returned,31/03/24 23:59,28.920211643333335
5623,Екатеринбург,2185,Returned,31/03/24 23:59,24.327863913113426
5623,Екатеринбург,4549,In Transit,31/03/24 23:59,0.13865994741898147
5624,Нижний Новгород,3294,Returned,31/03/24 23:59,12.628775723831017
5626,Ростов-на-Дону,2070,Returned,31/03/24 23:59,26.985779313136575
5626,Ростов-на-Дону,2071,Returned,31/03/24 23:59,27.318043872442132
5626,Ростов-на-Дону,2073,Delivered,29/02/24 14:09,-0.37916666666666665
5626,Ростов-на-Дону,4463,In Transit,31/03/24 23:59,2.673773450856481
5626,Ростов-на-Дону,4465,Delivered,01/04/24 08:02,1.5194444444444444
5629,Новосибирск,1674,In Transit,31/03/24 23:59,36.61100137903935
5631,Тюмень,1855,Delivered,29/02/24 15:02,0.8333333333333334
5633,Саратов,5041,Delivered,07/04/24 17:12,1.75625
5635,Самара,1918,In Transit,31/03/24 23:59,30.314226304791664
5635,Самара,1921,Delivered,01/03/24 20:06,-0.6291666666666667
5638,Ростов-на-Дону,3505,Delivered,20/03/24 06:29,1.7041666666666666
5638,Ростов-на-Дону,3511,Returned,31/03/24 23:59,10.7575208915625
5639,Уфа,4036,Returned,31/03/24 23:59,5.698032805243056
5646,Ижевск,2086,Returned,31/03/24 23:59,25.824683351458333
5647,Красноярск,1916,Returned,31/03/24 23:59,29.715048934004628
5648,Омск,4008,Delivered,26/03/24 06:38,3.4604166666666667
5650,Волгоград,3543,Delivered,19/03/24 10:59,0.23819444444444443
5651,Новосибирск,2488,Delivered,09/03/24 17:11,1.2555555555555555
5655,Саратов,2713,In Transit,31/03/24 23:59,21.83661388584491
5655,Саратов,2714,Delivered,09/03/24 13:33,-0.4375
5658,Челябинск,2957,Delivered,18/03/24 20:44,3.0631944444444446
5659,Самара,4396,Returned,31/03/24 23:59,2.9631235716319444
5659,Самара,4397,Delivered,27/03/24 13:48,0.5423611111111111
5662,,2291,In Transit,31/03/24 23:59,25.938855795625003
5665,Уфа,4669,Delivered,03/04/24 12:29,1.0458333333333334
5665,Уфа,4671,Returned,31/03/24 23:59,-0.44547584083333336
5666,Челябинск,4399,Delivered,29/03/24 21:56,0.24722222222222223
5666,Челябинск,4401,Delivered,29/03/24 08:17,-0.2875
5667,Красноярск,4345,In Transit,31/03/24 23:59,2.3654041546875
5675,Пермь,1679,Delivered,28/02/24 11:22,1.5881944444444445
5679,Новосибирск,4318,In Transit,31/03/24 23:59,3.8554246070949074
5679,Новосибирск,4319,Delivered,27/03/24 05:53,1.3965277777777778
5686,Воронеж,3227,Delivered,15/03/24 14:43,0.6555555555555556
5698,Екатеринбург,2817,Delivered,10/03/24 05:30,0.1326388888888889
5703,Саратов,3489,Delivered,22/03/24 00:34,0.6722222222222223
5710,Волгоград,2642,In Transit,31/03/24 23:59,21.511489843541668
5711,Нижний Новгород,3866,Returned,31/03/24 23:59,4.837086936041667
5716,Тюмень,3760,In Transit,31/03/24 23:59,7.45039045224537
5717,Нижний Новгород,1770,In Transit,31/03/24 23:59,32.27688188155093
5723,Тюмень,3504,Delivered,19/03/24 21:46,-0.03888888888888889
5727,Тюмень,1817,Delivered,27/02/24 18:03,2.910416666666667
5731,Омск,3703,Returned,31/03/24 23:59,7.386203006574075
5735,Волгоград,3439,Delivered,18/03/24 04:06,0.12569444444444444
5738,Воронеж,2249,Delivered,05/03/24 11:33,0.07708333333333334
5740,,4736,Returned,31/03/24 23:59,-3.4597608316550925
5740,,4738,Returned,31/03/24 23:59,-3.380314895625
5744,Пермь,2472,In Transit,31/03/24 23:59,23.49521823275463
5748,Екатеринбург,4722,Delivered,31/03/24 12:00,-0.13541666666666666
5751,Красноярск,4776,Delivered,04/04/24 06:19,0.5076388888888889
5751,Красноярск,4777,Delivered,04/04/24 02:30,-1.0
5754,Пермь,3894,Delivered,24/03/24 08:42,-0.8847222222222222
5757,Воронеж,3166,Delivered,20/03/24 11:48,2.740972222222222
5758,Самара,2908,Returned,31/03/24 23:59,18.137579179930555
5760,Новосибирск,2485,Delivered,10/03/24 15:04,0.49027777777777776
5760,Новосибирск,2486,Returned,31/03/24 23:59,22.27476528866898
5766,Москва,2258,In Transit,31/03/24 23:59,25.141491352060186
5766,Москва,2259,Delivered,03/03/24 19:10,1.04375
5768,Нижний Новгород,4747,In Transit,31/03/24 23:59,0.16417904150462964
5769,Ростов-на-Дону,4181,Delivered,26/03/24 08:38,-0.3770833333333333
5769,Ростов-на-Дону,4182,In Transit,31/03/24 23:59,3.733143720474537
5770,Москва,3909,In Transit,31/03/24 23:59,7.010878231956019
5771,Челябинск,2930,In Transit,31/03/24 23:59,19.396564558622686
5785,Красноярск,4236,Delivered,30/03/24 12:24,2.6319444444444446
5789,Нижний Новгород,3234,In Transit,31/03/24 23:59,13.204581604050926
5789,Нижний Новгород,3235,Delivered,15/03/24 06:56,-1.0
5789,Нижний Новгород,3236,Delivered,17/03/24 08:15,-0.7479166666666667
5789,Нижний Новгород,3237,Delivered,16/03/24 09:59,-0.06666666666666667
5789,Нижний Новгород,3239,In Transit,31/03/24 23:59,13.436988672280094
5792,Москва,1897,Delivered,02/03/24 02:11,0.4465277777777778
5792,Москва,1901,Returned,31/03/24 23:59,28.581341411412037
5804,Красноярск,2381,Delivered,10/03/24 00:12,2.1131944444444444
5808,Омск,3256,Returned,31/03/24 23:59,11.475242940046297
5811,Саратов,1816,Delivered,29/02/24 06:35,1.3604166666666666
5811,Саратов,1819,In Transit,31/03/24 23:59,32.45428102592593
5812,Уфа,4608,Delivered,28/03/24 13:26,-0.14791666666666667
5813,Омск,3840,Returned,31/03/24 23:59,8.452545490624999
5814,Уфа,2080,In Transit,31/03/24 23:59,30.719889453101853
5814,Уфа,2081,In Transit,31/03/24 23:59,27.78622287391204
5816,Самара,4616,Delivered,02/04/24 18:40,1.6916666666666667
5817,Екатеринбург,4459,Delivered,30/03/24 09:29,3.4784722222222224
5819,Волгоград,2036,Returned,31/03/24 23:59,30.262516748356482
5821,Краснодар,3559,Returned,31/03/24 23:59,10.867074974270833
5823,Москва,2220,Delivered,06/03/24 02:08,1.054861111111111
5824,Самара,4912,Returned,31/03/24 23:59,-5.422185880358796
5825,Челябинск,3041,Delivered,16/03/24 23:23,1.0819444444444444
5826,Казань,4457,Delivered,31/03/24 15:06,-0.16180555555555556
5829,Челябинск,2360,In Transit,31/03/24 23:59,24.13495795454861
5829,Челябинск,2362,Returned,31/03/24 23:59,25.77317749040509
5829,Челябинск,2364,Delivered,05/03/24 16:56,1.9319444444444445
5830,Новосибирск,3461,Delivered,18/03/24 13:59,-0.2152777777777778
5830,Новосибирск,4607,In Transit,31/03/24 23:59,2.313033664166667
5832,Тольятти,2877,Delivered,12/03/24 14:09,-0.44513888888888886
5832,Тольятти,2878,Delivered,16/03/24 01:27,0.6291666666666667
5832,Тольятти,5070,Returned,31/03/24 23:59,-3.819868520185185
5835,Краснодар,2495,Delivered,08/03/24 13:05,1.6513888888888888
5835,Краснодар,2499,Delivered,10/03/24 18:48,1.9784722222222222
5836,Ростов-на-Дону,2571,In Transit,31/03/24 23:59,21.08358082113426
5847,Уфа,3253,Delivered,18/03/24 15:56,-0.1909722222222222
5848,Ростов-на-Дону,4535,In Transit,31/03/24 23:59,0.4545217115393519
5859,Уфа,2888,In Transit,31/03/24 23:59,20.06554848486111
5860,Челябинск,1911,Returned,31/03/24 23:59,29.534015825555553
5863,Уфа,5064,Delivered,02/04/24 08:49,0.16111111111111112
5864,Омск,4809,Delivered,01/04/24 16:56,0.7083333333333334
5872,Красноярск,2579,Returned,31/03/24 23:59,20.753671578969907
5876,Челябинск,3905,Returned,31/03/24 23:59,6.837750998206018
5878,Самара,2862,Delivered,14/03/24 17:44,2.826388888888889
5879,Волгоград,3968,Returned,31/03/24 23:59,5.263889374861111
5879,Волгоград,3971,Returned,31/03/24 23:59,4.933866386331019
5880,Пермь,5056,Delivered,03/04/24 18:37,0.875
5880,Пермь,5057,In Transit,31/03/24 23:59,-2.861153955613426
5892,Омск,2442,Returned,31/03/24 23:59,21.265688949768517
5892,Омск,2446,Delivered,09/03/24 02:54,-0.6090277777777777
5893,Ростов-на-Дону,1996,Delivered,01/03/24 21:06,-0.5944444444444444
5893,Ростов-на-Дону,2588,Returned,31/03/24 23:59,19.286597382893518
5895,Челябинск,3960,Delivered,27/03/24 11:16,3.676388888888889
5898,Тольятти,2772,Delivered,16/03/24 06:00,2.86875
5898,Тольятти,4088,Returned,31/03/24 23:59,1.5878482471064814
5898,Тольятти,4089,Delivered,27/03/24 02:13,1.5118055555555556
5900,Самара,5073,Returned,31/03/24 23:59,-3.6626149884375
5901,Москва,4306,Delivered,30/03/24 05:23,0.4284722222222222
5904,Тюмень,3951,In Transit,31/03/24 23:59,
5911,Воронеж,5068,Delivered,04/04/24 10:56,-0.5965277777777778
5915,Волгоград,3723,In Transit,31/03/24 23:59,10.750370568935185
5915,Волгоград,3724,Delivered,23/03/24 23:11,3.665277777777778
5916,Тольятти,2128,In Transit,31/03/24 23:59,26.957261556157405
5916,Тольятти,4129,Delivered,30/03/24 10:24,1.9791666666666667
5922,Красноярск,3712,In Transit,31/03/24 23:59,11.218777744398148
5922,Красноярск,4802,In Transit,31/03/24 23:59,-2.1951781590972224
5928,Нижний Новгород,2377,Returned,31/03/24 23:59,24.3502621178125
5936,Новосибирск,2812,In Transit,31/03/24 23:59,19.035413112256943
5937,Красноярск,3623,Returned,31/03/24 23:59,7.867938270173611
5938,Челябинск,3515,Returned,31/03/24 23:59,11.874143907974537
5938,Челябинск,3517,In Transit,31/03/24 23:59,10.436477925266203
5938,Челябинск,3521,Delivered,21/03/24 11:13,0.07430555555555556
5941,Новосибирск,3593,Delivered,24/03/24 06:54,2.2534722222222223
5942,Красноярск,1971,Returned,31/03/24 23:59,31.180013557256945
5943,Самара,4434,In Transit,31/03/24 23:59,2.4637707377777778
5943,Самара,4435,In Transit,31/03/24 23:59,1.154069210914352
5950,Самара,3900,Delivered,23/03/24 02:43,1.5055555555555555
5951,Саратов,1934,Delivered,02/03/24 03:24,0.8958333333333334
5951,Саратов,1938,Delivered,03/03/24 08:13,1.6465277777777778
5951,Саратов,2342,Delivered,09/03/24 16:12,1.4069444444444446
5954,Пермь,1929,Delivered,29/02/24 00:56,2.1805555555555554
5956,Челябинск,1973,Returned,31/03/24 23:59,29.42734630025463
5957,,3592,In Transit,31/03/24 23:59,11.980082490081019
5959,Санкт-Петербург,4172,In Transit,31/03/24 23:59,3.164503407199074
5959,Санкт-Петербург,4173,Delivered,29/03/24 16:32,0.2875
5962,Санкт-Петербург,2102,Delivered,03/03/24 08:57,1.3486111111111112
5964,Уфа,4710,Delivered,04/04/24 19:36,1.7743055555555556
5970,Казань,2049,Delivered,03/03/24 08:06,-0.5715277777777777
5971,Нижний Новгород,1930,Returned,31/03/24 23:59,27.60445668914352
5971,Нижний Новгород,1931,Delivered,26/02/24 02:50,-0.7381944444444445
5975,Самара,3021,Delivered,17/03/24 19:23,1.6145833333333333
5982,Уфа,4243,Returned,31/03/24 23:59,0.9243156788773149
5985,Казань,1939,Returned,31/03/24 23:59,28.251455553935187
5988,Челябинск,3162,Delivered,18/03/24 21:40,3.032638888888889
5988,Челябинск,4077,Returned,31/03/24 23:59,3.1595344340393514
5993,Омск,4688,Delivered,01/04/24 23:51,-0.3909722222222222
5996,Самара,2633,Delivered,11/03/24 20:17,1.8694444444444445
5996,Самара,2635,Returned,31/03/24 23:59,21.091376872627315
5999,Пермь,2975,Returned,31/03/24 23:59,18.079785874641203
6002,Самара,4573,In Transit,31/03/24 23:59,-0.11762374278935184
6005,Москва,2954,Delivered,19/03/24 13:59,3.5875
6005,Москва,2955,Delivered,15/03/24 05:15,1.5590277777777777
6006,Санкт-Петербург,2063,Delivered,02/03/24 13:07,-1.9555555555555555
6007,Новосибирск,3945,Delivered,26/03/24 23:46,2.8118055555555554
6007,Новосибирск,3946,In Transit,31/03/24 23:59,8.79429009148148
6010,Челябинск,2582,Returned,31/03/24 23:59,19.963870492939815
6013,Самара,2212,Delivered,04/03/24 03:24,1.2868055555555555
6020,Екатеринбург,2623,In Transit,31/03/24 23:59,20.261608152233798
6023,Ижевск,3956,Delivered,22/03/24 04:17,-0.4652777777777778
6025,Красноярск,2374,Delivered,07/03/24 04:12,0.95
6026,Воронеж,3918,Delivered,26/03/24 00:00,3.6055555555555556
6030,Самара,1948,Returned,31/03/24 23:59,28.978954904513888
6038,Ростов-на-Дону,3147,In Transit,31/03/24 23:59,14.446326923912038
6038,Ростов-на-Дону,3150,Delivered,14/03/24 05:19,-0.4236111111111111
6038,Ростов-на-Дону,4094,Delivered,25/03/24 09:34,-0.08263888888888889
6041,Новосибирск,4115,Returned,31/03/24 23:59,1.492376265486111
6044,Уфа,3982,Delivered,24/03/24 11:45,1.9041666666666666
6044,Уфа,3983,Returned,31/03/24 23:59,5.232014432210648
6045,Новосибирск,2181,Returned,31/03/24 23:59,27.89841149862269
6047,Волгоград,3580,Delivered,23/03/24 08:14,3.1909722222222223
6047,Волгоград,4277,In Transit,31/03/24 23:59,3.0976636922569445
6050,Краснодар,3942,Delivered,23/03/24 12:11,1.3055555555555556
6050,Краснодар,3944,Returned,31/03/24 23:59,3.5094935949189816
6051,Казань,3650,Delivered,24/03/24 07:02,1.5118055555555556
6053,Волгоград,1907,In Transit,31/03/24 23:59,32.4531532206713
6053,Волгоград,1908,Returned,31/03/24 23:59,29.2746059690625
6054,Москва,3727,Delivered,20/03/24 08:06,-0.06944444444444445
6059,Казань,4823,Delivered,01/04/24 02:53,0.8715277777777778
6061,Ижевск,2451,Delivered,08/03/24 16:13,1.38125
6064,Санкт-Петербург,3249,Delivered,17/03/24 01:10,-0.45416666666666666
6064,Санкт-Петербург,3316,In Transit,31/03/24 23:59,15.315158986782407
6064,Санкт-Петербург,3317,Delivered,16/03/24 10:07,-0.26944444444444443
6068,Челябинск,2835,In Transit,31/03/24 23:59,17.643941025243056
6068,Челябинск,2836,Returned,31/03/24 23:59,16.28264729275463
6069,Пермь,2379,Delivered,10/03/24 12:05,3.3777777777777778
6070,Ижевск,2399,Delivered,11/03/24 20:06,3.7840277777777778
6070,Ижевск,2400,In Transit,31/03/24 23:59,24.930762668553243
6072,Новосибирск,2961,Delivered,13/03/24 06:24,1.1472222222222221
6081,Ростов-на-Дону,4152,Delivered,28/03/24 15:47,2.0305555555555554
6081,Ростов-на-Дону,4153,Delivered,27/03/24 02:02,1.117361111111111
6082,Ростов-на-Дону,2665,Delivered,13/03/24 08:38,1.28125
6082,Ростов-на-Дону,2666,Delivered,11/03/24 06:31,0.24861111111111112
6082,Ростов-на-Дону,2667,Delivered,11/03/24 10:06,-0.6868055555555556
6082,Ростов-на-Дону,3339,In Transit,31/03/24 23:59,12.51646392787037
6082,Ростов-на-Дону,3868,Delivered,25/03/24 13:29,1.5131944444444445
6085,Тольятти,4581,Delivered,30/03/24 10:25,1.3375
6085,Тольятти,4583,Returned,31/03/24 23:59,0.08834072188657408
6086,Новосибирск,2574,Delivered,07/03/24 01:21,-0.34930555555555554
6087,Ростов-на-Дону,1957,Delivered,01/03/24 08:06,1.9152777777777779
6087,Ростов-на-Дону,4743,Delivered,02/04/24 06:11,-0.4375
6087,Ростов-на-Дону,4745,Returned,31/03/24 23:59,-1.7948432335532407
6088,Челябинск,4038,Delivered,27/03/24 19:55,3.7631944444444443
6088,Челябинск,4041,Returned,31/03/24 23:59,4.823112591006945
6089,Уфа,3615,Returned,31/03/24 23:59,7.665274960081019
6094,Ижевск,4097,Delivered,28/03/24 13:51,1.3138888888888889
6095,Тюмень,2602,Delivered,11/03/24 02:10,-0.6763888888888889
6098,Омск,4244,Delivered,27/03/24 07:21,2.202777777777778
6099,Волгоград,2887,Delivered,14/03/24 08:49,1.7930555555555556
6100,Волгоград,4929,Delivered,05/04/24 21:34,0.8493055555555555
6100,Волгоград,4930,Delivered,08/04/24 14:38,3.922222222222222
6100,Волгоград,4931,Delivered,05/04/24 01:48,0.3458333333333333
6104,Санкт-Петербург,2449,In Transit,31/03/24 23:59,22.86192197605324
6106,Волгоград,2910,Returned,31/03/24 23:59,19.0816178365625
6106,Волгоград,2911,Returned,31/03/24 23:59,14.354685969467594
6106,Волгоград,2913,Returned,31/03/24 23:59,16.859380128564815
6110,Тюмень,4542,In Transit,31/03/24 23:59,2.6459176852430555
6115,Ижевск,4146,In Transit,31/03/24 23:59,3.8214683103125
6117,Екатеринбург,2820,Returned,31/03/24 23:59,17.118433240011573
6117,Екатеринбург,2821,Returned,31/03/24 23:59,16.363511031631944
6117,Екатеринбург,3056,Delivered,14/03/24 20:53,-0.39166666666666666
6117,Екатеринбург,3057,In Transit,31/03/24 23:59,17.047631825439815
6119,Тольятти,2092,Delivered,04/03/24 04:49,0.6194444444444445
6120,Екатеринбург,2293,In Transit,31/03/24 23:59,27.88372501635417
6121,Челябинск,2552,In Transit,31/03/24 23:59,21.60131705188657
6124,Самара,3104,Delivered,16/03/24 09:48,1.625
6124,Самара,3105,Delivered,22/03/24 04:25,3.986111111111111
6131,Краснодар,2260,In Transit,31/03/24 23:59,27.56321992141204
6139,Санкт-Петербург,4994,Returned,31/03/24 23:59,-6.504089692708333
6143,Краснодар,3334,Delivered,16/03/24 02:12,-0.3958333333333333
6150,Тюмень,2007,Delivered,29/02/24 16:30,-0.29097222222222224
6150,Тюмень,2010,Delivered,04/03/24 14:44,1.7284722222222222
6151,Краснодар,2222,Returned,31/03/24 23:59,27.77915765755787
6151,Краснодар,4273,Returned,31/03/24 23:59,2.2322830815625
6151,Краснодар,4276,In Transit,31/03/24 23:59,5.070993201643518
6152,Волгоград,3752,In Transit,31/03/24 23:59,7.888111921157408
6152,Волгоград,4364,Delivered,29/03/24 10:30,-0.2513888888888889
6158,Казань,2754,Returned,31/03/24 23:59,16.254707564074074
6160,Тольятти,4546,Returned,31/03/24 23:59,1.6038264992013889
6169,Омск,4987,In Transit,31/03/24 23:59,-3.5286887612962965
6173,Москва,3442,In Transit,31/03/24 23:59,10.831388759282406
6173,Москва,4599,Delivered,03/04/24 07:15,1.8618055555555555
6173,Москва,4600,Delivered,01/04/24 09:23,2.2333333333333334
6174,Новосибирск,4845,In Transit,31/03/24 23:59,-2.1271752452199073
6177,Самара,2477,Delivered,07/03/24 15:07,0.8368055555555556
6179,Пермь,2846,Returned,31/03/24 23:59,14.988535772685184
6179,Пермь,2847,In Transit,31/03/24 23:59,20.418806400069446
6180,Красноярск,4969,In Transit,31/03/24 23:59,-1.030203129872685
6180,Красноярск,4970,Delivered,08/04/24 01:38,2.2645833333333334
6181,Тюмень,4771,Returned,31/03/24 23:59,-1.9517568537731482
6183,Тольятти,2873,Delivered,13/03/24 13:54,0.3736111111111111
6186,Воронеж,3107,Delivered,17/03/24 07:45,2.973611111111111
6190,Красноярск,2167,Returned,31/03/24 23:59,24.633727693854166
6192,Уфа,3630,Delivered,21/03/24 06:53,-0.7263888888888889
6192,Уфа,3631,In Transit,31/03/24 23:59,
6193,Воронеж,2660,Delivered,11/03/24 03:56,0.8
6193,Воронеж,2661,In Transit,31/03/24 23:59,19.437600974548612
6193,Воронеж,2662,Delivered,07/03/24 22:33,0.11666666666666667
6197,Самара,3739,In Transit,31/03/24 23:59,7.65907035025463
6207,Саратов,4224,Delivered,25/03/24 12:05,-0.9291666666666667
6210,Красноярск,4344,Returned,31/03/24 23:59,3.141701752523148
6211,Саратов,2414,Delivered,08/03/24 13:28,1.95625
6212,Воронеж,3599,Delivered,18/03/24 04:50,-0.4527777777777778
6214,Краснодар,2739,In Transit,31/03/24 23:59,20.84219279736111
6221,Волгоград,4752,Delivered,02/04/24 18:59,1.6979166666666667
6222,Пермь,3091,Delivered,19/03/24 06:54,1.7930555555555556
6228,Санкт-Петербург,2246,Delivered,07/03/24 12:42,1.6805555555555556
6229,Нижний Новгород,3216,Returned,31/03/24 23:59,14.686907837037037
6229,Нижний Новгород,3224,Delivered,17/03/24 20:44,0.9041666666666667
6230,Санкт-Петербург,3135,Delivered,16/03/24 22:32,-0.2361111111111111
6230,Санкт-Петербург,3145,Delivered,19/03/24 15:29,1.9388888888888889
6230,Санкт-Петербург,3146,In Transit,31/03/24 23:59,14.660574055405093
6251,Ростов-на-Дону,3037,Returned,31/03/24 23:59,12.914539095960647
6251,Ростов-на-Дону,3955,Returned,31/03/24 23:59,4.914973688194444
6253,Челябинск,2447,In Transit,31/03/24 23:59,25.763360822685186
6258,Тюмень,2427,Delivered,10/03/24 05:30,1.7368055555555555
6260,Саратов,2775,In Transit,31/03/24 23:59,19.128001433993056
6260,Саратов,2776,In Transit,31/03/24 23:59,21.499276356354166
6261,Самара,3364,In Transit,31/03/24 23:59,12.129747568125
6262,Ижевск,4290,Returned,31/03/24 23:59,0.13936885489583334
6275,Ростов-на-Дону,2187,Delivered,06/03/24 09:44,0.4083333333333333
6275,Ростов-на-Дону,2188,In Transit,31/03/24 23:59,26.55764187480324
6276,Челябинск,3786,Delivered,21/03/24 03:08,0.10486111111111111
6276,Челябинск,3793,Delivered,23/03/24 07:33,-0.1736111111111111
6278,Новосибирск,2203,In Transit,31/03/24 23:59,
6281,Саратов,3662,In Transit,31/03/24 23:59,8.934988434652778
6286,Краснодар,4554,Delivered,30/03/24 19:13,1.7652777777777777
6286,Краснодар,4555,Delivered,30/03/24 22:42,0.04236111111111111
6291,Ижевск,2811,Delivered,13/03/24 22:43,0.9861111111111112
6294,Пермь,2677,Delivered,11/03/24 05:02,-0.10555555555555556
6294,Пермь,2992,Returned,31/03/24 23:59,16.10063107084491
6300,Краснодар,3270,Returned,31/03/24 23:59,12.708170639247687
6300,Краснодар,3271,In Transit,31/03/24 23:59,14.06038041454861
6303,Санкт-Петербург,4844,Delivered,02/04/24 16:17,1.0381944444444444
6303,Санкт-Петербург,4847,In Transit,31/03/24 23:59,-3.209356202789352
6304,Ростов-на-Дону,5016,In Transit,31/03/24 23:59,-5.305963989282407
6304,Ростов-на-Дону,5017,In Transit,31/03/24 23:59,-3.442680212638889
6306,Омск,2157,Delivered,06/03/24 04:31,1.913888888888889
6306,Омск,2158,Returned,31/03/24 23:59,26.90926313936343
6306,Омск,3872,Returned,31/03/24 23:59,4.051325055706019
6307,Краснодар,3911,Delivered,22/03/24 23:35,-0.2125
6307,Краснодар,3917,Returned,31/03/24 23:59,4.017018653148148
6310,Москва,4049,In Transit,31/03/24 23:59,7.423470476168981
6310,Москва,4051,Delivered,24/03/24 12:46,-0.03680555555555556
6316,Саратов,2223,Delivered,01/03/24 14:27,-0.11736111111111111
6318,Волгоград,2626,Delivered,12/03/24 00:42,1.2895833333333333
6318,Волгоград,2627,Delivered,11/03/24 19:12,0.9354166666666667
6320,Волгоград,4453,Delivered,29/03/24 07:32,1.2118055555555556
6320,Волгоград,4455,Delivered,30/03/24 05:46,1.4208333333333334
6321,Воронеж,4923,Returned,31/03/24 23:59,-5.988120483460648
6321,Воронеж,4924,Delivered,02/04/24 11:26,0.10902777777777778
6323,Пермь,3157,Returned,31/03/24 23:59,14.390578634398148
6324,Красноярск,3574,Returned,31/03/24 23:59,8.341869659699073
6324,Красноярск,3576,In Transit,31/03/24 23:59,11.605483302094907
6324,Красноярск,4447,Returned,31/03/24 23:59,-1.8349094236921297
6326,Нижний Новгород,4124,Delivered,28/03/24 11:38,1.8819444444444444
6327,Тюмень,4805,Delivered,02/04/24 20:53,2.0506944444444444
6329,Красноярск,4746,Returned,31/03/24 23:59,0.23603021716435182
6330,Волгоград,3688,Delivered,19/03/24 20:30,0.7131944444444445
6335,Нижний Новгород,3136,Returned,31/03/24 23:59,11.710472040486112
6336,Ижевск,4818,Delivered,03/04/24 15:56,1.8104166666666666
6336,Ижевск,4820,In Transit,31/03/24 23:59,-0.5272046153819444
6337,Екатеринбург,2296,Returned,31/03/24 23:59,22.351548049479167
6337,Екатеринбург,2297,Delivered,06/03/24 22:52,2.6368055555555556
6350,Самара,2553,Returned,31/03/24 23:59,19.73211838394676
6351,Тюмень,4989,Delivered,05/04/24 06:12,1.1097222222222223
6354,Тюмень,4633,Returned,31/03/24 23:59,-2.3376811197222223
6354,Тюмень,4637,Delivered,30/03/24 23:27,1.742361111111111
6356,Новосибирск,2678,Delivered,15/03/24 23:53,3.392361111111111
6363,Ростов-на-Дону,2385,In Transit,31/03/24 23:59,24.381908307129628
6363,Ростов-на-Дону,2386,Delivered,08/03/24 03:46,2.3826388888888888
6363,Ростов-на-Дону,2387,Delivered,05/03/24 02:06,-0.06736111111111111
6364,Ижевск,2455,In Transit,31/03/24 23:59,22.563922682766204
6365,Самара,3061,Delivered,17/03/24 19:48,1.6409722222222223
6365,Самара,3062,In Transit,31/03/24 23:59,15.802511858576388
6375,Пермь,2879,Delivered,13/03/24 14:11,0.41388888888888886
6375,Пермь,2880,Returned,31/03/24 23:59,17.274706766238427
6380,Казань,3889,In Transit,31/03/24 23:59,7.88617844988426
6386,Уфа,4014,In Transit,31/03/24 23:59,4.371810892118056
6387,Ростов-на-Дону,2762,Delivered,10/03/24 10:32,0.9111111111111111
6387,Ростов-на-Дону,3050,Delivered,15/03/24 21:44,1.7138888888888888
6394,Воронеж,4365,Delivered,25/03/24 16:24,-0.9277777777777778
6394,Воронеж,4366,Delivered,30/03/24 14:10,-0.37222222222222223
6397,Санкт-Петербург,4037,Delivered,28/03/24 20:59,3.777083333333333
6401,Воронеж,2604,Delivered,14/03/24 16:31,3.5006944444444446
6401,Воронеж,2605,Delivered,06/03/24 15:08,-0.8055555555555556
6401,Воронеж,4042,In Transit,31/03/24 23:59,6.869434169976852
6402,Челябинск,2354,In Transit,31/03/24 23:59,25.549746624837965
6403,Тюмень,4521,Returned,31/03/24 23:59,2.1988422934375
6409,Санкт-Петербург,3425,Delivered,19/03/24 06:48,1.3993055555555556
6413,Саратов,3660,Returned,31/03/24 23:59,6.469526959236111
6413,Саратов,3661,Returned,31/03/24 23:59,8.362651748090277
6413,Саратов,3666,Delivered,24/03/24 17:12,1.0902777777777777
6415,Уфа,2300,Delivered,05/03/24 01:05,-0.9256944444444445
6415,Уфа,2402,In Transit,31/03/24 23:59,22.590141753761575
6436,Волгоград,2851,Returned,31/03/24 23:59,15.203587188923612
6436,Волгоград,2852,Delivered,13/03/24 18:45,2.314583333333333
6438,Ижевск,2420,Returned,31/03/24 23:59,22.606333612824073
6442,Екатеринбург,4081,In Transit,31/03/24 23:59,7.012497146643518
6444,Ростов-на-Дону,2346,Returned,31/03/24 23:59,25.29901576854167
6445,Омск,4414,Delivered,31/03/24 00:06,1.4166666666666667
6455,Омск,3026,Returned,31/03/24 23:59,16.132887486435184
6455,Омск,3029,Delivered,16/03/24 07:43,1.7715277777777778
6458,Омск,2620,Returned,31/03/24 23:59,20.473684894710647
6458,Омск,2622,Delivered,06/03/24 21:47,-0.5284722222222222
6459,Челябинск,4476,In Transit,31/03/24 23:59,0.9498688527314815
6459,Челябинск,4477,Returned,31/03/24 23:59,-0.6065286774189814
6469,Тольятти,5031,Delivered,04/04/24 11:45,0.9229166666666667
6475,Волгоград,3618,Delivered,22/03/24 12:11,3.470833333333333
6475,Волгоград,4689,Delivered,02/04/24 00:59,1.6631944444444444
6475,Волгоград,4690,Returned,31/03/24 23:59,-2.4379370246180554
6478,Волгоград,2869,In Transit,31/03/24 23:59,20.109383101747685
6478,Волгоград,2872,Delivered,15/03/24 21:56,1.8472222222222223
6480,Воронеж,2768,Delivered,12/03/24 23:19,1.8895833333333334
6481,Челябинск,3861,Returned,31/03/24 23:59,5.372181252395833
6481,Челябинск,4606,Returned,31/03/24 23:59,-1.5067409630092594
6487,Волгоград,3196,Delivered,20/03/24 22:58,2.426388888888889
6493,Нижний Новгород,4176,Returned,31/03/24 23:59,1.281982187361111
6493,Нижний Новгород,4178,In Transit,31/03/24 23:59,2.653554103553241
6507,Екатеринбург,3149,Delivered,19/03/24 19:29,1.5444444444444445
6515,Ростов-на-Дону,2840,Returned,31/03/24 23:59,16.446148852465278
6519,Красноярск,3084,In Transit,31/03/24 23:59,18.08954760585648
6519,Красноярск,3085,In Transit,31/03/24 23:59,16.62058971681713
6519,Красноярск,3566,Delivered,22/03/24 13:21,0.8840277777777777
6520,Красноярск,2746,Returned,31/03/24 23:59,18.375795678344907
6524,Воронеж,2317,Delivered,06/03/24 01:29,1.7833333333333334
6525,Екатеринбург,3127,Returned,31/03/24 23:59,14.693884833159723
6534,Краснодар,3075,Delivered,18/03/24 15:40,1.3944444444444444
6537,Пермь,3500,Delivered,17/03/24 08:27,-0.5868055555555556
6541,Саратов,2320,Delivered,03/03/24 08:20,-0.56875
6547,Саратов,3428,Returned,31/03/24 23:59,13.207426184803241
6547,Саратов,3430,In Transit,31/03/24 23:59,12.006160588715279
6551,Саратов,2856,Delivered,14/03/24 09:00,1.1840277777777777
6551,Саратов,2857,Delivered,16/03/24 21:28,3.129861111111111
6551,Саратов,2858,Delivered,11/03/24 14:09,-0.9673611111111111
6558,Нижний Новгород,4309,In Transit,31/03/24 23:59,
6558,Нижний Новгород,4310,In Transit,31/03/24 23:59,4.331098222858796
6560,Краснодар,2774,Delivered,14/03/24 02:22,0.68125
6564,Екатеринбург,3332,Delivered,14/03/24 20:47,-0.9236111111111112
6572,Воронеж,4984,Delivered,02/04/24 11:49,0.08541666666666667
6572,Воронеж,4985,Delivered,03/04/24 19:01,0.7881944444444444
6572,Воронеж,4986,In Transit,31/03/24 23:59,-2.5304887310185187
6579,Волгоград,4174,Delivered,29/03/24 01:07,0.49583333333333335
6579,Волгоград,4177,Delivered,30/03/24 19:49,1.7284722222222222
6593,Нижний Новгород,2905,Returned,31/03/24 23:59,17.98747866328704
6597,Волгоград,3335,Delivered,18/03/24 15:00,1.7583333333333333
6599,Уфа,2726,Delivered,10/03/24 21:50,1.3284722222222223
6611,Красноярск,2682,Delivered,07/03/24 01:40,-0.9784722222222222
6613,Екатеринбург,2481,Delivered,08/03/24 21:21,0.49375
6614,Санкт-Петербург,2363,Delivered,06/03/24 01:46,0.6958333333333333
6616,Санкт-Петербург,2517,Delivered,07/03/24 14:24,-0.33125
6616,Санкт-Петербург,2518,Delivered,10/03/24 22:41,0.9631944444444445
6620,Уфа,4850,Delivered,05/04/24 10:01,1.4291666666666667
6620,Уфа,4915,Returned,31/03/24 23:59,-3.642979218761574
6620,Уфа,4917,Delivered,06/04/24 19:36,1.9958333333333333
6638,Новосибирск,4498,Delivered,02/04/24 22:55,1.7201388888888889
6643,Казань,2841,In Transit,31/03/24 23:59,19.28950534642361
6645,Тюмень,4466,Delivered,29/03/24 10:52,0.2125
6646,Нижний Новгород,4693,Delivered,01/04/24 15:39,0.6236111111111111
6650,Воронеж,4514,Returned,31/03/24 23:59,-0.7856300584027779
6654,Ростов-на-Дону,2855,Delivered,11/03/24 10:25,-0.002777777777777778
6656,Нижний Новгород,4078,Delivered,29/03/24 20:28,2.060416666666667
6659,Ижевск,3746,Returned,31/03/24 23:59,6.95523339412037
6665,Челябинск,2603,Delivered,11/03/24 08:31,1.3597222222222223
6666,Красноярск,3197,Delivered,20/03/24 02:33,0.675
6668,Краснодар,3246,Delivered,15/03/24 15:46,0.18819444444444444
6668,Краснодар,3247,In Transit,31/03/24 23:59,16.038973643564816
6668,Краснодар,3252,In Transit,31/03/24 23:59,14.008585551863426
6669,Нижний Новгород,3449,Delivered,24/03/24 06:22,2.7291666666666665
6673,Пермь,4786,In Transit,31/03/24 23:59,-1.3880433588425927
6675,Тольятти,3497,Delivered,17/03/24 04:20,-0.6826388888888889
6688,Краснодар,3394,Returned,31/03/24 23:59,13.01174420150463
6690,Самара,2818,Delivered,12/03/24 04:22,-0.27361111111111114
6690,Самара,2819,In Transit,31/03/24 23:59,17.339784805902777
6695,Красноярск,4501,Delivered,02/04/24 17:27,1.5430555555555556
6695,Красноярск,4502,Delivered,04/04/24 05:06,3.526388888888889
6695,Красноярск,4504,In Transit,31/03/24 23:59,0.09963700543981481
6699,Саратов,2468,In Transit,31/03/24 23:59,25.319156907974538
6701,Воронеж,3206,Delivered,20/03/24 21:07,1.8277777777777777
6701,Воронеж,3210,In Transit,31/03/24 23:59,12.671143081944443
6712,Тюмень,3453,Returned,31/03/24 23:59,10.929885372337964
6712,Тюмень,4291,Returned,31/03/24 23:59,0.074013836875
6712,Тюмень,4293,Delivered,27/03/24 22:40,0.5743055555555555
6714,Пермь,4424,Delivered,01/04/24 18:57,1.1993055555555556
6722,Екатеринбург,4569,Delivered,02/04/24 07:47,1.51875
6722,Екатеринбург,4572,In Transit,31/03/24 23:59,0.7943704711111111
6722,Екатеринбург,4574,In Transit,31/03/24 23:59,-1.3646558666898148
6723,Волгоград,2584,In Transit,31/03/24 23:59,20.60157187826389
6726,Омск,3978,Delivered,26/03/24 18:20,0.7256944444444444
6727,Тюмень,2621,Delivered,12/03/24 08:51,1.3173611111111112
6728,Челябинск,3658,In Transit,31/03/24 23:59,11.638749605891203
6731,Санкт-Петербург,2339,Delivered,05/03/24 14:06,0.6777777777777778
6731,Санкт-Петербург,2343,In Transit,31/03/24 23:59,24.327613611840277
6741,Ростов-на-Дону,4390,Delivered,28/03/24 17:26,0.08819444444444445
6741,Ростов-на-Дону,4391,Returned,31/03/24 23:59,0.9884934352546297
6742,Воронеж,4946,Delivered,05/04/24 17:48,1.53125
6754,Челябинск,2378,In Transit,31/03/24 23:59,27.127889519131944
6757,Воронеж,2938,Delivered,15/03/24 19:03,-0.024305555555555556
6760,Ижевск,3943,In Transit,31/03/24 23:59,9.079997738136573
6760,Ижевск,3949,In Transit,31/03/24 23:59,5.163419675115741
6761,Нижний Новгород,3465,In Transit,31/03/24 23:59,10.95947583383102
6762,Волгоград,4421,Returned,31/03/24 23:59,1.562490468125
6772,Тюмень,2718,In Transit,31/03/24 23:59,21.861697378958336
6781,Волгоград,2745,Delivered,11/03/24 03:35,2.1222222222222222
6782,Москва,2561,Delivered,12/03/24 06:46,2.497916666666667
6782,Москва,2562,In Transit,31/03/24 23:59,22.483646262627314
6782,Москва,2563,Delivered,10/03/24 03:28,-0.6076388888888888
6782,Москва,2568,Returned,31/03/24 23:59,19.406308316736112
6786,Нижний Новгород,4312,Delivered,29/03/24 15:53,1.85
6787,Красноярск,3181,Returned,31/03/24 23:59,12.254041953703704
6787,Красноярск,3182,Delivered,18/03/24 11:15,1.0465277777777777
6796,Уфа,3674,Returned,31/03/24 23:59,10.517264106412037
6796,Уфа,3675,Returned,31/03/24 23:59,8.92256528644676
6810,Воронеж,4617,Delivered,29/03/24 11:05,-0.6381944444444444
6814,Самара,3060,Returned,31/03/24 23:59,15.476751681365739
6819,Екатеринбург,2902,Delivered,13/03/24 21:53,2.265972222222222
6821,Уфа,3464,Delivered,17/03/24 01:39,-0.60625
6825,Новосибирск,5076,Delivered,06/04/24 03:09,0.5520833333333334
6825,Новосибирск,5077,Delivered,07/04/24 03:08,2.4340277777777777
6827,Воронеж,4767,In Transit,31/03/24 23:59,-2.6733018175
6827,Воронеж,4768,In Transit,31/03/24 23:59,-2.495382559849537
6830,,2941,Delivered,12/03/24 16:15,0.12777777777777777
6830,,2942,Delivered,14/03/24 22:10,-0.08958333333333333
6830,,2945,In Transit,31/03/24 23:59,18.659432962118057
6832,Челябинск,4271,In Transit,31/03/24 23:59,4.395752309189815
6848,Омск,3053,Returned,31/03/24 23:59,16.293161909837963
6848,Омск,3512,In Transit,31/03/24 23:59,10.334228279467593
6849,Екатеринбург,4283,Returned,31/03/24 23:59,2.023702718090278
6852,Ростов-на-Дону,4740,In Transit,31/03/24 23:59,-0.19070604457175927
6852,Ростов-на-Дону,4741,Returned,31/03/24 23:59,-1.9038513809953703
6854,Краснодар,3124,Returned,31/03/24 23:59,13.950079118622684
6854,Краснодар,4223,Delivered,29/03/24 11:13,0.7805555555555556
6856,Ростов-на-Дону,4440,In Transit,31/03/24 23:59,1.4027936762037037
6877,Тольятти,5059,Delivered,01/04/24 11:52,-0.22916666666666666
6877,Тольятти,5065,Delivered,06/04/24 08:01,0.8298611111111112
6888,Краснодар,3413,In Transit,31/03/24 23:59,12.124889261157408
6903,Красноярск,2560,Delivered,09/03/24 19:11,1.65625
6906,Воронеж,3230,Delivered,16/03/24 16:25,-1.0
6914,Уфа,4665,Delivered,02/04/24 21:55,2.220138888888889
6920,Тюмень,4057,Delivered,26/03/24 17:18,0.45
6920,Тюмень,4543,Delivered,04/04/24 00:44,3.629861111111111
6927,Санкт-Петербург,2615,Returned,31/03/24 23:59,19.793570807997686
6927,Санкт-Петербург,2624,In Transit,31/03/24 23:59,21.655960453379627
6937,Воронеж,4135,Returned,31/03/24 23:59,1.6779623108796295
6939,Москва,4733,Delivered,03/04/24 00:42,3.222916666666667
6939,Москва,4734,In Transit,31/03/24 23:59,-1.01507358375
6941,Москва,2983,In Transit,31/03/24 23:59,15.481699152187499
6947,Тюмень,3596,In Transit,31/03/24 23:59,9.858644560439815
6951,Краснодар,3015,Delivered,16/03/24 19:18,-0.2326388888888889
6951,Краснодар,3016,Returned,31/03/24 23:59,17.287006061631946
6952,Казань,4316,In Transit,31/03/24 23:59,2.126819213113426
6952,Казань,4317,Delivered,25/03/24 19:34,-0.09236111111111112
6959,Казань,4886,Returned,31/03/24 23:59,-3.9718403442476853
6964,Самара,4691,In Transit,31/03/24 23:59,-1.6938932228472223
6991,Ростов-на-Дону,4454,Delivered,31/03/24 05:44,1.3229166666666667
6991,Ростов-на-Дону,4458,Returned,31/03/24 23:59,-1.3465201136689815
6991,Ростов-на-Дону,4462,Delivered,01/04/24 04:22,1.1833333333333333
6997,Краснодар,4627,In Transit,31/03/24 23:59,0.6133865845601851
6997,Краснодар,4629,In Transit,31/03/24 23:59,
7001,Новосибирск,4384,Delivered,29/03/24 06:41,-0.9986111111111111
7005,Пермь,3099,Delivered,16/03/24 13:19,3.08125
7005,Пермь,3100,In Transit,31/03/24 23:59,15.122642929849537
7009,Омск,3622,In Transit,31/03/24 23:59,10.519526851909722
7009,Омск,3625,Delivered,22/03/24 08:49,0.5597222222222222
7014,Казань,4913,Returned,31/03/24 23:59,-2.3155373373958335
7016,Москва,3678,Delivered,19/03/24 17:23,-1.0
7017,Саратов,3992,Returned,31/03/24 23:59,3.6050655993865743
7017,Саратов,3994,Delivered,28/03/24 10:23,3.9944444444444445
7018,Пермь,4721,In Transit,31/03/24 23:59,0.02475972267361111
7025,Красноярск,2982,In Transit,31/03/24 23:59,19.25668311224537
7031,Санкт-Петербург,4353,In Transit,31/03/24 23:59,0.9921683417013889
7032,Ижевск,3863,Delivered,23/03/24 00:21,0.9118055555555555
7032,Ижевск,4866,Returned,31/03/24 23:59,-1.4760230564120371
7032,Ижевск,4867,Delivered,04/04/24 23:58,1.492361111111111
7032,Ижевск,4868,Delivered,02/04/24 16:05,0.7444444444444445
7033,,3209,Delivered,20/03/24 18:28,1.6409722222222223
7036,Екатеринбург,3188,Returned,31/03/24 23:59,13.314352228206019
7041,Пермь,4063,Delivered,25/03/24 18:06,1.0048611111111112
7042,Краснодар,3632,In Transit,31/03/24 23:59,10.502252795428241
7042,Краснодар,3633,Delivered,21/03/24 15:14,1.4236111111111112
7048,Волгоград,4082,Delivered,28/03/24 06:52,3.932638888888889
7056,Казань,3841,In Transit,31/03/24 23:59,7.446387132256945
7060,Омск,3258,Delivered,15/03/24 15:15,0.12152777777777778
7064,Нижний Новгород,3405,Returned,31/03/24 23:59,9.098699471284721
7064,Нижний Новгород,3407,Returned,31/03/24 23:59,13.135258026701388
7065,Новосибирск,4765,Delivered,29/03/24 10:40,-0.9993055555555556
7066,Ростов-на-Дону,3024,Delivered,16/03/24 04:22,1.1965277777777779
7067,Челябинск,4634,In Transit,31/03/24 23:59,0.29658745703703704
7067,Челябинск,4641,Delivered,02/04/24 11:28,3.314583333333333
7068,Челябинск,3295,In Transit,31/03/24 23:59,12.611254377199074
7068,Челябинск,3299,Delivered,18/03/24 05:29,1.275
7079,Самара,3961,Delivered,24/03/24 12:30,1.2583333333333333
7089,Уфа,2606,Delivered,10/03/24 19:36,-0.15208333333333332
7091,Новосибирск,3844,Returned,31/03/24 23:59,6.626928459976852
7096,Тольятти,3065,Delivered,12/03/24 12:23,-0.38472222222222224
7104,Новосибирск,3392,In Transit,31/03/24 23:59,13.840509743425926
7110,Красноярск,3312,Delivered,18/03/24 09:29,2.373611111111111
7116,Саратов,3423,Returned,31/03/24 23:59,12.64110623013889
7117,Воронеж,3393,Delivered,21/03/24 08:16,1.3694444444444445
7119,Воронеж,3811,Delivered,26/03/24 13:02,1.1868055555555554
7120,Новосибирск,5093,Delivered,06/04/24 14:06,0.3451388888888889
7123,Красноярск,3106,In Transit,31/03/24 23:59,17.087628246678243
7135,Краснодар,4619,Returned,31/03/24 23:59,-3.292489400601852
7139,Санкт-Петербург,3973,Delivered,24/03/24 22:18,1.8
7140,Тольятти,2973,Returned,31/03/24 23:59,17.71490827222222
7140,Тольятти,2978,Delivered,12/03/24 16:10,-0.22430555555555556
7140,Тольятти,2980,Delivered,15/03/24 02:40,0.027777777777777776
7154,Омск,4630,Delivered,30/03/24 17:27,-0.5541666666666667
7156,Екатеринбург,4206,Delivered,24/03/24 14:03,-0.5222222222222223
7162,Саратов,3897,Delivered,27/03/24 00:17,0.9076388888888889
7165,Ижевск,2755,In Transit,31/03/24 23:59,18.99775062167824
7168,Новосибирск,3341,Returned,31/03/24 23:59,13.440797835381945
7179,Тольятти,4256,Delivered,28/03/24 20:19,-0.6319444444444444
7181,Тюмень,3072,Returned,31/03/24 23:59,14.270549371701389
7182,Красноярск,3031,Returned,31/03/24 23:59,15.301405298703704
7204,Саратов,3862,In Transit,31/03/24 23:59,8.457504355092592
7204,Саратов,3865,In Transit,31/03/24 23:59,7.852750283495371
7207,Челябинск,3170,In Transit,31/03/24 23:59,14.326033558043981
7207,Челябинск,3171,Delivered,18/03/24 10:17,0.8027777777777778
7207,Челябинск,3173,Delivered,16/03/24 01:54,-0.35555555555555557
7208,Пермь,4116,In Transit,31/03/24 23:59,4.790565132499999
7208,Пермь,4119,Returned,31/03/24 23:59,2.441788864641204
7208,Пермь,4120,In Transit,31/03/24 23:59,6.902660996365741
7213,Казань,3446,Delivered,19/03/24 23:05,-0.7979166666666667
7213,Казань,3447,Returned,31/03/24 23:59,11.448068236979166
7218,Екатеринбург,5104,Delivered,05/04/24 03:25,1.4465277777777779
7218,Екатеринбург,5107,In Transit,31/03/24 23:59,-4.2259245501851845
7220,Самара,3713,Delivered,21/03/24 15:49,1.4993055555555554
7221,Красноярск,2861,Returned,31/03/24 23:59,14.976735557164352
7231,Краснодар,3735,Returned,31/03/24 23:59,9.220063043055555
7232,Ижевск,4059,Delivered,27/03/24 10:01,-0.43194444444444446
7236,Саратов,5109,Delivered,06/04/24 10:41,2.2243055555555555
7238,Воронеж,4958,In Transit,31/03/24 23:59,-1.2586880770023148
7246,Самара,3920,Returned,31/03/24 23:59,7.188999614444445
7250,,3071,Returned,31/03/24 23:59,13.578817090833333
7258,Самара,3581,In Transit,31/03/24 23:59,10.628113022974537
7258,Самара,3583,Returned,31/03/24 23:59,7.602054895358796
7261,Новосибирск,4884,In Transit,31/03/24 23:59,-3.2977690066319445
7262,Новосибирск,4526,Returned,31/03/24 23:59,-1.866897391076389
7262,Новосибирск,4528,Returned,31/03/24 23:59,-0.5075075766666667
7263,Уфа,3759,Delivered,21/03/24 22:00,1.8020833333333333
7263,Уфа,3761,Delivered,23/03/24 21:30,1.9034722222222222
7265,Пермь,3320,Delivered,15/03/24 20:46,0.16180555555555556
7281,Тольятти,4134,Returned,31/03/24 23:59,1.3820440109490741
7287,Самара,3689,In Transit,31/03/24 23:59,8.4311306559375
7287,Самара,3690,In Transit,31/03/24 23:59,11.614965144525463
7287,Самара,3692,In Transit,31/03/24 23:59,8.66166924207176
7295,Тюмень,4826,Returned,31/03/24 23:59,-5.48976705212963
7295,Тюмень,4833,Delivered,04/04/24 18:41,0.9506944444444444
7304,Москва,4060,Delivered,24/03/24 10:58,0.05694444444444444
7309,,3155,Delivered,18/03/24 12:53,1.3444444444444446
7311,Воронеж,3381,In Transit,31/03/24 23:59,13.954157536770834
7319,Казань,4562,Delivered,30/03/24 08:30,1.0895833333333333
7322,Нижний Новгород,4034,In Transit,31/03/24 23:59,4.295591259699075
7322,Нижний Новгород,4035,Returned,31/03/24 23:59,6.30523882193287
7336,Самара,4889,In Transit,31/03/24 23:59,-2.034118470775463
7343,Омск,4782,Returned,31/03/24 23:59,-2.4514046269444445
7347,Саратов,4222,Delivered,29/03/24 05:15,-0.19166666666666668
7349,Новосибирск,4376,In Transit,31/03/24 23:59,0.9000758341666667
7353,Екатеринбург,4083,Returned,31/03/24 23:59,5.130496422256944
7353,Екатеринбург,4087,In Transit,31/03/24 23:59,6.043028253368056
7358,Тюмень,3704,Delivered,23/03/24 23:33,-0.07777777777777778
7365,Ростов-на-Дону,3758,Delivered,24/03/24 04:52,0.2625
7366,Воронеж,3624,Returned,31/03/24 23:59,11.322300090787037
7374,Волгоград,3183,In Transit,31/03/24 23:59,14.065286748541666
7379,Омск,3600,Returned,31/03/24 23:59,9.450158783773148
7381,Екатеринбург,3044,Returned,31/03/24 23:59,17.16552401662037
7381,Екатеринбург,3045,Returned,31/03/24 23:59,15.998828736724535
7382,Пермь,4541,Delivered,28/03/24 18:40,0.34444444444444444
7393,Тольятти,3272,Delivered,18/03/24 12:43,0.9395833333333333
7393,Тольятти,3859,Returned,31/03/24 23:59,6.221273200671296
7393,Тольятти,3860,Returned,31/03/24 23:59,3.6738222421527778
7401,Казань,3709,Returned,31/03/24 23:59,7.67886531113426
7402,,3707,Delivered,24/03/24 17:46,1.1625
7407,Нижний Новгород,4151,Delivered,25/03/24 21:13,1.8243055555555556
7414,Саратов,4360,In Transit,31/03/24 23:59,1.7516908669097224
7421,,2900,In Transit,31/03/24 23:59,18.28496756708333
7434,Ростов-на-Дону,4566,In Transit,31/03/24 23:59,
7434,Ростов-на-Дону,4567,Delivered,31/03/24 08:29,-1.7361111111111112
7442,Тольятти,3722,Delivered,24/03/24 11:53,0.5833333333333334
7447,Екатеринбург,4029,Delivered,24/03/24 02:49,1.195138888888889
7451,Самара,5083,Delivered,07/04/24 12:16,2.342361111111111
7452,Волгоград,4725,Delivered,31/03/24 17:31,-0.07291666666666667
7454,Красноярск,4507,Returned,31/03/24 23:59,1.2786678224189814
7458,Саратов,2863,Delivered,14/03/24 02:25,0.45
7462,Новосибирск,4862,In Transit,31/03/24 23:59,-1.7827127426041665
7466,Самара,4672,Returned,31/03/24 23:59,-2.9685266473263887
7474,Красноярск,3140,Delivered,17/03/24 06:07,-0.5652777777777778
7474,Красноярск,3144,Returned,31/03/24 23:59,14.08838434255787
7480,Казань,4429,Delivered,29/03/24 03:45,0.009027777777777777
7486,Саратов,4730,Delivered,02/04/24 13:05,1.0659722222222223
7491,Краснодар,3819,Delivered,23/03/24 05:51,1.792361111111111
7491,Краснодар,3820,Delivered,26/03/24 09:51,1.2875
7495,Новосибирск,4998,In Transit,31/03/24 23:59,-5.453398385439814
7505,Нижний Новгород,3163,In Transit,31/03/24 23:59,15.917579928171296
7506,,4011,Delivered,26/03/24 02:37,1.0986111111111112
7506,,4017,In Transit,31/03/24 23:59,4.629897517268518
7517,Омск,3398,Delivered,17/03/24 05:31,-0.9034722222222222
7519,Нижний Новгород,2912,Delivered,15/03/24 06:43,1.5034722222222223
7524,Пермь,2967,Returned,31/03/24 23:59,18.280705507118057
7524,Пермь,3506,Delivered,19/03/24 19:40,2.113888888888889
7524,Пермь,3509,Delivered,23/03/24 12:34,1.9465277777777779
7531,Воронеж,4584,Delivered,01/04/24 00:51,2.3208333333333333
7534,Волгоград,2972,Delivered,13/03/24 22:45,1.8743055555555554
7534,Волгоград,2981,In Transit,31/03/24 23:59,18.06189444388889
7539,Ростов-на-Дону,4045,Delivered,23/03/24 11:24,-0.3854166666666667
7554,Казань,4218,Delivered,29/03/24 12:05,2.207638888888889
7556,Санкт-Петербург,2931,In Transit,31/03/24 23:59,18.938944333090276
7565,Уфа,4522,Returned,31/03/24 23:59,-2.1117772112962965
7608,Самара,4848,Delivered,30/03/24 01:56,-0.8138888888888889
7617,Казань,4325,Returned,31/03/24 23:59,2.1428683953125
7621,Саратов,4374,In Transit,31/03/24 23:59,1.415023012037037
7623,Омск,4362,Delivered,29/03/24 18:53,-0.7125
7645,Самара,3243,Delivered,17/03/24 20:46,1.9416666666666667
7645,Самара,3244,Returned,31/03/24 23:59,11.128409691655092
7675,Красноярск,4474,In Transit,31/03/24 23:59,1.7517571935648149
7675,Красноярск,4475,Delivered,01/04/24 20:13,1.7895833333333333
7682,Ростов-на-Дону,3756,Delivered,20/03/24 10:30,-0.5361111111111111
7687,Ижевск,4883,Returned,31/03/24 23:59,-5.030991582962963
7689,Ростов-на-Дону,3282,Returned,31/03/24 23:59,12.333088907997684
7689,Ростов-на-Дону,3289,Delivered,18/03/24 11:59,0.5972222222222222
7690,Нижний Новгород,4105,Delivered,25/03/24 05:56,-0.005555555555555556
7690,Нижний Новгород,4106,Returned,31/03/24 23:59,3.816830360555556
7699,Ростов-на-Дону,3636,Delivered,21/03/24 15:28,-0.5493055555555556
7701,Екатеринбург,4531,Delivered,01/04/24 01:15,0.4076388888888889
7710,Омск,4000,Delivered,23/03/24 13:18,0.09861111111111111
7710,Омск,4001,In Transit,31/03/24 23:59,6.124324253113425
7715,Казань,3038,In Transit,31/03/24 23:59,16.114318224826388
7715,Казань,3298,Returned,31/03/24 23:59,13.98847065224537
7718,Ростов-на-Дону,4267,In Transit,31/03/24 23:59,4.375313103275463
7718,Ростов-на-Дону,4268,Delivered,27/03/24 17:19,1.4236111111111112
7718,Ростов-на-Дону,4269,In Transit,31/03/24 23:59,4.046507315810185
7747,Омск,3429,Returned,31/03/24 23:59,12.378463381631944
7747,Омск,3437,In Transit,31/03/24 23:59,13.044103328217593
7748,Саратов,3254,Returned,31/03/24 23:59,14.21695441517361
7748,Саратов,3255,Returned,31/03/24 23:59,14.232188287650462
7748,Саратов,3259,In Transit,31/03/24 23:59,15.669744150578705
7750,Тольятти,4967,In Transit,31/03/24 23:59,-1.949599346076389
7761,Москва,4104,Delivered,27/03/24 08:58,1.9805555555555556
7766,Уфа,3528,Delivered,20/03/24 12:38,0.3020833333333333
7771,Волгоград,3245,Delivered,18/03/24 09:38,-0.6979166666666666
7774,Нижний Новгород,4935,Returned,31/03/24 23:59,-2.3459674190162034
7774,Нижний Новгород,4939,Delivered,05/04/24 21:55,3.8743055555555554
7777,Санкт-Петербург,3376,Delivered,17/03/24 22:15,1.8555555555555556
7781,Екатеринбург,4321,Delivered,31/03/24 21:25,1.8715277777777777
7781,Екатеринбург,4322,Delivered,28/03/24 16:41,-0.5034722222222222
7787,Москва,3340,In Transit,31/03/24 23:59,12.548310100821759
7797,Омск,4354,Returned,31/03/24 23:59,2.7546084394444446
7815,Нижний Новгород,4246,Returned,31/03/24 23:59,3.2912201218171293
7815,Нижний Новгород,4247,Delivered,30/03/24 17:15,2.848611111111111
7815,Нижний Новгород,4248,Returned,31/03/24 23:59,3.865482510543982
7817,Самара,4205,Returned,31/03/24 23:59,1.4880501164814814
7819,Пермь,3178,Delivered,17/03/24 04:48,1.1055555555555556
7822,Красноярск,3996,Delivered,22/03/24 21:11,-0.5236111111111111
7822,Красноярск,3997,Delivered,29/03/24 02:59,1.74375
7828,Тольятти,4165,Delivered,26/03/24 06:38,1.8791666666666667
7828,Тольятти,4167,Delivered,29/03/24 11:02,1.6180555555555556
7841,Саратов,3888,Returned,31/03/24 23:59,4.207389620891203
7860,Екатеринбург,3628,Delivered,18/03/24 22:12,-0.9097222222222222
7862,Челябинск,3347,Delivered,18/03/24 08:07,1.44375
7871,Нижний Новгород,3184,Delivered,20/03/24 09:38,1.0715277777777779
7871,Нижний Новгород,3185,In Transit,31/03/24 23:59,14.088798921990742
7887,Самара,4339,Delivered,30/03/24 23:14,2.1666666666666665
7888,Ижевск,4774,Delivered,03/04/24 15:43,1.0888888888888888
7897,,3457,Delivered,19/03/24 14:08,0.5847222222222223
7899,Челябинск,4827,In Transit,31/03/24 23:59,-1.1921946734259259
7899,Челябинск,4829,Delivered,04/04/24 05:09,0.9972222222222222
7901,Красноярск,4383,Delivered,02/04/24 01:42,2.5076388888888888
7901,Красноярск,4385,In Transit,31/03/24 23:59,1.1436493090277777
7906,Ростов-на-Дону,3589,Returned,31/03/24 23:59,8.894377084027779
7915,Уфа,4221,Delivered,29/03/24 19:42,0.6055555555555555
7916,Воронеж,3800,In Transit,31/03/24 23:59,8.71737317454861
7920,Волгоград,4638,In Transit,31/03/24 23:59,0.33795174199074074
7920,Волгоград,4644,Delivered,31/03/24 09:24,-0.11527777777777778
7940,Ростов-на-Дону,3797,Returned,31/03/24 23:59,5.051268706643518
7946,Москва,3640,Returned,31/03/24 23:59,10.930860198391205
7946,Москва,4417,Delivered,28/03/24 07:22,1.4305555555555556
7949,Воронеж,4067,Returned,31/03/24 23:59,4.317996220578704
7954,Краснодар,4282,Delivered,01/04/24 18:14,3.9923611111111112
7964,Красноярск,3488,In Transit,31/03/24 23:59,10.176446131898148
7975,Уфа,3269,Delivered,21/03/24 23:04,3.220138888888889
7976,Краснодар,3611,In Transit,31/03/24 23:59,12.360314077164354
7983,Краснодар,4499,Delivered,28/03/24 13:28,0.9444444444444444
7983,Краснодар,4500,In Transit,31/03/24 23:59,0.4532387865162037
7986,Краснодар,4202,Returned,31/03/24 23:59,4.68705431630787
7986,Краснодар,4203,Delivered,28/03/24 08:37,2.138888888888889
7991,Казань,3766,Delivered,25/03/24 11:43,0.8645833333333334
7991,Казань,3769,Returned,31/03/24 23:59,7.186081408483797
7991,Казань,4553,In Transit,31/03/24 23:59,3.142480219675926
8007,Нижний Новгород,3629,Delivered,18/03/24 04:10,-0.6951388888888889
8013,Красноярск,3345,In Transit,31/03/24 23:59,14.811325784108798
8015,Москва,4016,Delivered,27/03/24 23:55,1.1527777777777777
8036,Москва,4972,Delivered,07/04/24 13:07,1.5180555555555555
8049,Волгоград,3572,In Transit,31/03/24 23:59,11.252121645925927
8054,Нижний Новгород,4556,Delivered,30/03/24 07:22,-0.6194444444444445
8054,Нижний Новгород,4557,Returned,31/03/24 23:59,0.8214454155324075
8055,Ростов-на-Дону,5004,Returned,31/03/24 23:59,-3.1057325534375
8057,Омск,4878,Delivered,07/04/24 11:47,2.921527777777778
8067,Омск,4865,Delivered,01/04/24 02:49,0.004861111111111111
8074,Краснодар,4890,In Transit,31/03/24 23:59,-2.688128086736111
8081,Уфа,3644,Delivered,19/03/24 17:14,-0.5465277777777777
8081,Уфа,3645,In Transit,31/03/24 23:59,8.778139138796297
8086,Екатеринбург,4488,In Transit,31/03/24 23:59,3.486152703472222
8102,Санкт-Петербург,4194,Delivered,29/03/24 21:41,1.570138888888889
8107,Волгоград,4342,Returned,31/03/24 23:59,3.58839174162037
8107,Волгоград,4343,Delivered,31/03/24 05:34,1.8555555555555556
8114,,3821,Delivered,26/03/24 04:40,1.5430555555555556
8114,,4794,Delivered,29/03/24 22:11,-0.7430555555555556
8114,,4795,Delivered,03/04/24 00:44,0.7090277777777778
8114,,4796,Delivered,05/04/24 00:57,0.8173611111111111
8123,Тюмень,3539,Delivered,19/03/24 18:03,1.7486111111111111
8141,Новосибирск,4772,In Transit,31/03/24 23:59,-0.5827255003935186
8141,Новосибирск,4773,Delivered,01/04/24 13:40,0.28541666666666665
8142,Красноярск,4861,Returned,31/03/24 23:59,-4.93729574974537
8147,Тюмень,4056,Delivered,23/03/24 19:25,0.46458333333333335
8155,Красноярск,4231,Delivered,24/03/24 07:22,-0.71875
8157,Екатеринбург,4195,Delivered,25/03/24 09:02,-0.24930555555555556
8162,Москва,3496,Returned,31/03/24 23:59,12.533602299155092
8166,Тюмень,4418,Delivered,28/03/24 21:08,0.3076388888888889
8168,Ростов-на-Дону,4204,In Transit,31/03/24 23:59,3.4015421677430555
8169,Екатеринбург,4623,In Transit,31/03/24 23:59,1.9272425945486114
8169,Екатеринбург,4624,Returned,31/03/24 23:59,-1.1585105431018519
8173,Краснодар,4808,In Transit,31/03/24 23:59,-2.4879398720949073
8175,Ижевск,3571,Delivered,22/03/24 20:53,1.8923611111111112
8195,Ижевск,5044,Returned,31/03/24 23:59,-3.13061644306713
8200,Пермь,5066,Returned,31/03/24 23:59,-7.282037909027777
8204,Волгоград,4070,Delivered,27/03/24 09:16,1.6722222222222223
8214,Омск,3664,Delivered,21/03/24 07:38,2.1805555555555554
8214,Омск,3665,Delivered,21/03/24 01:58,-0.05625
8218,Саратов,4307,Delivered,27/03/24 20:34,0.8118055555555556
8223,Уфа,4962,Delivered,05/04/24 08:08,0.13402777777777777
8238,Волгоград,3845,Delivered,22/03/24 05:17,-0.7083333333333334
8258,Ижевск,4863,In Transit,31/03/24 23:59,-2.7743965443055556
8266,Москва,4394,Delivered,28/03/24 01:13,1.2395833333333333
8266,Москва,4395,In Transit,31/03/24 23:59,4.446511877141203
8271,Саратов,4656,Delivered,01/04/24 13:33,1.60625
8292,Воронеж,5038,Delivered,03/04/24 02:16,-0.24583333333333332
8317,Ростов-на-Дону,3694,In Transit,31/03/24 23:59,9.338007998553241
8317,Ростов-на-Дону,3696,Delivered,22/03/24 18:55,0.4423611111111111
8319,Омск,5024,In Transit,31/03/24 23:59,-3.3806119584374996
8319,Омск,5027,Returned,31/03/24 23:59,-5.939675519328704
8337,Самара,4227,Delivered,26/03/24 12:43,-0.93125
8338,,4596,Delivered,01/04/24 14:20,0.3055555555555556
8344,Воронеж,4128,Returned,31/03/24 23:59,1.7449915674768517
8359,Новосибирск,3590,Delivered,19/03/24 16:15,-0.5479166666666667
8365,Красноярск,4265,Delivered,02/04/24 01:35,3.879166666666667
8365,Красноярск,4266,In Transit,31/03/24 23:59,5.566947980879629
8366,Омск,3762,In Transit,31/03/24 23:59,7.7150793954398145
8390,Краснодар,3921,Delivered,23/03/24 10:07,-0.7486111111111111
8394,Челябинск,4112,Returned,31/03/24 23:59,1.8884199166898148
8399,Челябинск,3606,Delivered,21/03/24 17:53,1.2722222222222221
8399,Челябинск,3608,In Transit,31/03/24 23:59,12.123057128020834
8399,Челябинск,3612,Delivered,20/03/24 10:27,-0.3770833333333333
8400,Казань,5099,Delivered,05/04/24 03:01,1.8173611111111112
8400,Казань,5100,Returned,31/03/24 23:59,-3.647827489363426
8407,Екатеринбург,4287,Delivered,28/03/24 08:53,1.1458333333333333
8407,Екатеринбург,4288,Delivered,25/03/24 09:20,-0.6243055555555556
8412,Санкт-Петербург,4716,Returned,31/03/24 23:59,-1.3459037800925926
8412,Санкт-Петербург,4718,In Transit,31/03/24 23:59,0.5396915139236111
8417,Ростов-на-Дону,4408,In Transit,31/03/24 23:59,2.273401022847222
8417,Ростов-на-Дону,4410,In Transit,31/03/24 23:59,2.6429356057754627
8425,Ростов-на-Дону,4530,In Transit,31/03/24 23:59,2.625731313599537
8427,Ростов-на-Дону,3767,Delivered,22/03/24 20:16,0.7506944444444444
8429,Красноярск,4877,Returned,31/03/24 23:59,-1.340086273009259
8430,Самара,5103,Delivered,06/04/24 22:59,1.6409722222222223
8436,Саратов,4594,Delivered,31/03/24 12:17,2.1326388888888888
8436,Саратов,4595,Delivered,02/04/24 13:20,2.1333333333333333
8436,Саратов,4737,In Transit,31/03/24 23:59,-2.254014722199074
8437,Воронеж,4460,Delivered,31/03/24 00:44,0.975
8437,Воронеж,4461,In Transit,31/03/24 23:59,1.7480907379976853
8440,Пермь,4044,Delivered,23/03/24 19:23,-0.6979166666666666
8463,Тольятти,4963,Delivered,04/04/24 04:19,-0.5763888888888888
8468,Волгоград,4482,Delivered,31/03/24 16:14,0.59375
8468,Волгоград,4831,Returned,31/03/24 23:59,-5.178768523761574
8476,Волгоград,4664,Returned,31/03/24 23:59,-3.7470710091203703
8476,Волгоград,4667,Returned,31/03/24 23:59,-1.8389528901388892
8477,Нижний Новгород,4803,Returned,31/03/24 23:59,-0.6588409643518519
8478,Красноярск,4450,Returned,31/03/24 23:59,2.482592388564815
8479,Саратов,4536,Delivered,30/03/24 12:18,-0.3729166666666667
8485,Челябинск,4335,Delivered,27/03/24 13:05,0.10972222222222222
8485,Челябинск,4336,Delivered,30/03/24 11:56,1.4006944444444445
8485,Челябинск,4338,Delivered,28/03/24 21:17,0.9284722222222223
8486,Тюмень,4311,Returned,31/03/24 23:59,2.5867515676967594
8487,Нижний Новгород,4978,Returned,31/03/24 23:59,-6.664416720277777
8488,Ижевск,3876,Delivered,24/03/24 05:57,-0.9541666666666667
8494,Пермь,4649,In Transit,31/03/24 23:59,-1.1025931061689815
8505,Казань,4304,Delivered,29/03/24 15:09,-0.6041666666666666
8505,Казань,4419,Delivered,30/03/24 09:23,0.8465277777777778
8505,Казань,4422,Delivered,28/03/24 04:23,0.022222222222222223
8539,Челябинск,3937,Delivered,25/03/24 08:09,2.207638888888889
8539,Челябинск,3938,Delivered,27/03/24 07:27,2.986111111111111
8539,Челябинск,3939,Delivered,24/03/24 09:30,-0.5861111111111111
8540,Омск,3823,Returned,31/03/24 23:59,8.156515391261573
8540,Омск,3828,Delivered,20/03/24 19:28,-0.3347222222222222
8558,Волгоград,5078,Returned,31/03/24 23:59,-2.929417770798611
8558,Волгоград,5079,Delivered,07/04/24 05:09,3.745833333333333
8573,Саратов,3822,Delivered,22/03/24 04:24,0.4375
8576,Воронеж,4769,Returned,31/03/24 23:59,-2.5947849080439815
8577,Тольятти,4076,Delivered,24/03/24 03:43,0.6145833333333334
8584,Екатеринбург,4841,Delivered,01/04/24 22:50,1.6083333333333334
8602,Ростов-на-Дону,4534,Delivered,01/04/24 07:22,0.4388888888888889
8613,Самара,3892,In Transit,31/03/24 23:59,8.273054787592592
8621,Краснодар,3817,Returned,31/03/24 23:59,4.8784185528240736
8625,Тольятти,4830,Delivered,02/04/24 15:40,1.2180555555555554
8625,Тольятти,4832,In Transit,31/03/24 23:59,-0.04222009170138889
8663,Санкт-Петербург,5062,Returned,31/03/24 23:59,-5.931235452685185
8666,Тюмень,4346,Delivered,26/03/24 05:30,-0.5381944444444444
8670,Тюмень,5050,Delivered,07/04/24 10:38,1.2027777777777777
8672,Ростов-на-Дону,4673,Returned,31/03/24 23:59,-2.204457160324074
8672,Ростов-на-Дону,4674,Returned,31/03/24 23:59,-4.24108975025463
8690,Ижевск,4819,Delivered,30/03/24 05:40,-0.9555555555555556
8718,Самара,3947,In Transit,31/03/24 23:59,6.657345350810185
8771,Уфа,4621,In Transit,31/03/24 23:59,-1.5739956160300925
8781,,4611,Returned,31/03/24 23:59,-3.5278646299537035
8781,,4612,In Transit,31/03/24 23:59,-1.1002656964467592
8785,Волгоград,4411,Delivered,29/03/24 04:23,2.5027777777777778
8786,Самара,4015,Returned,31/03/24 23:59,6.98723160056713
8793,Омск,4905,Returned,31/03/24 23:59,-3.300355474930556
8795,Санкт-Петербург,4199,Delivered,29/03/24 01:40,0.7736111111111111
8800,Самара,4130,In Transit,31/03/24 23:59,6.4969656133564815
8803,Самара,4409,Returned,31/03/24 23:59,2.828441373460648
8806,Воронеж,4707,Delivered,01/04/24 09:31,1.4027777777777777
8818,Волгоград,4442,In Transit,31/03/24 23:59,2.733936408726852
8834,Москва,4028,Delivered,28/03/24 07:47,1.8527777777777779
8835,Пермь,4518,In Transit,31/03/24 23:59,1.708526512835648
8835,Пермь,4519,Delivered,27/03/24 13:31,-0.8868055555555555
8835,Пермь,4520,Returned,31/03/24 23:59,-2.471994847465278
8847,Нижний Новгород,4560,In Transit,31/03/24 23:59,-0.4072398691087963
8849,Москва,4275,Delivered,27/03/24 12:11,0.4736111111111111
8863,Москва,4509,Delivered,01/04/24 12:06,1.7041666666666666
8864,Воронеж,4548,Delivered,31/03/24 06:11,-0.7479166666666667
8877,Уфа,4109,In Transit,31/03/24 23:59,5.998372502847222
8888,Тюмень,4080,Delivered,29/03/24 14:35,3.9854166666666666
8897,Челябинск,4489,In Transit,31/03/24 23:59,1.5631933247569443
8913,Челябинск,4651,Delivered,01/04/24 13:38,-0.19722222222222222
8915,Новосибирск,5082,In Transit,31/03/24 23:59,-2.062986808888889
8915,Новосибирск,5085,Delivered,05/04/24 03:11,2.6569444444444446
8915,Новосибирск,5086,Delivered,05/04/24 10:19,0.6118055555555556
8923,Санкт-Петербург,5028,Delivered,03/04/24 00:54,0.8430555555555556
8936,Ижевск,4050,Delivered,26/03/24 16:11,1.9965277777777777
8944,Ижевск,4100,Returned,31/03/24 23:59,5.696884922858796
8944,Ижевск,4229,Delivered,24/03/24 07:21,-0.625
8987,Омск,4359,Delivered,28/03/24 05:12,1.6833333333333333
9016,Тюмень,5003,Delivered,05/04/24 00:12,1.711111111111111
9016,Тюмень,5007,Delivered,07/04/24 06:25,1.5944444444444446
9018,Уфа,4846,Returned,31/03/24 23:59,-2.498822085740741
9041,Тюмень,4971,In Transit,31/03/24 23:59,-2.4161925670023146
9046,Самара,4577,Returned,31/03/24 23:59,1.016617279699074
9046,Самара,4579,Delivered,31/03/24 01:12,0.9145833333333333
9049,Ростов-на-Дону,4393,In Transit,31/03/24 23:59,2.118884729131944
9055,Воронеж,4469,Returned,31/03/24 23:59,-1.0681276587152777
9073,Екатеринбург,4326,Returned,31/03/24 23:59,0.9298051929861111
9073,Екатеринбург,4329,Returned,31/03/24 23:59,0.8116910068171297
9073,Екатеринбург,4332,Delivered,27/03/24 19:37,0.9090277777777778
9135,Самара,4748,Returned,31/03/24 23:59,-4.637933355914352
9143,Екатеринбург,4723,Returned,31/03/24 23:59,-4.635794521226852
9146,Волгоград,4516,Returned,31/03/24 23:59,-0.5440961099537037
9146,Волгоград,4517,In Transit,31/03/24 23:59,0.778229124386574
9161,Волгоград,4369,Delivered,29/03/24 11:55,1.7465277777777777
9203,Саратов,4313,Delivered,27/03/24 03:55,1.0409722222222222
9203,Саратов,4849,Delivered,04/04/24 14:02,1.2430555555555556
9208,Волгоград,4859,Returned,31/03/24 23:59,-4.5935409240393525
9216,Красноярск,5081,Delivered,03/04/24 07:45,1.520138888888889
9237,Уфа,4576,In Transit,31/03/24 23:59,1.280774030335648
9246,Самара,4755,Delivered,03/04/24 07:34,0.21458333333333332
9251,Самара,4503,Delivered,29/03/24 03:01,-0.3236111111111111
9256,Воронеж,4545,In Transit,31/03/24 23:59,-0.40573076167824074
9256,Воронеж,5071,Delivered,02/04/24 09:15,-0.7583333333333333
9262,Екатеринбург,4870,Delivered,02/04/24 11:25,-0.18541666666666667
9303,Москва,4804,In Transit,31/03/24 23:59,-2.9300483146296297
9304,Краснодар,4957,In Transit,31/03/24 23:59,-3.4358082382407407
9331,Нижний Новгород,4505,Returned,31/03/24 23:59,-2.319885421354167
9337,Казань,4801,Delivered,06/04/24 00:03,2.9916666666666667
9355,Красноярск,4757,Delivered,31/03/24 23:54,-0.2881944444444444
9373,Новосибирск,5052,In Transit,31/03/24 23:59,-2.8042647602430555
9373,Новосибирск,5054,Delivered,06/04/24 12:00,1.2861111111111112
9388,Москва,4726,Delivered,05/04/24 14:43,2.6215277777777777
9388,Москва,4727,Returned,31/03/24 23:59,-0.8084687669212962
9388,Москва,4732,In Transit,31/03/24 23:59,0.09655365572916667
9388,Москва,4914,In Transit,31/03/24 23:59,-3.853708912037037
9388,Москва,4916,Returned,31/03/24 23:59,-2.043646691099537
9411,Тольятти,4711,Returned,31/03/24 23:59,-0.9458366910532406
9416,Тольятти,4887,Returned,31/03/24 23:59,-3.6707851864814813
9420,Тюмень,4717,In Transit,31/03/24 23:59,-0.5907304240972222
9438,Волгоград,4749,Returned,31/03/24 23:59,0.12362202694444445
9495,Тольятти,5097,Delivered,06/04/24 09:28,0.74375
9495,Тольятти,5098,Returned,31/03/24 23:59,-5.100750514791667
9501,Санкт-Петербург,4959,In Transit,31/03/24 23:59,-2.5308494747916668
9508,Нижний Новгород,5008,Delivered,03/04/24 14:46,0.125
9512,Санкт-Петербург,4646,In Transit,31/03/24 23:59,0.6189476681134259
9540,Волгоград,4911,Returned,31/03/24 23:59,-4.363355778078703
9544,Ижевск,4742,Delivered,29/03/24 12:00,-0.5854166666666667
9545,Москва,4995,Delivered,04/04/24 02:46,-0.9152777777777777
9597,Ижевск,4783,Delivered,03/04/24 01:18,1.851388888888889
9597,Ижевск,4785,Returned,31/03/24 23:59,-3.4695591473726854
9651,Ижевск,4679,In Transit,31/03/24 23:59,0.6053922333449073
9656,Красноярск,4800,In Transit,31/03/24 23:59,-1.7227526218171294
9671,Краснодар,5048,In Transit,31/03/24 23:59,-2.782946384247685
9671,Краснодар,5051,Returned,31/03/24 23:59,-3.9570304014467594
9772,Волгоград,4990,Delivered,05/04/24 16:32,0.7145833333333333
9811,Тюмень,4908,Delivered,01/04/24 07:52,-0.7854166666666667
9811,Тюмень,4910,Delivered,05/04/24 17:29,2.428472222222222
9827,Челябинск,4919,Delivered,03/04/24 15:42,1.35625
9827,Челябинск,4921,Delivered,02/04/24 12:00,0.8645833333333334
9849,Санкт-Петербург,5090,Delivered,03/04/24 00:19,0.6541666666666667
9849,Санкт-Петербург,5091,Delivered,08/04/24 12:14,1.7916666666666667
9906,Уфа,4979,Returned,31/03/24 23:59,-6.571500674456019
9906,Уфа,4982,Delivered,07/04/24 23:44,1.9701388888888889
9957,Ижевск,5055,Returned,31/03/24 23:59,-6.042519912592593
9957,Ижевск,5063,In Transit,31/03/24 23:59,-5.235838566053241
