customer_id,customer_city,cohort,registration_date,days_since_registration,orders_count,avg_delivery_days,revenue,segment
1,Екатеринбург,01/01/24,01/01/24,90,,,,inactive
2,Пермь,01/01/24,01/01/24,90,,,,inactive
3,Ростов-на-Дону,01/01/24,01/01/24,90,2,4.647916666666667,76466.97,one_time
4,Санкт-Петербург,01/01/24,01/01/24,90,,,,inactive
5,Ижевск,01/01/24,01/01/24,90,,,,inactive
6,Новосибирск,01/01/24,01/01/24,90,,,,inactive
7,Уфа,01/01/24,01/01/24,90,,,,inactive
8,Тольятти,01/01/24,01/01/24,90,,,,inactive
9,Ростов-на-Дону,01/01/24,01/01/24,90,,,,inactive
10,Ростов-на-Дону,01/01/24,01/01/24,90,,,,inactive
11,Санкт-Петербург,01/01/24,01/01/24,90,1,2.517361111111111,60071.71,one_time
12,Екатеринбург,01/01/24,01/01/24,90,1,6.152083333333334,18569.66,one_time
13,Самара,01/01/24,01/01/24,90,1,3.3006944444444444,13259.48,one_time
14,Ростов-на-Дону,01/01/24,01/01/24,90,,,,inactive
15,Краснодар,01/01/24,01/01/24,90,1,7.692361111111111,37513.34,one_time
16,Ижевск,01/01/24,01/01/24,90,,,,inactive
17,Екатеринбург,01/01/24,01/01/24,90,2,7.498263888888889,164247.17,one_time
18,Санкт-Петербург,01/01/24,01/01/24,90,,,,inactive
19,Красноярск,01/01/24,01/01/24,90,,,,inactive
20,Новосибирск,01/01/24,01/01/24,90,,,,inactive
21,Краснодар,01/01/24,01/01/24,90,,,,inactive
22,Уфа,01/01/24,01/01/24,90,,,,inactive
23,Казань,01/01/24,01/01/24,90,,,,inactive
24,Ижевск,01/01/24,01/01/24,90,1,4.013194444444444,32222.83,one_time
25,Волгоград,01/01/24,01/01/24,90,,,,inactive
26,Казань,01/01/24,01/01/24,90,1,2.498611111111111,15430.76,one_time
27,Челябинск,01/01/24,01/01/24,90,,,,inactive
28,Новосибирск,01/01/24,01/01/24,90,,,,inactive
29,Волгоград,01/01/24,01/01/24,90,,,,inactive
30,Омск,01/01/24,01/01/24,90,1,3.9131944444444446,38011.85,one_time
31,Саратов,01/01/24,01/01/24,90,1,6.741666666666666,34404.35,one_time
32,Казань,01/01/24,01/01/24,90,,,,inactive
33,Уфа,01/01/24,01/01/24,90,,,,inactive
34,Нижний Новгород,01/01/24,01/01/24,90,1,5.782638888888889,33396.51,one_time
35,Уфа,01/01/24,01/01/24,90,,,,inactive
36,Ижевск,01/01/24,01/01/24,90,,,,inactive
37,Пермь,01/01/24,01/01/24,90,1,4.858333333333333,32234.2,one_time
38,Челябинск,01/01/24,01/01/24,90,1,4.470833333333333,11457.93,one_time
39,Ижевск,01/01/24,01/01/24,90,,,,inactive
40,Воронеж,01/01/24,01/01/24,90,,,,inactive
41,Ижевск,01/01/24,01/01/24,90,,,,inactive
42,Саратов,01/01/24,01/01/24,90,,,,inactive
43,Омск,01/01/24,01/01/24,90,,,,inactive
44,Пермь,01/01/24,01/01/24,90,,,,inactive
45,Нижний Новгород,01/01/24,01/01/24,90,,,,inactive
46,Пермь,01/01/24,01/01/24,90,,,,inactive
47,Санкт-Петербург,01/01/24,01/01/24,90,1,2.3270833333333334,63102.55,one_time
48,Воронеж,01/01/24,01/01/24,90,,,,inactive
49,Красноярск,01/01/24,01/01/24,90,,,,inactive
50,Новосибирск,01/01/24,01/01/24,90,,,,inactive
51,Санкт-Петербург,01/01/24,01/01/24,90,,,,inactive
52,Тюмень,01/01/24,01/01/24,90,,,,inactive
53,Челябинск,01/01/24,01/01/24,90,1,6.985416666666667,22524.08,one_time
54,Новосибирск,01/01/24,01/01/24,90,,,,inactive
55,Пермь,01/01/24,01/01/24,90,5,4.637777777777777,192512.18,regular
56,Ижевск,01/01/24,01/01/24,90,,,,inactive
57,Екатеринбург,01/01/24,01/01/24,90,,,,inactive
58,Омск,01/01/24,01/01/24,90,,,,inactive
59,Воронеж,01/01/24,01/01/24,90,,,,inactive
60,Новосибирск,01/01/24,01/01/24,90,,,,inactive
61,Тольятти,01/01/24,01/01/24,90,,,,inactive
62,Тюмень,01/01/24,01/01/24,90,1,5.81875,26678.9,one_time
63,Пермь,01/01/24,01/01/24,90,,,,inactive
64,,01/01/24,01/01/24,90,3,2.964351851851852,83821.87,regular
65,Казань,01/01/24,01/01/24,90,1,8.413194444444445,14080.5,one_time
66,Краснодар,01/01/24,01/01/24,90,,,,inactive
67,Ижевск,01/01/24,01/01/24,90,,,,inactive
68,Челябинск,01/01/24,01/01/24,90,,,,inactive
69,Тюмень,01/01/24,01/01/24,90,,,,inactive
70,Саратов,01/01/24,01/01/24,90,,,,inactive
71,Самара,01/01/24,01/01/24,90,1,8.631944444444445,11793.9,one_time
72,Уфа,01/01/24,01/01/24,90,1,4.254861111111111,40361.06,one_time
73,Уфа,01/01/24,01/01/24,90,1,4.741666666666666,580.36,one_time
74,Волгоград,01/01/24,01/01/24,90,1,5.472222222222222,77590.91,one_time
75,Краснодар,01/01/24,01/01/24,90,,,,inactive
76,Нижний Новгород,01/01/24,01/01/24,90,,,,inactive
77,Ростов-на-Дону,01/01/24,01/01/24,90,,,,inactive
78,Москва,01/01/24,01/01/24,90,,,,inactive
79,Ижевск,01/01/24,01/01/24,90,1,3.354861111111111,209749.48,one_time
80,Саратов,01/01/24,01/01/24,90,,,,inactive
81,Новосибирск,01/01/24,01/01/24,90,1,2.8319444444444444,2254.88,one_time
82,Екатеринбург,01/01/24,01/01/24,90,1,5.124305555555556,995.77,one_time
83,Самара,01/01/24,01/01/24,90,,,,inactive
84,Тольятти,01/01/24,01/01/24,90,,,,inactive
85,Санкт-Петербург,01/01/24,01/01/24,90,,,,inactive
86,Уфа,01/01/24,01/01/24,90,,,,inactive
87,Воронеж,01/01/24,01/01/24,90,2,3.906597222222222,94494.64,one_time
88,Нижний Новгород,01/01/24,01/01/24,90,,,,inactive
89,Красноярск,01/01/24,01/01/24,90,,,,inactive
90,Ижевск,01/01/24,01/01/24,90,2,1.3993055555555554,153556.71,one_time
91,Ростов-на-Дону,01/01/24,01/01/24,90,1,3.1527777777777777,2974.73,one_time
92,Красноярск,01/01/24,01/01/24,90,1,6.111111111111111,29052.64,one_time
93,Волгоград,01/01/24,01/01/24,90,1,3.8201388888888888,119899.49,one_time
94,Москва,01/01/24,01/01/24,90,,,,inactive
95,Тольятти,01/01/24,01/01/24,90,,,,inactive
96,Москва,01/01/24,01/01/24,90,2,4.771527777777778,48450.31,one_time
97,Уфа,01/01/24,01/01/24,90,,,,inactive
98,Ростов-на-Дону,01/01/24,01/01/24,90,,,,inactive
99,Пермь,01/01/24,01/01/24,90,,,,inactive
100,Уфа,01/01/24,01/01/24,90,3,4.752314814814816,78063.99,regular
101,Нижний Новгород,01/01/24,01/01/24,90,1,4.739583333333333,10204.22,one_time
102,Ростов-на-Дону,01/01/24,01/01/24,90,2,5.527083333333334,109388.62,one_time
103,Нижний Новгород,01/01/24,01/01/24,90,1,6.718055555555556,2955.11,one_time
104,Нижний Новгород,01/01/24,01/01/24,90,,,,inactive
105,Ростов-на-Дону,01/01/24,01/01/24,90,,,,inactive
106,Новосибирск,01/01/24,01/01/24,90,,,,inactive
107,Тольятти,01/01/24,01/01/24,90,2,4.107291666666667,62671.7,one_time
108,Ростов-на-Дону,01/01/24,01/01/24,90,,,,inactive
109,Саратов,01/01/24,01/01/24,90,,,,inactive
110,Москва,01/01/24,01/01/24,90,,,,inactive
111,Воронеж,01/01/24,01/01/24,90,,,,inactive
112,Саратов,01/01/24,01/01/24,90,,,,inactive
113,Москва,01/01/24,01/01/24,90,,,,inactive
114,Екатеринбург,01/01/24,01/01/24,90,1,1.08125,17195.38,one_time
115,Санкт-Петербург,01/01/24,01/01/24,90,1,6.331944444444445,69675.25,one_time
116,Челябинск,01/01/24,01/01/24,90,,,,inactive
117,Москва,01/01/24,01/01/24,90,,,,inactive
118,Тюмень,01/01/24,01/01/24,90,1,1.8284722222222223,80439.57,one_time
119,Новосибирск,01/01/24,01/01/24,90,1,6.144444444444445,54793.31,one_time
120,Самара,01/01/24,01/01/24,90,,,,inactive
121,Челябинск,01/01/24,01/01/24,90,,,,inactive
122,Тюмень,01/01/24,01/01/24,90,,,,inactive
123,Нижний Новгород,01/01/24,01/01/24,90,1,5.154861111111111,3323.08,one_time
124,Ростов-на-Дону,01/01/24,01/01/24,90,1,5.0881944444444445,92581.52,one_time
125,Челябинск,01/01/24,01/01/24,90,1,6.166666666666667,4502.56,one_time
126,Москва,01/01/24,01/01/24,90,,,,inactive
127,Уфа,01/01/24,01/01/24,90,,,,inactive
128,Ижевск,01/01/24,01/01/24,90,,,,inactive
129,Пермь,01/01/24,01/01/24,90,1,4.870138888888889,20205.72,one_time
130,Москва,01/01/24,01/01/24,90,2,4.503125,29171.09,one_time
131,Воронеж,01/01/24,01/01/24,90,1,3.441666666666667,15869.5,one_time
132,Казань,01/01/24,01/01/24,90,,,,inactive
133,Тюмень,01/01/24,01/01/24,90,1,4.982638888888889,13082.38,one_time
134,,01/01/24,01/01/24,90,3,6.49212962962963,117855.14,regular
135,Волгоград,01/01/24,02/01/24,89,1,6.940972222222222,74409.77,one_time
136,Самара,01/01/24,02/01/24,89,3,6.885648148148149,74171.93,regular
137,Ростов-на-Дону,01/01/24,02/01/24,89,,,,inactive
138,Нижний Новгород,01/01/24,02/01/24,89,,,,inactive
139,Красноярск,01/01/24,02/01/24,89,,,,inactive
140,Омск,01/01/24,02/01/24,89,,,,inactive
141,Волгоград,01/01/24,02/01/24,89,,,,inactive
142,Саратов,01/01/24,02/01/24,89,,,,inactive
143,Казань,01/01/24,02/01/24,89,,,,inactive
144,Санкт-Петербург,01/01/24,02/01/24,89,2,4.266666666666667,54628.31,one_time
145,Воронеж,01/01/24,02/01/24,89,1,2.0375,34997.32,one_time
146,Уфа,01/01/24,02/01/24,89,1,2.9347222222222222,24540.95,one_time
147,Челябинск,01/01/24,02/01/24,89,,,,inactive
148,Тольятти,01/01/24,02/01/24,89,,,,inactive
149,Челябинск,01/01/24,02/01/24,89,,,,inactive
150,Ростов-на-Дону,01/01/24,02/01/24,89,,,,inactive
151,Самара,01/01/24,02/01/24,89,,,,inactive
152,Санкт-Петербург,01/01/24,02/01/24,89,,,,inactive
153,Тюмень,01/01/24,02/01/24,89,,,,inactive
154,Пермь,01/01/24,02/01/24,89,,,,inactive
155,Челябинск,01/01/24,02/01/24,89,1,6.825,37730.42,one_time
156,Воронеж,01/01/24,02/01/24,89,,,,inactive
157,Тюмень,01/01/24,02/01/24,89,2,4.401388888888889,144974.61,one_time
158,Казань,01/01/24,02/01/24,89,,,,inactive
159,Тюмень,01/01/24,02/01/24,89,1,2.1694444444444443,27854.54,one_time
160,Казань,01/01/24,02/01/24,89,,,,inactive
161,Казань,01/01/24,02/01/24,89,2,3.689236111111111,78487.17,one_time
162,Нижний Новгород,01/01/24,02/01/24,89,,,,inactive
163,Краснодар,01/01/24,02/01/24,89,,,,inactive
164,Челябинск,01/01/24,02/01/24,89,1,0.5416666666666666,12779.25,one_time
165,Пермь,01/01/24,02/01/24,89,,,,inactive
166,Новосибирск,01/01/24,02/01/24,89,,,,inactive
167,Самара,01/01/24,02/01/24,89,2,5.625,54950.58,one_time
168,,01/01/24,02/01/24,89,,,,inactive
169,Ижевск,01/01/24,02/01/24,89,,,,inactive
170,Нижний Новгород,01/01/24,02/01/24,89,1,4.0,1739.04,one_time
171,Красноярск,01/01/24,02/01/24,89,,,,inactive
172,Тюмень,01/01/24,02/01/24,89,3,3.7157407407407406,197942.63,regular
173,Москва,01/01/24,02/01/24,89,1,4.697222222222222,6375.72,one_time
174,Новосибирск,01/01/24,02/01/24,89,,,,inactive
175,Екатеринбург,01/01/24,02/01/24,89,,,,inactive
176,Новосибирск,01/01/24,02/01/24,89,,,,inactive
177,Санкт-Петербург,01/01/24,02/01/24,89,,,,inactive
178,Тюмень,01/01/24,02/01/24,89,1,2.0840277777777776,94719.13,one_time
179,Пермь,01/01/24,02/01/24,89,,,,inactive
180,Санкт-Петербург,01/01/24,02/01/24,89,,,,inactive
181,Москва,01/01/24,02/01/24,89,1,4.481944444444444,93505.34,one_time
182,Тольятти,01/01/24,02/01/24,89,1,4.777777777777778,61273.26,one_time
183,Челябинск,01/01/24,02/01/24,89,1,3.8256944444444443,116145.71,one_time
184,Ростов-на-Дону,01/01/24,02/01/24,89,3,5.638657407407408,25502.18,regular
185,Тольятти,01/01/24,02/01/24,89,1,5.471527777777778,63895.98,one_time
186,Волгоград,01/01/24,02/01/24,89,,,,inactive
187,Красноярск,01/01/24,02/01/24,89,,,,inactive
188,Воронеж,01/01/24,02/01/24,89,,,,inactive
189,Санкт-Петербург,01/01/24,02/01/24,89,,,,inactive
190,Саратов,01/01/24,02/01/24,89,,,,inactive
191,Ростов-на-Дону,01/01/24,02/01/24,89,,,,inactive
192,Тольятти,01/01/24,02/01/24,89,,,,inactive
193,Санкт-Петербург,01/01/24,02/01/24,89,1,3.827777777777778,101214.41,one_time
194,Тюмень,01/01/24,02/01/24,89,,,,inactive
195,Пермь,01/01/24,02/01/24,89,,,,inactive
196,Челябинск,01/01/24,02/01/24,89,1,1.3534722222222222,64554.65,one_time
197,Тюмень,01/01/24,02/01/24,89,,,,inactive
198,Уфа,01/01/24,02/01/24,89,2,5.295486111111111,63924.56,one_time
199,Санкт-Петербург,01/01/24,02/01/24,89,2,5.861458333333333,71427.51,one_time
200,Казань,01/01/24,02/01/24,89,1,4.477083333333334,35593.81,one_time
201,Тюмень,01/01/24,02/01/24,89,2,5.027430555555556,95857.19,one_time
202,Новосибирск,01/01/24,02/01/24,89,,,,inactive
203,Воронеж,01/01/24,02/01/24,89,,,,inactive
204,Екатеринбург,01/01/24,02/01/24,89,,,,inactive
205,Санкт-Петербург,01/01/24,02/01/24,89,,,,inactive
206,Челябинск,01/01/24,02/01/24,89,1,3.7618055555555556,86424.62,one_time
207,Челябинск,01/01/24,02/01/24,89,,,,inactive
208,Пермь,01/01/24,02/01/24,89,,,,inactive
209,Омск,01/01/24,02/01/24,89,,,,inactive
210,Пермь,01/01/24,02/01/24,89,,,,inactive
211,Москва,01/01/24,02/01/24,89,1,2.736111111111111,73358.7,one_time
212,Волгоград,01/01/24,02/01/24,89,,,,inactive
213,Краснодар,01/01/24,02/01/24,89,,,,inactive
214,Санкт-Петербург,01/01/24,02/01/24,89,,,,inactive
215,Москва,01/01/24,02/01/24,89,,,,inactive
216,Нижний Новгород,01/01/24,02/01/24,89,1,2.2993055555555557,20041.45,one_time
217,Нижний Новгород,01/01/24,02/01/24,89,,,,inactive
218,Омск,01/01/24,02/01/24,89,,,,inactive
219,Екатеринбург,01/01/24,02/01/24,89,1,7.042361111111111,4114.78,one_time
220,Челябинск,01/01/24,02/01/24,89,,,,inactive
221,Тюмень,01/01/24,02/01/24,89,,,,inactive
222,Казань,01/01/24,02/01/24,89,,,,inactive
223,Волгоград,01/01/24,02/01/24,89,,,,inactive
224,Уфа,01/01/24,02/01/24,89,1,3.1347222222222224,92396.8,one_time
225,Уфа,01/01/24,02/01/24,89,1,7.175694444444445,11624.87,one_time
226,Саратов,01/01/24,02/01/24,89,1,3.122916666666667,32248.02,one_time
227,Омск,01/01/24,02/01/24,89,,,,inactive
228,Новосибирск,01/01/24,02/01/24,89,1,2.216666666666667,36008.31,one_time
229,Санкт-Петербург,01/01/24,02/01/24,89,,,,inactive
230,Воронеж,01/01/24,02/01/24,89,,,,inactive
231,Ростов-на-Дону,01/01/24,02/01/24,89,2,3.9854166666666666,17571.49,one_time
232,Екатеринбург,01/01/24,02/01/24,89,,,,inactive
233,Москва,01/01/24,02/01/24,89,,,,inactive
234,Саратов,01/01/24,02/01/24,89,,,,inactive
235,Красноярск,01/01/24,02/01/24,89,1,6.322222222222222,34677.5,one_time
236,Нижний Новгород,01/01/24,03/01/24,88,2,5.4534722222222225,37515.93,one_time
237,Омск,01/01/24,03/01/24,88,,,,inactive
238,Москва,01/01/24,03/01/24,88,,,,inactive
239,Екатеринбург,01/01/24,03/01/24,88,1,5.891666666666667,38522.92,one_time
240,Ижевск,01/01/24,03/01/24,88,,,,inactive
241,Пермь,01/01/24,03/01/24,88,,,,inactive
242,Краснодар,01/01/24,03/01/24,88,2,3.557986111111111,82537.3,one_time
243,Омск,01/01/24,03/01/24,88,,,,inactive
244,Тюмень,01/01/24,03/01/24,88,3,4.318981481481482,81197.45,regular
245,Самара,01/01/24,03/01/24,88,,,,inactive
246,Уфа,01/01/24,03/01/24,88,1,5.215972222222222,15268.14,one_time
247,Казань,01/01/24,03/01/24,88,,,,inactive
248,Самара,01/01/24,03/01/24,88,,,,inactive
249,Красноярск,01/01/24,03/01/24,88,1,5.368055555555555,51928.19,one_time
250,Ижевск,01/01/24,03/01/24,88,1,1.2409722222222221,40620.49,one_time
251,Уфа,01/01/24,03/01/24,88,,,,inactive
252,Новосибирск,01/01/24,03/01/24,88,1,7.127083333333333,28317.52,one_time
253,Омск,01/01/24,03/01/24,88,,,,inactive
254,Нижний Новгород,01/01/24,03/01/24,88,,,,inactive
255,Омск,01/01/24,03/01/24,88,,,,inactive
256,Москва,01/01/24,03/01/24,88,1,3.2416666666666667,4739.5,one_time
257,Нижний Новгород,01/01/24,03/01/24,88,,,,inactive
258,Пермь,01/01/24,03/01/24,88,,,,inactive
259,Уфа,01/01/24,03/01/24,88,,,,inactive
260,Омск,01/01/24,03/01/24,88,,,,inactive
261,Новосибирск,01/01/24,03/01/24,88,,,,inactive
262,Челябинск,01/01/24,03/01/24,88,,,,inactive
263,Уфа,01/01/24,03/01/24,88,,,,inactive
264,Уфа,01/01/24,03/01/24,88,,,,inactive
265,Омск,01/01/24,03/01/24,88,1,5.461111111111111,33688.51,one_time
266,Челябинск,01/01/24,03/01/24,88,3,6.270833333333333,169502.86,regular
267,Москва,01/01/24,03/01/24,88,,,,inactive
268,Ижевск,01/01/24,03/01/24,88,,,,inactive
269,Тольятти,01/01/24,03/01/24,88,1,2.9555555555555557,25326.36,one_time
270,Омск,01/01/24,03/01/24,88,2,4.308333333333334,102003.28,one_time
271,Казань,01/01/24,03/01/24,88,,,,inactive
272,Москва,01/01/24,03/01/24,88,,,,inactive
273,Пермь,01/01/24,03/01/24,88,,,,inactive
274,Пермь,01/01/24,03/01/24,88,,,,inactive
275,Челябинск,01/01/24,03/01/24,88,1,3.451388888888889,23732.46,one_time
276,Новосибирск,01/01/24,03/01/24,88,2,4.596527777777778,100831.37,one_time
277,Москва,01/01/24,03/01/24,88,1,7.104861111111111,84062.93,one_time
278,Краснодар,01/01/24,03/01/24,88,1,2.8055555555555554,70540.7,one_time
279,Ростов-на-Дону,01/01/24,03/01/24,88,2,5.725694444444445,86377.46,one_time
280,Ижевск,01/01/24,03/01/24,88,,,,inactive
281,Новосибирск,01/01/24,03/01/24,88,,,,inactive
282,Ростов-на-Дону,01/01/24,03/01/24,88,1,7.00625,39121.42,one_time
283,Омск,01/01/24,03/01/24,88,,,,inactive
284,Тюмень,01/01/24,03/01/24,88,,,,inactive
285,Самара,01/01/24,03/01/24,88,3,4.241666666666666,82446.92,regular
286,Казань,01/01/24,03/01/24,88,,,,inactive
287,Пермь,01/01/24,03/01/24,88,,,,inactive
288,Воронеж,01/01/24,03/01/24,88,,,,inactive
289,Волгоград,01/01/24,03/01/24,88,,,,inactive
290,Новосибирск,01/01/24,03/01/24,88,,,,inactive
291,Москва,01/01/24,03/01/24,88,3,2.200462962962963,85766.0,regular
292,Нижний Новгород,01/01/24,03/01/24,88,1,1.35,23979.29,one_time
293,Москва,01/01/24,03/01/24,88,,,,inactive
294,Воронеж,01/01/24,03/01/24,88,1,3.670138888888889,45220.14,one_time
295,Санкт-Петербург,01/01/24,03/01/24,88,,,,inactive
296,Ижевск,01/01/24,03/01/24,88,2,4.726388888888889,79857.43,one_time
297,Ростов-на-Дону,01/01/24,03/01/24,88,1,5.402777777777778,7841.32,one_time
298,Новосибирск,01/01/24,03/01/24,88,,,,inactive
299,Новосибирск,01/01/24,03/01/24,88,1,3.8534722222222224,66533.09,one_time
300,Омск,01/01/24,03/01/24,88,,,,inactive
301,Красноярск,01/01/24,03/01/24,88,,,,inactive
302,Ростов-на-Дону,01/01/24,03/01/24,88,1,5.4743055555555555,12605.73,one_time
303,Челябинск,01/01/24,03/01/24,88,,,,inactive
304,Ижевск,01/01/24,03/01/24,88,1,5.379861111111111,1487.7,one_time
305,Саратов,01/01/24,03/01/24,88,1,5.913194444444445,72833.86,one_time
306,Пермь,01/01/24,03/01/24,88,,,,inactive
307,Новосибирск,01/01/24,03/01/24,88,1,6.997222222222222,58696.86,one_time
308,Волгоград,01/01/24,03/01/24,88,,,,inactive
309,Пермь,01/01/24,03/01/24,88,1,4.154861111111111,74456.17,one_time
310,Самара,01/01/24,03/01/24,88,,,,inactive
311,Нижний Новгород,01/01/24,03/01/24,88,,,,inactive
312,Красноярск,01/01/24,03/01/24,88,,,,inactive
313,Воронеж,01/01/24,03/01/24,88,,,,inactive
314,Челябинск,01/01/24,03/01/24,88,,,,inactive
315,Тюмень,01/01/24,03/01/24,88,2,3.788194444444444,60405.39,one_time
316,Санкт-Петербург,01/01/24,03/01/24,88,1,5.532638888888889,16246.82,one_time
317,Ростов-на-Дону,01/01/24,03/01/24,88,,,,inactive
318,Нижний Новгород,01/01/24,03/01/24,88,1,2.6590277777777778,29058.6,one_time
319,Нижний Новгород,01/01/24,03/01/24,88,2,4.169097222222222,35200.21,one_time
320,Уфа,01/01/24,03/01/24,88,2,5.445833333333333,135036.41,one_time
321,Самара,01/01/24,03/01/24,88,,,,inactive
322,Новосибирск,01/01/24,03/01/24,88,,,,inactive
323,Воронеж,01/01/24,03/01/24,88,1,3.0319444444444446,4969.04,one_time
324,Красноярск,01/01/24,03/01/24,88,,,,inactive
325,Тюмень,01/01/24,03/01/24,88,1,5.218055555555556,40072.77,one_time
326,Ростов-на-Дону,01/01/24,03/01/24,88,,,,inactive
327,Новосибирск,01/01/24,03/01/24,88,,,,inactive
328,Челябинск,01/01/24,03/01/24,88,1,6.604861111111111,11545.54,one_time
329,Нижний Новгород,01/01/24,03/01/24,88,1,4.0,32619.54,one_time
330,Санкт-Петербург,01/01/24,03/01/24,88,,,,inactive
331,Тюмень,01/01/24,03/01/24,88,1,5.845138888888889,2613.21,one_time
332,Тольятти,01/01/24,03/01/24,88,1,7.690972222222222,10104.29,one_time
333,Тюмень,01/01/24,03/01/24,88,,,,inactive
334,Ижевск,01/01/24,03/01/24,88,,,,inactive
335,Саратов,01/01/24,03/01/24,88,,,,inactive
336,Казань,01/01/24,03/01/24,88,,,,inactive
337,Саратов,01/01/24,03/01/24,88,,,,inactive
338,Краснодар,01/01/24,04/01/24,87,,,,inactive
339,Казань,01/01/24,04/01/24,87,1,7.297916666666667,11405.64,one_time
340,Санкт-Петербург,01/01/24,04/01/24,87,,,,inactive
341,Ижевск,01/01/24,04/01/24,87,1,6.321527777777778,71252.99,one_time
342,Пермь,01/01/24,04/01/24,87,,,,inactive
343,Красноярск,01/01/24,04/01/24,87,,,,inactive
344,Новосибирск,01/01/24,04/01/24,87,,,,inactive
345,Екатеринбург,01/01/24,04/01/24,87,1,2.2583333333333333,2090.42,one_time
346,Красноярск,01/01/24,04/01/24,87,,,,inactive
347,Омск,01/01/24,04/01/24,87,1,4.924305555555556,34806.45,one_time
348,Тольятти,01/01/24,04/01/24,87,1,1.867361111111111,36452.23,one_time
349,Челябинск,01/01/24,04/01/24,87,,,,inactive
350,Санкт-Петербург,01/01/24,04/01/24,87,,,,inactive
351,Тюмень,01/01/24,04/01/24,87,,,,inactive
352,Екатеринбург,01/01/24,04/01/24,87,1,8.348611111111111,3696.24,one_time
353,Нижний Новгород,01/01/24,04/01/24,87,,,,inactive
354,Уфа,01/01/24,04/01/24,87,,,,inactive
355,Екатеринбург,01/01/24,04/01/24,87,,,,inactive
356,Уфа,01/01/24,04/01/24,87,2,4.284722222222222,23262.41,one_time
357,Москва,01/01/24,04/01/24,87,3,4.896527777777778,100871.07,regular
358,Челябинск,01/01/24,04/01/24,87,,,,inactive
359,Воронеж,01/01/24,04/01/24,87,,,,inactive
360,Уфа,01/01/24,04/01/24,87,,,,inactive
361,Москва,01/01/24,04/01/24,87,,,,inactive
362,Ростов-на-Дону,01/01/24,04/01/24,87,2,3.8565972222222222,110550.72,one_time
363,Екатеринбург,01/01/24,04/01/24,87,,,,inactive
364,Новосибирск,01/01/24,04/01/24,87,,,,inactive
365,Воронеж,01/01/24,04/01/24,87,2,3.426388888888889,59115.97,one_time
366,Екатеринбург,01/01/24,04/01/24,87,,,,inactive
367,Красноярск,01/01/24,04/01/24,87,,,,inactive
368,Красноярск,01/01/24,04/01/24,87,,,,inactive
369,Челябинск,01/01/24,04/01/24,87,,,,inactive
370,Саратов,01/01/24,04/01/24,87,,,,inactive
371,Казань,01/01/24,04/01/24,87,1,9.191666666666666,18216.68,one_time
372,Ижевск,01/01/24,04/01/24,87,,,,inactive
373,Уфа,01/01/24,04/01/24,87,2,4.6871527777777775,140480.14,one_time
374,Омск,01/01/24,04/01/24,87,,,,inactive
375,Казань,01/01/24,04/01/24,87,,,,inactive
376,Екатеринбург,01/01/24,04/01/24,87,,,,inactive
377,Казань,01/01/24,04/01/24,87,,,,inactive
378,Красноярск,01/01/24,04/01/24,87,,,,inactive
379,,01/01/24,04/01/24,87,1,6.352083333333334,15868.36,one_time
380,Ростов-на-Дону,01/01/24,04/01/24,87,,,,inactive
381,Санкт-Петербург,01/01/24,04/01/24,87,,,,inactive
382,Краснодар,01/01/24,04/01/24,87,1,4.584027777777778,18409.25,one_time
383,Краснодар,01/01/24,04/01/24,87,1,5.461805555555555,54930.47,one_time
384,Саратов,01/01/24,04/01/24,87,,,,inactive
385,Тюмень,01/01/24,04/01/24,87,,,,inactive
386,Краснодар,01/01/24,04/01/24,87,,,,inactive
387,Уфа,01/01/24,04/01/24,87,,,,inactive
388,Санкт-Петербург,01/01/24,04/01/24,87,,,,inactive
389,Челябинск,01/01/24,04/01/24,87,,,,inactive
390,Нижний Новгород,01/01/24,04/01/24,87,1,3.216666666666667,42724.13,one_time
391,Ижевск,01/01/24,04/01/24,87,,,,inactive
392,Тюмень,01/01/24,04/01/24,87,2,5.021527777777777,46557.56,one_time
393,Санкт-Петербург,01/01/24,04/01/24,87,2,6.709722222222222,90019.86,one_time
394,Екатеринбург,01/01/24,04/01/24,87,1,1.1881944444444446,13967.32,one_time
395,Казань,01/01/24,04/01/24,87,,,,inactive
396,Краснодар,01/01/24,04/01/24,87,,,,inactive
397,Челябинск,01/01/24,04/01/24,87,,,,inactive
398,Омск,01/01/24,04/01/24,87,1,3.5861111111111112,19194.24,one_time
399,Тольятти,01/01/24,04/01/24,87,,,,inactive
400,Ижевск,01/01/24,04/01/24,87,1,8.3625,92144.65,one_time
401,Тольятти,01/01/24,04/01/24,87,,,,inactive
402,Санкт-Петербург,01/01/24,04/01/24,87,,,,inactive
403,Санкт-Петербург,01/01/24,04/01/24,87,,,,inactive
404,Нижний Новгород,01/01/24,04/01/24,87,,,,inactive
405,Пермь,01/01/24,04/01/24,87,1,2.1638888888888888,31325.08,one_time
406,Пермь,01/01/24,04/01/24,87,1,5.5625,11442.58,one_time
407,Омск,01/01/24,04/01/24,87,1,6.5777777777777775,38870.37,one_time
408,Нижний Новгород,01/01/24,04/01/24,87,3,6.221296296296296,101541.14,regular
409,Челябинск,01/01/24,04/01/24,87,,,,inactive
410,Волгоград,01/01/24,04/01/24,87,2,4.917361111111111,53525.4,one_time
411,Челябинск,01/01/24,04/01/24,87,,,,inactive
412,Тюмень,01/01/24,04/01/24,87,,,,inactive
413,Саратов,01/01/24,04/01/24,87,2,5.366319444444445,65311.27,one_time
414,Ростов-на-Дону,01/01/24,04/01/24,87,,,,inactive
415,Воронеж,01/01/24,04/01/24,87,,,,inactive
416,Уфа,01/01/24,04/01/24,87,,,,inactive
417,Самара,01/01/24,04/01/24,87,2,2.7628472222222222,63211.53,one_time
418,Москва,01/01/24,04/01/24,87,,,,inactive
419,Уфа,01/01/24,04/01/24,87,,,,inactive
420,Ростов-на-Дону,01/01/24,04/01/24,87,,,,inactive
421,Тюмень,01/01/24,04/01/24,87,,,,inactive
422,Воронеж,01/01/24,04/01/24,87,1,6.180555555555555,16160.98,one_time
423,Екатеринбург,01/01/24,04/01/24,87,,,,inactive
424,Тольятти,01/01/24,04/01/24,87,,,,inactive
425,Омск,01/01/24,04/01/24,87,1,2.8805555555555555,20747.87,one_time
426,Ростов-на-Дону,01/01/24,04/01/24,87,1,1.7069444444444444,20050.31,one_time
427,Красноярск,01/01/24,04/01/24,87,,,,inactive
428,Тольятти,01/01/24,04/01/24,87,1,4.8625,17065.74,one_time
429,Новосибирск,01/01/24,04/01/24,87,,,,inactive
430,Уфа,01/01/24,04/01/24,87,1,5.665277777777778,2326.78,one_time
431,Нижний Новгород,01/01/24,04/01/24,87,1,6.9875,3622.74,one_time
432,Краснодар,01/01/24,04/01/24,87,,,,inactive
433,Нижний Новгород,01/01/24,04/01/24,87,,,,inactive
434,Тюмень,01/01/24,04/01/24,87,1,4.891666666666667,39142.76,one_time
435,Екатеринбург,01/01/24,04/01/24,87,2,4.963888888888889,130518.92,one_time
436,Москва,01/01/24,04/01/24,87,,,,inactive
437,Ижевск,01/01/24,04/01/24,87,,,,inactive
438,Ростов-на-Дону,01/01/24,04/01/24,87,,,,inactive
439,Краснодар,01/01/24,04/01/24,87,,,,inactive
440,Тольятти,01/01/24,04/01/24,87,,,,inactive
441,Краснодар,01/01/24,04/01/24,87,,,,inactive
442,Самара,01/01/24,04/01/24,87,,,,inactive
443,Уфа,01/01/24,04/01/24,87,,,,inactive
444,Воронеж,01/01/24,04/01/24,87,,,,inactive
445,Ростов-на-Дону,01/01/24,04/01/24,87,,,,inactive
446,Санкт-Петербург,01/01/24,04/01/24,87,,,,inactive
447,Екатеринбург,01/01/24,05/01/24,86,,,,inactive
448,Новосибирск,01/01/24,05/01/24,86,,,,inactive
449,Самара,01/01/24,05/01/24,86,2,4.644444444444444,37425.68,one_time
450,Ижевск,01/01/24,05/01/24,86,,,,inactive
451,Москва,01/01/24,05/01/24,86,,,,inactive
452,Казань,01/01/24,05/01/24,86,3,7.253472222222221,288711.88,regular
453,Волгоград,01/01/24,05/01/24,86,,,,inactive
454,,01/01/24,05/01/24,86,,,,inactive
455,Тольятти,01/01/24,05/01/24,86,1,6.853472222222222,95602.72,one_time
456,Волгоград,01/01/24,05/01/24,86,,,,inactive
457,Самара,01/01/24,05/01/24,86,,,,inactive
458,Пермь,01/01/24,05/01/24,86,,,,inactive
459,Омск,01/01/24,05/01/24,86,1,4.763888888888889,47493.99,one_time
460,Ижевск,01/01/24,05/01/24,86,,,,inactive
461,Пермь,01/01/24,05/01/24,86,1,4.143055555555556,10033.03,one_time
462,Новосибирск,01/01/24,05/01/24,86,,,,inactive
463,Санкт-Петербург,01/01/24,05/01/24,86,2,6.647569444444445,53783.79,one_time
464,Тольятти,01/01/24,05/01/24,86,,,,inactive
465,Новосибирск,01/01/24,05/01/24,86,2,6.299652777777778,10858.47,one_time
466,Омск,01/01/24,05/01/24,86,,,,inactive
467,Краснодар,01/01/24,05/01/24,86,,,,inactive
468,Омск,01/01/24,05/01/24,86,,,,inactive
469,Тольятти,01/01/24,05/01/24,86,1,2.709722222222222,26015.32,one_time
470,Красноярск,01/01/24,05/01/24,86,,,,inactive
471,Красноярск,01/01/24,05/01/24,86,,,,inactive
472,Уфа,01/01/24,05/01/24,86,,,,inactive
473,Ростов-на-Дону,01/01/24,05/01/24,86,,,,inactive
474,Санкт-Петербург,01/01/24,05/01/24,86,,,,inactive
475,Москва,01/01/24,05/01/24,86,,,,inactive
476,Саратов,01/01/24,05/01/24,86,1,3.5381944444444446,52459.01,one_time
477,Красноярск,01/01/24,05/01/24,86,,,,inactive
478,Волгоград,01/01/24,05/01/24,86,1,6.104166666666667,113421.49,one_time
479,Волгоград,01/01/24,05/01/24,86,,,,inactive
480,Воронеж,01/01/24,05/01/24,86,,,,inactive
481,Волгоград,01/01/24,05/01/24,86,1,6.263194444444444,14901.68,one_time
482,Красноярск,01/01/24,05/01/24,86,,,,inactive
483,Пермь,01/01/24,05/01/24,86,1,4.8284722222222225,68272.11,one_time
484,Тюмень,01/01/24,05/01/24,86,,,,inactive
485,Омск,01/01/24,05/01/24,86,,,,inactive
486,Волгоград,01/01/24,05/01/24,86,1,6.8375,20059.46,one_time
487,Краснодар,01/01/24,05/01/24,86,,,,inactive
488,Челябинск,01/01/24,05/01/24,86,,,,inactive
489,Тюмень,01/01/24,05/01/24,86,,,,inactive
490,Самара,01/01/24,05/01/24,86,,,,inactive
491,Екатеринбург,01/01/24,05/01/24,86,,,,inactive
492,Уфа,01/01/24,05/01/24,86,1,6.914583333333334,153915.22,one_time
493,Омск,01/01/24,05/01/24,86,,,,inactive
494,Пермь,01/01/24,05/01/24,86,,,,inactive
495,Воронеж,01/01/24,05/01/24,86,1,5.402777777777778,48309.69,one_time
496,Воронеж,01/01/24,05/01/24,86,1,3.1173611111111112,820.05,one_time
497,Самара,01/01/24,05/01/24,86,1,1.2944444444444445,48764.2,one_time
498,Уфа,01/01/24,05/01/24,86,3,6.33125,211251.09,regular
499,Челябинск,01/01/24,05/01/24,86,,,,inactive
500,Нижний Новгород,01/01/24,05/01/24,86,1,6.694444444444445,58012.74,one_time
501,Волгоград,01/01/24,05/01/24,86,1,3.8958333333333335,91048.92,one_time
502,Ростов-на-Дону,01/01/24,05/01/24,86,1,5.922916666666667,72557.99,one_time
503,Челябинск,01/01/24,05/01/24,86,,,,inactive
504,Волгоград,01/01/24,05/01/24,86,,,,inactive
505,Тольятти,01/01/24,05/01/24,86,,,,inactive
506,Тольятти,01/01/24,05/01/24,86,,,,inactive
507,Тюмень,01/01/24,05/01/24,86,2,5.247916666666667,147157.85,one_time
508,Тольятти,01/01/24,05/01/24,86,,,,inactive
509,Ростов-на-Дону,01/01/24,05/01/24,86,1,2.9479166666666665,12333.86,one_time
510,Новосибирск,01/01/24,05/01/24,86,,,,inactive
511,Ростов-на-Дону,01/01/24,05/01/24,86,,,,inactive
512,Тольятти,01/01/24,05/01/24,86,,,,inactive
513,Ижевск,01/01/24,05/01/24,86,1,3.859722222222222,25946.33,one_time
514,Омск,01/01/24,05/01/24,86,2,5.125694444444445,166367.53,one_time
515,Ростов-на-Дону,01/01/24,05/01/24,86,,,,inactive
516,Тольятти,01/01/24,05/01/24,86,,,,inactive
517,Самара,01/01/24,05/01/24,86,,,,inactive
518,Пермь,01/01/24,05/01/24,86,,,,inactive
519,Омск,01/01/24,05/01/24,86,1,1.2222222222222223,86946.97,one_time
520,Саратов,01/01/24,05/01/24,86,,,,inactive
521,Саратов,01/01/24,05/01/24,86,2,5.267361111111111,115762.77,one_time
522,Пермь,01/01/24,05/01/24,86,,,,inactive
523,Пермь,01/01/24,05/01/24,86,1,4.8375,7055.42,one_time
524,Нижний Новгород,01/01/24,05/01/24,86,,,,inactive
525,Москва,01/01/24,05/01/24,86,1,6.268055555555556,20709.53,one_time
526,Саратов,01/01/24,05/01/24,86,1,2.2284722222222224,40137.97,one_time
527,Казань,01/01/24,05/01/24,86,,,,inactive
528,Краснодар,01/01/24,05/01/24,86,1,4.382638888888889,72954.42,one_time
529,Саратов,01/01/24,05/01/24,86,1,6.057638888888889,22463.86,one_time
530,Тольятти,01/01/24,05/01/24,86,,,,inactive
531,Красноярск,01/01/24,05/01/24,86,,,,inactive
532,Ижевск,01/01/24,05/01/24,86,2,6.455208333333333,61834.01,one_time
533,Уфа,01/01/24,05/01/24,86,1,7.38125,23131.12,one_time
534,Ростов-на-Дону,01/01/24,05/01/24,86,,,,inactive
535,Ростов-на-Дону,01/01/24,05/01/24,86,,,,inactive
536,Санкт-Петербург,01/01/24,05/01/24,86,2,2.998611111111111,66544.84,one_time
537,Нижний Новгород,01/01/24,05/01/24,86,2,4.272569444444445,131874.35,one_time
538,Краснодар,01/01/24,05/01/24,86,,,,inactive
539,Нижний Новгород,01/01/24,05/01/24,86,1,6.003472222222222,95336.55,one_time
540,Саратов,01/01/24,05/01/24,86,,,,inactive
541,Санкт-Петербург,01/01/24,05/01/24,86,,,,inactive
542,Красноярск,01/01/24,05/01/24,86,2,5.358333333333333,262299.73,one_time
543,Пермь,01/01/24,05/01/24,86,,,,inactive
544,Уфа,01/01/24,05/01/24,86,1,5.323611111111111,77669.1,one_time
545,Волгоград,01/01/24,05/01/24,86,,,,inactive
546,Казань,01/01/24,05/01/24,86,1,1.4597222222222221,12119.59,one_time
547,Самара,01/01/24,05/01/24,86,1,2.7256944444444446,53056.44,one_time
548,Воронеж,01/01/24,05/01/24,86,,,,inactive
549,Омск,01/01/24,05/01/24,86,1,4.605555555555555,15762.71,one_time
550,Екатеринбург,01/01/24,05/01/24,86,1,2.811111111111111,33342.27,one_time
551,Саратов,01/01/24,05/01/24,86,1,3.8631944444444444,76689.77,one_time
552,Тольятти,01/01/24,05/01/24,86,1,1.2673611111111112,86103.61,one_time
553,Пермь,01/01/24,05/01/24,86,,,,inactive
554,Нижний Новгород,01/01/24,05/01/24,86,1,5.117361111111111,136215.7,one_time
555,Саратов,01/01/24,05/01/24,86,,,,inactive
556,Новосибирск,01/01/24,05/01/24,86,1,5.019444444444445,25124.94,one_time
557,Нижний Новгород,01/01/24,05/01/24,86,,,,inactive
558,Челябинск,01/01/24,05/01/24,86,1,6.1097222222222225,19096.15,one_time
559,Казань,01/01/24,05/01/24,86,,,,inactive
560,Воронеж,01/01/24,05/01/24,86,,,,inactive
561,Екатеринбург,01/01/24,05/01/24,86,,,,inactive
562,Санкт-Петербург,01/01/24,05/01/24,86,,,,inactive
563,Волгоград,01/01/24,06/01/24,85,,,,inactive
564,Омск,01/01/24,06/01/24,85,,,,inactive
565,Москва,01/01/24,06/01/24,85,1,1.99375,64361.07,one_time
566,Ростов-на-Дону,01/01/24,06/01/24,85,,,,inactive
567,Воронеж,01/01/24,06/01/24,85,,,,inactive
568,Москва,01/01/24,06/01/24,85,1,2.986111111111111,31117.75,one_time
569,Пермь,01/01/24,06/01/24,85,,,,inactive
570,Ижевск,01/01/24,06/01/24,85,,,,inactive
571,Тюмень,01/01/24,06/01/24,85,,,,inactive
572,Саратов,01/01/24,06/01/24,85,,,,inactive
573,Красноярск,01/01/24,06/01/24,85,,,,inactive
574,Челябинск,01/01/24,06/01/24,85,,,,inactive
575,Волгоград,01/01/24,06/01/24,85,,,,inactive
576,Воронеж,01/01/24,06/01/24,85,1,5.66875,12599.44,one_time
577,Тюмень,01/01/24,06/01/24,85,,,,inactive
578,Пермь,01/01/24,06/01/24,85,,,,inactive
579,Волгоград,01/01/24,06/01/24,85,1,4.532638888888889,9055.29,one_time
580,Самара,01/01/24,06/01/24,85,1,7.790972222222222,120359.48,one_time
581,Нижний Новгород,01/01/24,06/01/24,85,,,,inactive
582,Челябинск,01/01/24,06/01/24,85,,,,inactive
583,Саратов,01/01/24,06/01/24,85,,,,inactive
584,Тюмень,01/01/24,06/01/24,85,,,,inactive
585,Пермь,01/01/24,06/01/24,85,3,3.3006944444444444,170239.82,regular
586,Самара,01/01/24,06/01/24,85,,,,inactive
587,Саратов,01/01/24,06/01/24,85,,,,inactive
588,Тольятти,01/01/24,06/01/24,85,,,,inactive
589,Самара,01/01/24,06/01/24,85,2,5.205555555555556,50325.04,one_time
590,Казань,01/01/24,06/01/24,85,1,4.7347222222222225,72758.15,one_time
591,Казань,01/01/24,06/01/24,85,1,5.604861111111111,17364.96,one_time
592,Челябинск,01/01/24,06/01/24,85,1,7.225694444444445,82731.59,one_time
593,Тольятти,01/01/24,06/01/24,85,1,5.133333333333334,91282.6,one_time
594,Волгоград,01/01/24,06/01/24,85,,,,inactive
595,Пермь,01/01/24,06/01/24,85,,,,inactive
596,Омск,01/01/24,06/01/24,85,1,7.652777777777778,135564.5,one_time
597,Волгоград,01/01/24,06/01/24,85,1,4.934027777777778,1750.22,one_time
598,Краснодар,01/01/24,06/01/24,85,,,,inactive
599,Самара,01/01/24,06/01/24,85,,,,inactive
600,Казань,01/01/24,06/01/24,85,,,,inactive
601,Саратов,01/01/24,06/01/24,85,,,,inactive
602,Ростов-на-Дону,01/01/24,06/01/24,85,,,,inactive
603,Самара,01/01/24,06/01/24,85,1,4.798611111111111,149490.26,one_time
604,Омск,01/01/24,06/01/24,85,1,1.8625,47994.31,one_time
605,Ижевск,01/01/24,06/01/24,85,,,,inactive
606,Москва,01/01/24,06/01/24,85,,,,inactive
607,Тольятти,01/01/24,06/01/24,85,1,5.04375,23658.56,one_time
608,Саратов,01/01/24,06/01/24,85,,,,inactive
609,Уфа,01/01/24,06/01/24,85,,,,inactive
610,Тюмень,01/01/24,06/01/24,85,,,,inactive
611,Казань,01/01/24,06/01/24,85,,,,inactive
612,Омск,01/01/24,06/01/24,85,,,,inactive
613,Екатеринбург,01/01/24,06/01/24,85,,,,inactive
614,Красноярск,01/01/24,06/01/24,85,2,3.138888888888889,109063.6,one_time
615,Воронеж,01/01/24,06/01/24,85,,,,inactive
616,Ростов-на-Дону,01/01/24,06/01/24,85,,,,inactive
617,Тольятти,01/01/24,06/01/24,85,,,,inactive
618,Казань,01/01/24,06/01/24,85,1,6.958333333333333,7375.9,one_time
619,Ростов-на-Дону,01/01/24,06/01/24,85,,,,inactive
620,Саратов,01/01/24,06/01/24,85,1,3.13125,46202.54,one_time
621,Нижний Новгород,01/01/24,06/01/24,85,,,,inactive
622,Самара,01/01/24,06/01/24,85,,,,inactive
623,Омск,01/01/24,06/01/24,85,,,,inactive
624,Тольятти,01/01/24,06/01/24,85,,,,inactive
625,Ростов-на-Дону,01/01/24,06/01/24,85,2,8.142708333333333,24992.46,one_time
626,Самара,01/01/24,06/01/24,85,,,,inactive
627,Самара,01/01/24,06/01/24,85,,,,inactive
628,Красноярск,01/01/24,06/01/24,85,,,,inactive
629,Волгоград,01/01/24,06/01/24,85,,,,inactive
630,Краснодар,01/01/24,06/01/24,85,,,,inactive
631,Челябинск,01/01/24,06/01/24,85,2,5.602777777777778,224576.66,one_time
632,Ижевск,01/01/24,06/01/24,85,,,,inactive
633,Екатеринбург,01/01/24,06/01/24,85,,,,inactive
634,Санкт-Петербург,01/01/24,06/01/24,85,,,,inactive
635,,01/01/24,06/01/24,85,2,4.307291666666666,16263.79,one_time
636,Екатеринбург,01/01/24,06/01/24,85,,,,inactive
637,Волгоград,01/01/24,06/01/24,85,,,,inactive
638,Санкт-Петербург,01/01/24,06/01/24,85,,,,inactive
639,Волгоград,01/01/24,06/01/24,85,1,5.384722222222222,17318.1,one_time
640,Москва,01/01/24,06/01/24,85,1,5.495138888888889,4704.88,one_time
641,Нижний Новгород,01/01/24,06/01/24,85,,,,inactive
642,Казань,01/01/24,06/01/24,85,4,5.969444444444445,195859.04,regular
643,Саратов,01/01/24,06/01/24,85,1,2.5194444444444444,4870.36,one_time
644,Казань,01/01/24,06/01/24,85,,,,inactive
645,Ижевск,01/01/24,06/01/24,85,,,,inactive
646,Москва,01/01/24,06/01/24,85,2,5.370833333333334,38214.44,one_time
647,Пермь,01/01/24,06/01/24,85,,,,inactive
648,Воронеж,01/01/24,06/01/24,85,,,,inactive
649,Воронеж,01/01/24,06/01/24,85,,,,inactive
650,Тольятти,01/01/24,06/01/24,85,,,,inactive
651,Саратов,01/01/24,06/01/24,85,2,3.2256944444444446,42964.11,one_time
652,Волгоград,01/01/24,06/01/24,85,,,,inactive
653,Саратов,01/01/24,06/01/24,85,,,,inactive
654,Краснодар,01/01/24,06/01/24,85,,,,inactive
655,Воронеж,01/01/24,06/01/24,85,,,,inactive
656,Ижевск,01/01/24,06/01/24,85,,,,inactive
657,Тольятти,01/01/24,06/01/24,85,,,,inactive
658,Казань,01/01/24,06/01/24,85,,,,inactive
659,Воронеж,01/01/24,06/01/24,85,1,4.870138888888889,4707.19,one_time
660,Санкт-Петербург,01/01/24,06/01/24,85,,,,inactive
661,Пермь,01/01/24,06/01/24,85,,,,inactive
662,Ижевск,01/01/24,06/01/24,85,,,,inactive
663,Челябинск,01/01/24,06/01/24,85,,,,inactive
664,Екатеринбург,01/01/24,06/01/24,85,1,1.9965277777777777,40038.69,one_time
665,Саратов,01/01/24,07/01/24,84,2,4.977430555555555,84270.59,one_time
666,Волгоград,01/01/24,07/01/24,84,,,,inactive
667,Ижевск,01/01/24,07/01/24,84,1,2.9680555555555554,20465.17,one_time
668,Ижевск,01/01/24,07/01/24,84,3,6.648148148148149,248092.66,regular
669,Тюмень,01/01/24,07/01/24,84,,,,inactive
670,Москва,01/01/24,07/01/24,84,,,,inactive
671,Санкт-Петербург,01/01/24,07/01/24,84,1,4.833333333333333,24081.46,one_time
672,Екатеринбург,01/01/24,07/01/24,84,,,,inactive
673,Волгоград,01/01/24,07/01/24,84,2,3.935416666666667,40374.9,one_time
674,Санкт-Петербург,01/01/24,07/01/24,84,,,,inactive
675,Пермь,01/01/24,07/01/24,84,1,6.538888888888889,7757.88,one_time
676,Ростов-на-Дону,01/01/24,07/01/24,84,,,,inactive
677,Санкт-Петербург,01/01/24,07/01/24,84,,,,inactive
678,Новосибирск,01/01/24,07/01/24,84,1,3.046527777777778,54865.56,one_time
679,Ростов-на-Дону,01/01/24,07/01/24,84,,,,inactive
680,Краснодар,01/01/24,07/01/24,84,,,,inactive
681,Красноярск,01/01/24,07/01/24,84,1,6.4,20402.6,one_time
682,,01/01/24,07/01/24,84,,,,inactive
683,Воронеж,01/01/24,07/01/24,84,,,,inactive
684,Омск,01/01/24,07/01/24,84,,,,inactive
685,Казань,01/01/24,07/01/24,84,2,2.9319444444444445,181720.79,one_time
686,Самара,01/01/24,07/01/24,84,,,,inactive
687,Ижевск,01/01/24,07/01/24,84,1,2.8222222222222224,21912.75,one_time
688,Самара,01/01/24,07/01/24,84,2,3.2920138888888886,167929.07,one_time
689,Нижний Новгород,01/01/24,07/01/24,84,,,,inactive
690,Саратов,01/01/24,07/01/24,84,,,,inactive
691,Ижевск,01/01/24,07/01/24,84,,,,inactive
692,Санкт-Петербург,01/01/24,07/01/24,84,,,,inactive
693,Ростов-на-Дону,01/01/24,07/01/24,84,,,,inactive
694,Москва,01/01/24,07/01/24,84,1,4.201388888888889,93604.83,one_time
695,Новосибирск,01/01/24,07/01/24,84,1,5.0055555555555555,11193.48,one_time
696,Омск,01/01/24,07/01/24,84,,,,inactive
697,Самара,01/01/24,07/01/24,84,,,,inactive
698,Ижевск,01/01/24,07/01/24,84,,,,inactive
699,Уфа,01/01/24,07/01/24,84,,,,inactive
700,Челябинск,01/01/24,07/01/24,84,,,,inactive
701,Нижний Новгород,01/01/24,07/01/24,84,1,5.540972222222222,71199.37,one_time
702,Казань,01/01/24,07/01/24,84,1,3.7006944444444443,72027.62,one_time
703,Москва,01/01/24,07/01/24,84,,,,inactive
704,Саратов,01/01/24,07/01/24,84,,,,inactive
705,Екатеринбург,01/01/24,07/01/24,84,,,,inactive
706,Санкт-Петербург,01/01/24,07/01/24,84,,,,inactive
707,Ростов-на-Дону,01/01/24,07/01/24,84,,,,inactive
708,Красноярск,01/01/24,07/01/24,84,2,6.56875,58805.86,one_time
709,Челябинск,01/01/24,07/01/24,84,,,,inactive
710,Волгоград,01/01/24,07/01/24,84,2,6.363194444444444,201799.15,one_time
711,Самара,01/01/24,07/01/24,84,,,,inactive
712,Омск,01/01/24,07/01/24,84,,,,inactive
713,Волгоград,01/01/24,07/01/24,84,3,4.565046296296296,34337.53,regular
714,Тюмень,01/01/24,07/01/24,84,,,,inactive
715,Воронеж,01/01/24,07/01/24,84,,,,inactive
716,Омск,01/01/24,07/01/24,84,1,5.876388888888889,1700.53,one_time
717,Омск,01/01/24,07/01/24,84,,,,inactive
718,Уфа,01/01/24,07/01/24,84,,,,inactive
719,Пермь,01/01/24,07/01/24,84,1,8.916666666666666,85481.68,one_time
720,Ижевск,01/01/24,07/01/24,84,,,,inactive
721,Воронеж,01/01/24,07/01/24,84,,,,inactive
722,Екатеринбург,01/01/24,07/01/24,84,,,,inactive
723,Воронеж,01/01/24,07/01/24,84,1,3.5965277777777778,70728.77,one_time
724,Ростов-на-Дону,01/01/24,07/01/24,84,,,,inactive
725,Тольятти,01/01/24,07/01/24,84,,,,inactive
726,Екатеринбург,01/01/24,07/01/24,84,,,,inactive
727,Тюмень,01/01/24,07/01/24,84,1,6.670138888888889,119022.02,one_time
728,Самара,01/01/24,07/01/24,84,1,1.6034722222222222,14504.48,one_time
729,Пермь,01/01/24,07/01/24,84,,,,inactive
730,Красноярск,01/01/24,07/01/24,84,1,6.2625,28456.07,one_time
731,Санкт-Петербург,01/01/24,07/01/24,84,1,4.6097222222222225,64497.55,one_time
732,Воронеж,01/01/24,07/01/24,84,1,2.472916666666667,23888.38,one_time
733,Самара,01/01/24,07/01/24,84,2,5.845833333333333,52340.35,one_time
734,Уфа,01/01/24,07/01/24,84,,,,inactive
735,Уфа,01/01/24,07/01/24,84,,,,inactive
736,Екатеринбург,01/01/24,07/01/24,84,1,4.716666666666667,2795.26,one_time
737,Ростов-на-Дону,01/01/24,07/01/24,84,,,,inactive
738,Красноярск,01/01/24,07/01/24,84,,,,inactive
739,Ростов-на-Дону,01/01/24,07/01/24,84,,,,inactive
740,Пермь,01/01/24,07/01/24,84,,,,inactive
741,Тольятти,01/01/24,07/01/24,84,,,,inactive
742,Челябинск,01/01/24,07/01/24,84,,,,inactive
743,Саратов,01/01/24,07/01/24,84,,,,inactive
744,Челябинск,01/01/24,07/01/24,84,2,3.715972222222222,142501.31,one_time
745,Тольятти,01/01/24,07/01/24,84,1,4.386805555555555,116051.98,one_time
746,Екатеринбург,01/01/24,07/01/24,84,1,6.229166666666667,26420.34,one_time
747,Екатеринбург,01/01/24,07/01/24,84,,,,inactive
748,Тюмень,01/01/24,07/01/24,84,,,,inactive
749,Ростов-на-Дону,01/01/24,07/01/24,84,1,4.324305555555555,81855.55,one_time
750,Пермь,01/01/24,07/01/24,84,1,4.0,15118.42,one_time
751,Волгоград,01/01/24,07/01/24,84,1,2.9652777777777777,25210.64,one_time
752,Уфа,01/01/24,07/01/24,84,1,7.131944444444445,22913.06,one_time
753,Ижевск,01/01/24,07/01/24,84,,,,inactive
754,Екатеринбург,01/01/24,07/01/24,84,1,5.756944444444445,66867.27,one_time
755,Ростов-на-Дону,01/01/24,07/01/24,84,1,4.444444444444445,22428.75,one_time
756,Самара,01/01/24,07/01/24,84,1,6.192361111111111,24863.21,one_time
757,Челябинск,01/01/24,07/01/24,84,,,,inactive
758,Тольятти,01/01/24,07/01/24,84,,,,inactive
759,Саратов,01/01/24,07/01/24,84,,,,inactive
760,Москва,01/01/24,07/01/24,84,,,,inactive
761,Краснодар,01/01/24,07/01/24,84,,,,inactive
762,Воронеж,01/01/24,07/01/24,84,,,,inactive
763,Новосибирск,01/01/24,07/01/24,84,,,,inactive
764,Самара,01/01/24,07/01/24,84,,,,inactive
765,Омск,01/01/24,07/01/24,84,,,,inactive
766,Самара,01/01/24,07/01/24,84,1,1.6298611111111112,85312.57,one_time
767,Ижевск,01/01/24,07/01/24,84,3,4.01712962962963,169474.32,regular
768,Красноярск,01/01/24,07/01/24,84,1,4.280555555555556,66145.06,one_time
769,Саратов,01/01/24,07/01/24,84,,,,inactive
770,Волгоград,01/01/24,07/01/24,84,,,,inactive
771,Самара,01/01/24,07/01/24,84,3,6.675000000000001,130106.6,regular
772,Пермь,01/01/24,07/01/24,84,1,1.7861111111111112,33700.18,one_time
773,Краснодар,01/01/24,07/01/24,84,,,,inactive
774,Тольятти,01/01/24,08/01/24,83,1,3.5166666666666666,1319.32,one_time
775,Новосибирск,01/01/24,08/01/24,83,1,0.6902777777777778,6442.57,one_time
776,Новосибирск,01/01/24,08/01/24,83,2,2.886111111111111,68559.37,one_time
777,Москва,01/01/24,08/01/24,83,,,,inactive
778,Санкт-Петербург,01/01/24,08/01/24,83,1,3.1770833333333335,1449.33,one_time
779,Нижний Новгород,01/01/24,08/01/24,83,,,,inactive
780,Волгоград,01/01/24,08/01/24,83,,,,inactive
781,Челябинск,01/01/24,08/01/24,83,1,6.652083333333334,37643.2,one_time
782,Тольятти,01/01/24,08/01/24,83,,,,inactive
783,Пермь,01/01/24,08/01/24,83,1,2.088888888888889,8929.28,one_time
784,Челябинск,01/01/24,08/01/24,83,,,,inactive
785,Екатеринбург,01/01/24,08/01/24,83,,,,inactive
786,Нижний Новгород,01/01/24,08/01/24,83,2,2.0190972222222223,89549.63,one_time
787,Ижевск,01/01/24,08/01/24,83,,,,inactive
788,Тольятти,01/01/24,08/01/24,83,,,,inactive
789,Уфа,01/01/24,08/01/24,83,,,,inactive
790,Омск,01/01/24,08/01/24,83,,,,inactive
791,Санкт-Петербург,01/01/24,08/01/24,83,1,2.1708333333333334,59728.81,one_time
792,Тольятти,01/01/24,08/01/24,83,1,3.0416666666666665,59967.05,one_time
793,Пермь,01/01/24,08/01/24,83,,,,inactive
794,Пермь,01/01/24,08/01/24,83,1,6.105555555555555,21845.87,one_time
795,Самара,01/01/24,08/01/24,83,1,3.8881944444444443,63044.38,one_time
796,Ростов-на-Дону,01/01/24,08/01/24,83,,,,inactive
797,Омск,01/01/24,08/01/24,83,2,2.6038194444444445,131467.59,one_time
798,Красноярск,01/01/24,08/01/24,83,,,,inactive
799,Тюмень,01/01/24,08/01/24,83,,,,inactive
800,Уфа,01/01/24,08/01/24,83,,,,inactive
801,Волгоград,01/01/24,08/01/24,83,,,,inactive
802,Тольятти,01/01/24,08/01/24,83,,,,inactive
803,Самара,01/01/24,08/01/24,83,,,,inactive
804,Самара,01/01/24,08/01/24,83,,,,inactive
805,Воронеж,01/01/24,08/01/24,83,2,4.814236111111111,85600.17,one_time
806,Пермь,01/01/24,08/01/24,83,,,,inactive
807,Краснодар,01/01/24,08/01/24,83,,,,inactive
808,Воронеж,01/01/24,08/01/24,83,2,4.611805555555556,280258.93,one_time
809,Нижний Новгород,01/01/24,08/01/24,83,,,,inactive
810,Самара,01/01/24,08/01/24,83,1,5.620833333333334,25601.62,one_time
811,Омск,01/01/24,08/01/24,83,,,,inactive
812,Уфа,01/01/24,08/01/24,83,,,,inactive
813,Тюмень,01/01/24,08/01/24,83,,,,inactive
814,Казань,01/01/24,08/01/24,83,1,4.0256944444444445,9924.71,one_time
815,Омск,01/01/24,08/01/24,83,,,,inactive
816,Казань,01/01/24,08/01/24,83,1,3.8625,19817.92,one_time
817,Тольятти,01/01/24,08/01/24,83,2,4.243055555555555,32594.88,one_time
818,Пермь,01/01/24,08/01/24,83,2,4.886458333333334,160116.87,one_time
819,Саратов,01/01/24,08/01/24,83,4,5.8374999999999995,131718.18,regular
820,Пермь,01/01/24,08/01/24,83,1,1.1027777777777779,7813.11,one_time
821,Ижевск,01/01/24,08/01/24,83,,,,inactive
822,Ростов-на-Дону,01/01/24,08/01/24,83,,,,inactive
823,Ижевск,01/01/24,08/01/24,83,1,4.631944444444445,39624.06,one_time
824,Новосибирск,01/01/24,08/01/24,83,1,8.972916666666666,1797.51,one_time
825,Екатеринбург,01/01/24,08/01/24,83,3,3.5164351851851854,448021.38,regular
826,Москва,01/01/24,08/01/24,83,1,3.160416666666667,44826.46,one_time
827,Тюмень,01/01/24,08/01/24,83,,,,inactive
828,Краснодар,01/01/24,08/01/24,83,,,,inactive
829,Москва,01/01/24,08/01/24,83,1,4.243055555555555,137423.66,one_time
830,Казань,01/01/24,08/01/24,83,2,5.5472222222222225,34408.27,one_time
831,Тольятти,01/01/24,08/01/24,83,,,,inactive
832,Казань,01/01/24,08/01/24,83,,,,inactive
833,Екатеринбург,01/01/24,08/01/24,83,3,4.423842592592592,144788.32,regular
834,Саратов,01/01/24,08/01/24,83,2,5.85,196274.17,one_time
835,Тюмень,01/01/24,08/01/24,83,1,4.580555555555556,27906.57,one_time
836,Самара,01/01/24,08/01/24,83,,,,inactive
837,Саратов,01/01/24,08/01/24,83,,,,inactive
838,Пермь,01/01/24,08/01/24,83,,,,inactive
839,Ижевск,01/01/24,08/01/24,83,,,,inactive
840,Воронеж,01/01/24,08/01/24,83,,,,inactive
841,Красноярск,01/01/24,08/01/24,83,,,,inactive
842,Тюмень,01/01/24,08/01/24,83,,,,inactive
843,Тольятти,01/01/24,08/01/24,83,,,,inactive
844,Москва,01/01/24,08/01/24,83,1,3.11875,63184.73,one_time
845,Санкт-Петербург,01/01/24,08/01/24,83,2,7.557291666666666,87418.43,one_time
846,Самара,01/01/24,08/01/24,83,1,2.152083333333333,121395.55,one_time
847,Нижний Новгород,01/01/24,08/01/24,83,1,3.053472222222222,15299.62,one_time
848,Краснодар,01/01/24,08/01/24,83,1,3.467361111111111,1490.27,one_time
849,Пермь,01/01/24,08/01/24,83,,,,inactive
850,Пермь,01/01/24,08/01/24,83,3,5.584953703703704,93317.6,regular
851,Казань,01/01/24,08/01/24,83,1,5.85625,29613.76,one_time
852,Самара,01/01/24,08/01/24,83,,,,inactive
853,Саратов,01/01/24,08/01/24,83,1,4.925,67579.18,one_time
854,Новосибирск,01/01/24,08/01/24,83,1,0.8444444444444444,94277.06,one_time
855,Волгоград,01/01/24,08/01/24,83,1,0.8909722222222223,17416.63,one_time
856,Краснодар,01/01/24,08/01/24,83,1,9.73611111111111,23931.98,one_time
857,Самара,01/01/24,08/01/24,83,1,5.248611111111111,8225.71,one_time
858,Ижевск,01/01/24,08/01/24,83,1,7.186111111111111,45644.35,one_time
859,Тольятти,01/01/24,08/01/24,83,1,5.736111111111111,21651.45,one_time
860,Самара,01/01/24,08/01/24,83,,,,inactive
861,Уфа,01/01/24,08/01/24,83,,,,inactive
862,Омск,01/01/24,08/01/24,83,2,2.845833333333333,82925.22,one_time
863,Красноярск,01/01/24,08/01/24,83,,,,inactive
864,Нижний Новгород,01/01/24,08/01/24,83,,,,inactive
865,Тольятти,01/01/24,08/01/24,83,,,,inactive
866,Пермь,01/01/24,08/01/24,83,,,,inactive
867,Казань,01/01/24,08/01/24,83,,,,inactive
868,Челябинск,01/01/24,08/01/24,83,,,,inactive
869,Самара,01/01/24,08/01/24,83,,,,inactive
870,Ижевск,01/01/24,08/01/24,83,,,,inactive
871,Москва,01/01/24,08/01/24,83,2,3.5347222222222223,78305.21,one_time
872,Омск,01/01/24,08/01/24,83,2,3.5392361111111112,175626.33,one_time
873,Краснодар,01/01/24,09/01/24,82,1,3.1618055555555555,57940.83,one_time
874,Саратов,01/01/24,09/01/24,82,,,,inactive
875,Ростов-на-Дону,01/01/24,09/01/24,82,1,3.6180555555555554,63806.24,one_time
876,Воронеж,01/01/24,09/01/24,82,1,2.091666666666667,63914.71,one_time
877,Саратов,01/01/24,09/01/24,82,1,1.7256944444444444,12418.75,one_time
878,Волгоград,01/01/24,09/01/24,82,,,,inactive
879,Казань,01/01/24,09/01/24,82,,,,inactive
880,Саратов,01/01/24,09/01/24,82,,,,inactive
881,Нижний Новгород,01/01/24,09/01/24,82,,,,inactive
882,Ростов-на-Дону,01/01/24,09/01/24,82,,,,inactive
883,Казань,01/01/24,09/01/24,82,1,5.382638888888889,32066.37,one_time
884,Краснодар,01/01/24,09/01/24,82,1,5.897916666666666,10538.83,one_time
885,Воронеж,01/01/24,09/01/24,82,,,,inactive
886,Москва,01/01/24,09/01/24,82,,,,inactive
887,Ростов-на-Дону,01/01/24,09/01/24,82,,,,inactive
888,Краснодар,01/01/24,09/01/24,82,,,,inactive
889,Красноярск,01/01/24,09/01/24,82,,,,inactive
890,Омск,01/01/24,09/01/24,82,,,,inactive
891,Москва,01/01/24,09/01/24,82,1,5.441666666666666,27097.76,one_time
892,Новосибирск,01/01/24,09/01/24,82,1,0.42777777777777776,44079.59,one_time
893,Краснодар,01/01/24,09/01/24,82,1,5.504861111111111,47662.37,one_time
894,Москва,01/01/24,09/01/24,82,,,,inactive
895,Нижний Новгород,01/01/24,09/01/24,82,,,,inactive
896,Санкт-Петербург,01/01/24,09/01/24,82,,,,inactive
897,Пермь,01/01/24,09/01/24,82,,,,inactive
898,Москва,01/01/24,09/01/24,82,,,,inactive
899,Москва,01/01/24,09/01/24,82,2,4.934722222222222,65642.5,one_time
900,Уфа,01/01/24,09/01/24,82,1,4.95,5565.54,one_time
901,Самара,01/01/24,09/01/24,82,,,,inactive
902,Ижевск,01/01/24,09/01/24,82,,,,inactive
903,,01/01/24,09/01/24,82,,,,inactive
904,Казань,01/01/24,09/01/24,82,,,,inactive
905,Ижевск,01/01/24,09/01/24,82,1,6.75625,68342.61,one_time
906,Краснодар,01/01/24,09/01/24,82,,,,inactive
907,Красноярск,01/01/24,09/01/24,82,,,,inactive
908,Волгоград,01/01/24,09/01/24,82,,,,inactive
909,Екатеринбург,01/01/24,09/01/24,82,,,,inactive
910,Красноярск,01/01/24,09/01/24,82,,,,inactive
911,Казань,01/01/24,09/01/24,82,1,3.2215277777777778,40939.88,one_time
912,Тольятти,01/01/24,09/01/24,82,,,,inactive
913,Санкт-Петербург,01/01/24,09/01/24,82,1,7.426388888888889,6528.87,one_time
914,Уфа,01/01/24,09/01/24,82,,,,inactive
915,Краснодар,01/01/24,09/01/24,82,,,,inactive
916,Тольятти,01/01/24,09/01/24,82,,,,inactive
917,Пермь,01/01/24,09/01/24,82,,,,inactive
918,Ижевск,01/01/24,09/01/24,82,,,,inactive
919,Воронеж,01/01/24,09/01/24,82,,,,inactive
920,Саратов,01/01/24,09/01/24,82,,,,inactive
921,Челябинск,01/01/24,09/01/24,82,,,,inactive
922,Москва,01/01/24,09/01/24,82,1,4.440277777777778,38604.87,one_time
923,Екатеринбург,01/01/24,09/01/24,82,2,2.9065972222222225,70284.6,one_time
924,Нижний Новгород,01/01/24,09/01/24,82,1,5.551388888888889,14207.71,one_time
925,Тольятти,01/01/24,09/01/24,82,1,3.720833333333333,43807.77,one_time
926,Краснодар,01/01/24,09/01/24,82,,,,inactive
927,Тольятти,01/01/24,09/01/24,82,1,5.295138888888889,5530.08,one_time
928,Омск,01/01/24,09/01/24,82,,,,inactive
929,Уфа,01/01/24,09/01/24,82,,,,inactive
930,,01/01/24,09/01/24,82,1,3.4881944444444444,53056.05,one_time
931,Санкт-Петербург,01/01/24,09/01/24,82,,,,inactive
932,Саратов,01/01/24,09/01/24,82,1,7.482638888888889,11081.79,one_time
933,Москва,01/01/24,09/01/24,82,1,3.1319444444444446,818.67,one_time
934,Москва,01/01/24,09/01/24,82,,,,inactive
935,Омск,01/01/24,09/01/24,82,,,,inactive
936,Самара,01/01/24,09/01/24,82,2,3.6572916666666666,25626.96,one_time
937,Пермь,01/01/24,09/01/24,82,,,,inactive
938,Красноярск,01/01/24,09/01/24,82,,,,inactive
939,Челябинск,01/01/24,09/01/24,82,,,,inactive
940,Тюмень,01/01/24,09/01/24,82,,,,inactive
941,Москва,01/01/24,09/01/24,82,1,3.636111111111111,17353.09,one_time
942,Саратов,01/01/24,09/01/24,82,1,6.184027777777778,2526.56,one_time
943,Омск,01/01/24,09/01/24,82,1,6.946527777777778,24925.5,one_time
944,Санкт-Петербург,01/01/24,09/01/24,82,,,,inactive
945,Уфа,01/01/24,09/01/24,82,3,2.773611111111111,77423.82,regular
946,Воронеж,01/01/24,09/01/24,82,,,,inactive
947,Уфа,01/01/24,09/01/24,82,,,,inactive
948,Ижевск,01/01/24,09/01/24,82,,,,inactive
949,Красноярск,01/01/24,09/01/24,82,1,4.791666666666667,14413.99,one_time
950,Тольятти,01/01/24,09/01/24,82,,,,inactive
951,Саратов,01/01/24,09/01/24,82,,,,inactive
952,Волгоград,01/01/24,09/01/24,82,,,,inactive
953,Воронеж,01/01/24,09/01/24,82,,,,inactive
954,,01/01/24,09/01/24,82,1,4.934722222222222,24189.33,one_time
955,Ижевск,01/01/24,09/01/24,82,,,,inactive
956,Воронеж,01/01/24,09/01/24,82,,,,inactive
957,Красноярск,01/01/24,09/01/24,82,1,6.429861111111111,17994.76,one_time
958,Санкт-Петербург,01/01/24,09/01/24,82,,,,inactive
959,Воронеж,01/01/24,09/01/24,82,1,6.248611111111111,42886.56,one_time
960,Москва,01/01/24,09/01/24,82,1,3.796527777777778,89014.86,one_time
961,Новосибирск,01/01/24,09/01/24,82,,,,inactive
962,Тольятти,01/01/24,09/01/24,82,,,,inactive
963,Санкт-Петербург,01/01/24,09/01/24,82,,,,inactive
964,Ижевск,01/01/24,09/01/24,82,,,,inactive
965,Красноярск,01/01/24,09/01/24,82,,,,inactive
966,Москва,01/01/24,09/01/24,82,,,,inactive
967,Краснодар,01/01/24,09/01/24,82,1,3.597916666666667,41407.16,one_time
968,Красноярск,01/01/24,09/01/24,82,,,,inactive
969,Уфа,01/01/24,09/01/24,82,2,4.1506944444444445,61422.93,one_time
970,Пермь,01/01/24,09/01/24,82,1,8.518055555555556,12392.92,one_time
971,Красноярск,01/01/24,09/01/24,82,,,,inactive
972,Ростов-на-Дону,01/01/24,09/01/24,82,1,3.4659722222222222,109660.5,one_time
973,Санкт-Петербург,01/01/24,09/01/24,82,,,,inactive
974,Екатеринбург,01/01/24,09/01/24,82,1,1.3520833333333333,37112.67,one_time
975,Екатеринбург,01/01/24,09/01/24,82,,,,inactive
976,Уфа,01/01/24,09/01/24,82,,,,inactive
977,Пермь,01/01/24,09/01/24,82,,,,inactive
978,Волгоград,01/01/24,09/01/24,82,1,4.573611111111111,36151.0,one_time
979,Екатеринбург,01/01/24,09/01/24,82,1,5.2340277777777775,67061.92,one_time
980,Омск,01/01/24,09/01/24,82,2,3.478472222222222,168041.81,one_time
981,Санкт-Петербург,01/01/24,09/01/24,82,,,,inactive
982,Ижевск,01/01/24,09/01/24,82,,,,inactive
983,Самара,01/01/24,09/01/24,82,,,,inactive
984,Новосибирск,01/01/24,09/01/24,82,,,,inactive
985,Тольятти,01/01/24,09/01/24,82,,,,inactive
986,Казань,01/01/24,09/01/24,82,,,,inactive
987,Красноярск,01/01/24,10/01/24,81,,,,inactive
988,Омск,01/01/24,10/01/24,81,,,,inactive
989,Екатеринбург,01/01/24,10/01/24,81,,,,inactive
990,Тюмень,01/01/24,10/01/24,81,,,,inactive
991,Тольятти,01/01/24,10/01/24,81,,,,inactive
992,,01/01/24,10/01/24,81,1,3.8152777777777778,100207.85,one_time
993,Санкт-Петербург,01/01/24,10/01/24,81,1,6.3493055555555555,130600.26,one_time
994,Пермь,01/01/24,10/01/24,81,,,,inactive
995,Саратов,01/01/24,10/01/24,81,1,1.3791666666666667,58550.27,one_time
996,Санкт-Петербург,01/01/24,10/01/24,81,,,,inactive
997,Новосибирск,01/01/24,10/01/24,81,1,4.878472222222222,47827.57,one_time
998,Тольятти,01/01/24,10/01/24,81,,,,inactive
999,Москва,01/01/24,10/01/24,81,,,,inactive
1000,Ростов-на-Дону,01/01/24,10/01/24,81,1,5.26875,86725.6,one_time
1001,Новосибирск,01/01/24,10/01/24,81,,,,inactive
1002,Волгоград,01/01/24,10/01/24,81,,,,inactive
1003,Краснодар,01/01/24,10/01/24,81,,,,inactive
1004,Москва,01/01/24,10/01/24,81,2,3.2274305555555554,95856.02,one_time
1005,Пермь,01/01/24,10/01/24,81,,,,inactive
1006,Казань,01/01/24,10/01/24,81,,,,inactive
1007,Волгоград,01/01/24,10/01/24,81,,,,inactive
1008,Тюмень,01/01/24,10/01/24,81,,,,inactive
1009,Краснодар,01/01/24,10/01/24,81,,,,inactive
1010,Челябинск,01/01/24,10/01/24,81,1,3.9277777777777776,21383.98,one_time
1011,Челябинск,01/01/24,10/01/24,81,1,6.883333333333334,696.87,one_time
1012,Саратов,01/01/24,10/01/24,81,,,,inactive
1013,Ижевск,01/01/24,10/01/24,81,,,,inactive
1014,Волгоград,01/01/24,10/01/24,81,,,,inactive
1015,Москва,01/01/24,10/01/24,81,,,,inactive
1016,Нижний Новгород,01/01/24,10/01/24,81,,,,inactive
1017,Красноярск,01/01/24,10/01/24,81,1,0.31805555555555554,6269.33,one_time
1018,Казань,01/01/24,10/01/24,81,1,3.15625,9792.24,one_time
1019,Ростов-на-Дону,01/01/24,10/01/24,81,1,3.3340277777777776,7061.58,one_time
1020,Санкт-Петербург,01/01/24,10/01/24,81,,,,inactive
1021,Ростов-на-Дону,01/01/24,10/01/24,81,2,2.966666666666667,11960.42,one_time
1022,Краснодар,01/01/24,10/01/24,81,,,,inactive
1023,Челябинск,01/01/24,10/01/24,81,1,5.34375,78637.88,one_time
1024,Уфа,01/01/24,10/01/24,81,1,7.3180555555555555,176947.06,one_time
1025,Казань,01/01/24,10/01/24,81,2,3.3045138888888888,8622.75,one_time
1026,Нижний Новгород,01/01/24,10/01/24,81,,,,inactive
1027,Красноярск,01/01/24,10/01/24,81,,,,inactive
1028,Ростов-на-Дону,01/01/24,10/01/24,81,,,,inactive
1029,Тюмень,01/01/24,10/01/24,81,3,4.104166666666667,45941.39,regular
1030,Новосибирск,01/01/24,10/01/24,81,1,5.395138888888889,52636.09,one_time
1031,Челябинск,01/01/24,10/01/24,81,,,,inactive
1032,Тюмень,01/01/24,10/01/24,81,,,,inactive
1033,Уфа,01/01/24,10/01/24,81,,,,inactive
1034,Челябинск,01/01/24,10/01/24,81,1,6.2243055555555555,12258.04,one_time
1035,Челябинск,01/01/24,10/01/24,81,2,5.893055555555556,36919.32,one_time
1036,Саратов,01/01/24,10/01/24,81,,,,inactive
1037,Москва,01/01/24,10/01/24,81,,,,inactive
1038,Пермь,01/01/24,10/01/24,81,2,4.402083333333334,36541.41,one_time
1039,Воронеж,01/01/24,10/01/24,81,,,,inactive
1040,Пермь,01/01/24,10/01/24,81,,,,inactive
1041,Нижний Новгород,01/01/24,10/01/24,81,,,,inactive
1042,Ростов-на-Дону,01/01/24,10/01/24,81,,,,inactive
1043,Уфа,01/01/24,10/01/24,81,1,2.107638888888889,20569.86,one_time
1044,Казань,01/01/24,10/01/24,81,,,,inactive
1045,Москва,01/01/24,10/01/24,81,1,4.98125,78134.58,one_time
1046,Екатеринбург,01/01/24,10/01/24,81,,,,inactive
1047,Москва,01/01/24,10/01/24,81,,,,inactive
1048,Воронеж,01/01/24,10/01/24,81,2,7.093055555555555,25797.48,one_time
1049,Казань,01/01/24,10/01/24,81,,,,inactive
1050,Ижевск,01/01/24,10/01/24,81,,,,inactive
1051,Красноярск,01/01/24,10/01/24,81,1,5.361805555555556,51941.37,one_time
1052,Тольятти,01/01/24,10/01/24,81,,,,inactive
1053,Волгоград,01/01/24,10/01/24,81,1,5.879166666666666,13077.02,one_time
1054,Омск,01/01/24,10/01/24,81,,,,inactive
1055,Санкт-Петербург,01/01/24,10/01/24,81,2,4.551736111111111,90106.83,one_time
1056,Екатеринбург,01/01/24,10/01/24,81,,,,inactive
1057,Уфа,01/01/24,10/01/24,81,,,,inactive
1058,Нижний Новгород,01/01/24,10/01/24,81,,,,inactive
1059,Ростов-на-Дону,01/01/24,10/01/24,81,,,,inactive
1060,Волгоград,01/01/24,10/01/24,81,,,,inactive
1061,Тольятти,01/01/24,10/01/24,81,,,,inactive
1062,Тюмень,01/01/24,10/01/24,81,2,2.3475694444444444,19936.45,one_time
1063,Тюмень,01/01/24,10/01/24,81,,,,inactive
1064,Уфа,01/01/24,10/01/24,81,,,,inactive
1065,Самара,01/01/24,10/01/24,81,,,,inactive
1066,Краснодар,01/01/24,10/01/24,81,,,,inactive
1067,Тольятти,01/01/24,10/01/24,81,,,,inactive
1068,Ижевск,01/01/24,10/01/24,81,1,3.8965277777777776,18121.55,one_time
1069,Пермь,01/01/24,10/01/24,81,,,,inactive
1070,Красноярск,01/01/24,10/01/24,81,1,5.747222222222222,20172.77,one_time
1071,Саратов,01/01/24,10/01/24,81,2,6.279861111111112,26326.4,one_time
1072,Красноярск,01/01/24,10/01/24,81,1,2.638888888888889,20534.32,one_time
1073,Уфа,01/01/24,10/01/24,81,,,,inactive
1074,Нижний Новгород,01/01/24,10/01/24,81,,,,inactive
1075,Саратов,01/01/24,10/01/24,81,,,,inactive
1076,Омск,01/01/24,10/01/24,81,,,,inactive
1077,Красноярск,01/01/24,10/01/24,81,2,4.261111111111111,119162.18,one_time
1078,Москва,01/01/24,10/01/24,81,,,,inactive
1079,Казань,01/01/24,10/01/24,81,,,,inactive
1080,Санкт-Петербург,01/01/24,10/01/24,81,,,,inactive
1081,Новосибирск,01/01/24,10/01/24,81,3,4.148842592592593,65020.46,regular
1082,Казань,01/01/24,10/01/24,81,,,,inactive
1083,Екатеринбург,01/01/24,10/01/24,81,1,6.2659722222222225,2686.74,one_time
1084,Ростов-на-Дону,01/01/24,10/01/24,81,,,,inactive
1085,Санкт-Петербург,01/01/24,10/01/24,81,,,,inactive
1086,Ростов-на-Дону,01/01/24,10/01/24,81,,,,inactive
1087,Пермь,01/01/24,10/01/24,81,,,,inactive
1088,Екатеринбург,01/01/24,10/01/24,81,,,,inactive
1089,Пермь,01/01/24,10/01/24,81,,,,inactive
1090,Казань,01/01/24,10/01/24,81,1,4.847222222222222,22835.52,one_time
1091,Пермь,01/01/24,10/01/24,81,,,,inactive
1092,Омск,01/01/24,10/01/24,81,,,,inactive
1093,Красноярск,01/01/24,10/01/24,81,2,4.810763888888889,103933.19,one_time
1094,Екатеринбург,01/01/24,11/01/24,80,,,,inactive
1095,Казань,01/01/24,11/01/24,80,,,,inactive
1096,Красноярск,01/01/24,11/01/24,80,1,7.5375,19927.48,one_time
1097,,01/01/24,11/01/24,80,,,,inactive
1098,Санкт-Петербург,01/01/24,11/01/24,80,,,,inactive
1099,Москва,01/01/24,11/01/24,80,1,1.9361111111111111,136036.27,one_time
1100,Самара,01/01/24,11/01/24,80,,,,inactive
1101,Краснодар,01/01/24,11/01/24,80,,,,inactive
1102,Самара,01/01/24,11/01/24,80,2,3.6170138888888888,74654.21,one_time
1103,Нижний Новгород,01/01/24,11/01/24,80,,,,inactive
1104,Омск,01/01/24,11/01/24,80,,,,inactive
1105,Краснодар,01/01/24,11/01/24,80,,,,inactive
1106,Челябинск,01/01/24,11/01/24,80,2,1.9413194444444444,44287.26,one_time
1107,Ижевск,01/01/24,11/01/24,80,,,,inactive
1108,Екатеринбург,01/01/24,11/01/24,80,,,,inactive
1109,Челябинск,01/01/24,11/01/24,80,1,6.906944444444444,41813.48,one_time
1110,Омск,01/01/24,11/01/24,80,,,,inactive
1111,Краснодар,01/01/24,11/01/24,80,,,,inactive
1112,Волгоград,01/01/24,11/01/24,80,,,,inactive
1113,Казань,01/01/24,11/01/24,80,,,,inactive
1114,Уфа,01/01/24,11/01/24,80,,,,inactive
1115,Омск,01/01/24,11/01/24,80,,,,inactive
1116,Волгоград,01/01/24,11/01/24,80,1,3.6958333333333333,58006.34,one_time
1117,Омск,01/01/24,11/01/24,80,,,,inactive
1118,Омск,01/01/24,11/01/24,80,,,,inactive
1119,Ижевск,01/01/24,11/01/24,80,,,,inactive
1120,Уфа,01/01/24,11/01/24,80,,,,inactive
1121,Нижний Новгород,01/01/24,11/01/24,80,,,,inactive
1122,Москва,01/01/24,11/01/24,80,,,,inactive
1123,Омск,01/01/24,11/01/24,80,,,,inactive
1124,Пермь,01/01/24,11/01/24,80,1,4.6625,1825.66,one_time
1125,Краснодар,01/01/24,11/01/24,80,1,4.100694444444445,6427.82,one_time
1126,Красноярск,01/01/24,11/01/24,80,,,,inactive
1127,Новосибирск,01/01/24,11/01/24,80,1,2.2020833333333334,13165.72,one_time
1128,Краснодар,01/01/24,11/01/24,80,,,,inactive
1129,Ростов-на-Дону,01/01/24,11/01/24,80,,,,inactive
1130,Санкт-Петербург,01/01/24,11/01/24,80,,,,inactive
1131,Омск,01/01/24,11/01/24,80,,,,inactive
1132,Волгоград,01/01/24,11/01/24,80,2,5.46875,88937.32,one_time
1133,Новосибирск,01/01/24,11/01/24,80,,,,inactive
1134,Челябинск,01/01/24,11/01/24,80,,,,inactive
1135,Тюмень,01/01/24,11/01/24,80,,,,inactive
1136,Воронеж,01/01/24,11/01/24,80,,,,inactive
1137,Челябинск,01/01/24,11/01/24,80,3,5.871759259259259,89826.25,regular
1138,Москва,01/01/24,11/01/24,80,,,,inactive
1139,Нижний Новгород,01/01/24,11/01/24,80,,,,inactive
1140,Уфа,01/01/24,11/01/24,80,,,,inactive
1141,Саратов,01/01/24,11/01/24,80,,,,inactive
1142,Екатеринбург,01/01/24,11/01/24,80,,,,inactive
1143,Воронеж,01/01/24,11/01/24,80,2,4.915972222222223,150041.08,one_time
1144,Челябинск,01/01/24,11/01/24,80,,,,inactive
1145,Казань,01/01/24,11/01/24,80,,,,inactive
1146,Красноярск,01/01/24,11/01/24,80,2,5.182638888888889,81133.75,one_time
1147,Нижний Новгород,01/01/24,11/01/24,80,,,,inactive
1148,Волгоград,01/01/24,11/01/24,80,,,,inactive
1149,Челябинск,01/01/24,11/01/24,80,,,,inactive
1150,Новосибирск,01/01/24,11/01/24,80,,,,inactive
1151,Самара,01/01/24,11/01/24,80,2,2.9541666666666666,86655.28,one_time
1152,Волгоград,01/01/24,11/01/24,80,,,,inactive
1153,Ижевск,01/01/24,11/01/24,80,2,3.204861111111111,174179.0,one_time
1154,Уфа,01/01/24,11/01/24,80,,,,inactive
1155,Красноярск,01/01/24,11/01/24,80,,,,inactive
1156,Екатеринбург,01/01/24,11/01/24,80,,,,inactive
1157,Тольятти,01/01/24,11/01/24,80,,,,inactive
1158,Казань,01/01/24,11/01/24,80,,,,inactive
1159,Казань,01/01/24,11/01/24,80,,,,inactive
1160,,01/01/24,11/01/24,80,,,,inactive
1161,Ижевск,01/01/24,11/01/24,80,,,,inactive
1162,Красноярск,01/01/24,11/01/24,80,,,,inactive
1163,Ростов-на-Дону,01/01/24,11/01/24,80,1,2.7506944444444446,59180.35,one_time
1164,Челябинск,01/01/24,11/01/24,80,1,5.739583333333333,52676.02,one_time
1165,Челябинск,01/01/24,11/01/24,80,,,,inactive
1166,Воронеж,01/01/24,11/01/24,80,1,2.6743055555555557,2415.7,one_time
1167,Нижний Новгород,01/01/24,11/01/24,80,1,2.352777777777778,68500.11,one_time
1168,Москва,01/01/24,11/01/24,80,1,2.6284722222222223,17260.96,one_time
1169,Санкт-Петербург,01/01/24,11/01/24,80,1,5.695833333333334,74001.82,one_time
1170,Волгоград,01/01/24,11/01/24,80,,,,inactive
1171,Екатеринбург,01/01/24,11/01/24,80,,,,inactive
1172,Тюмень,01/01/24,11/01/24,80,,,,inactive
1173,Нижний Новгород,01/01/24,11/01/24,80,,,,inactive
1174,Саратов,01/01/24,11/01/24,80,,,,inactive
1175,Екатеринбург,01/01/24,11/01/24,80,,,,inactive
1176,Тольятти,01/01/24,11/01/24,80,,,,inactive
1177,Самара,01/01/24,11/01/24,80,,,,inactive
1178,Красноярск,01/01/24,11/01/24,80,,,,inactive
1179,Новосибирск,01/01/24,11/01/24,80,1,3.9375,18083.92,one_time
1180,Ростов-на-Дону,01/01/24,11/01/24,80,,,,inactive
1181,Москва,01/01/24,11/01/24,80,,,,inactive
1182,Санкт-Петербург,01/01/24,11/01/24,80,1,4.81875,1187.96,one_time
1183,Пермь,01/01/24,11/01/24,80,,,,inactive
1184,Ростов-на-Дону,01/01/24,11/01/24,80,,,,inactive
1185,Омск,01/01/24,11/01/24,80,2,4.685416666666667,72947.56,one_time
1186,Красноярск,01/01/24,11/01/24,80,2,3.6017361111111112,137002.41,one_time
1187,Омск,01/01/24,11/01/24,80,,,,inactive
1188,Тольятти,01/01/24,11/01/24,80,,,,inactive
1189,Самара,01/01/24,11/01/24,80,1,2.576388888888889,103677.14,one_time
1190,Самара,01/01/24,11/01/24,80,2,4.438541666666667,187082.52,one_time
1191,Ростов-на-Дону,01/01/24,11/01/24,80,,,,inactive
1192,Санкт-Петербург,01/01/24,11/01/24,80,,,,inactive
1193,Екатеринбург,01/01/24,11/01/24,80,,,,inactive
1194,Санкт-Петербург,01/01/24,11/01/24,80,,,,inactive
1195,Самара,01/01/24,11/01/24,80,,,,inactive
1196,Челябинск,01/01/24,11/01/24,80,1,6.061111111111111,19671.44,one_time
1197,Челябинск,01/01/24,11/01/24,80,,,,inactive
1198,Красноярск,01/01/24,11/01/24,80,1,6.1722222222222225,10888.75,one_time
1199,Казань,01/01/24,11/01/24,80,,,,inactive
1200,Казань,01/01/24,11/01/24,80,,,,inactive
1201,Волгоград,01/01/24,11/01/24,80,,,,inactive
1202,Москва,01/01/24,11/01/24,80,,,,inactive
1203,Санкт-Петербург,01/01/24,11/01/24,80,1,5.418055555555555,29888.69,one_time
1204,Новосибирск,01/01/24,11/01/24,80,2,7.026041666666667,32692.96,one_time
1205,Ростов-на-Дону,01/01/24,11/01/24,80,,,,inactive
1206,Уфа,01/01/24,11/01/24,80,2,5.9118055555555555,124843.29,one_time
1207,Екатеринбург,01/01/24,11/01/24,80,3,5.6944444444444455,61487.82,regular
1208,Челябинск,01/01/24,11/01/24,80,,,,inactive
1209,Красноярск,01/01/24,11/01/24,80,,,,inactive
1210,Ижевск,01/01/24,12/01/24,79,1,4.029861111111111,3351.17,one_time
1211,Волгоград,01/01/24,12/01/24,79,1,4.222916666666666,44834.31,one_time
1212,Тольятти,01/01/24,12/01/24,79,2,5.19375,90433.24,one_time
1213,Челябинск,01/01/24,12/01/24,79,,,,inactive
1214,Нижний Новгород,01/01/24,12/01/24,79,,,,inactive
1215,Москва,01/01/24,12/01/24,79,,,,inactive
1216,Краснодар,01/01/24,12/01/24,79,,,,inactive
1217,Самара,01/01/24,12/01/24,79,1,4.759027777777778,2026.57,one_time
1218,Санкт-Петербург,01/01/24,12/01/24,79,,,,inactive
1219,Уфа,01/01/24,12/01/24,79,,,,inactive
1220,Санкт-Петербург,01/01/24,12/01/24,79,,,,inactive
1221,Саратов,01/01/24,12/01/24,79,1,6.159027777777778,3073.12,one_time
1222,Москва,01/01/24,12/01/24,79,2,5.002777777777778,50701.91,one_time
1223,Тюмень,01/01/24,12/01/24,79,,,,inactive
1224,Красноярск,01/01/24,12/01/24,79,1,7.504861111111111,17158.65,one_time
1225,Тольятти,01/01/24,12/01/24,79,,,,inactive
1226,Новосибирск,01/01/24,12/01/24,79,2,5.809375,80074.26,one_time
1227,Санкт-Петербург,01/01/24,12/01/24,79,,,,inactive
1228,Ростов-на-Дону,01/01/24,12/01/24,79,,,,inactive
1229,Тюмень,01/01/24,12/01/24,79,1,2.9493055555555556,29527.31,one_time
1230,Ростов-на-Дону,01/01/24,12/01/24,79,,,,inactive
1231,Омск,01/01/24,12/01/24,79,,,,inactive
1232,Москва,01/01/24,12/01/24,79,1,3.122916666666667,96522.8,one_time
1233,Тольятти,01/01/24,12/01/24,79,,,,inactive
1234,Уфа,01/01/24,12/01/24,79,,,,inactive
1235,Санкт-Петербург,01/01/24,12/01/24,79,,,,inactive
1236,Санкт-Петербург,01/01/24,12/01/24,79,3,4.966435185185186,21674.52,regular
1237,Самара,01/01/24,12/01/24,79,2,3.912847222222222,193340.12,one_time
1238,Ижевск,01/01/24,12/01/24,79,1,6.979861111111111,49374.22,one_time
1239,Волгоград,01/01/24,12/01/24,79,1,5.741666666666666,72550.92,one_time
1240,Омск,01/01/24,12/01/24,79,,,,inactive
1241,Санкт-Петербург,01/01/24,12/01/24,79,,,,inactive
1242,Екатеринбург,01/01/24,12/01/24,79,,,,inactive
1243,Москва,01/01/24,12/01/24,79,,,,inactive
1244,Уфа,01/01/24,12/01/24,79,2,5.009722222222222,92168.97,one_time
1245,Краснодар,01/01/24,12/01/24,79,,,,inactive
1246,Казань,01/01/24,12/01/24,79,,,,inactive
1247,Санкт-Петербург,01/01/24,12/01/24,79,,,,inactive
1248,Казань,01/01/24,12/01/24,79,1,3.20625,56923.23,one_time
1249,Пермь,01/01/24,12/01/24,79,1,0.06111111111111111,86622.1,one_time
1250,Казань,01/01/24,12/01/24,79,,,,inactive
1251,Уфа,01/01/24,12/01/24,79,,,,inactive
1252,Тольятти,01/01/24,12/01/24,79,1,2.795138888888889,30472.97,one_time
1253,Новосибирск,01/01/24,12/01/24,79,,,,inactive
1254,Красноярск,01/01/24,12/01/24,79,2,1.5059027777777776,68114.93,one_time
1255,Москва,01/01/24,12/01/24,79,,,,inactive
1256,Челябинск,01/01/24,12/01/24,79,,,,inactive
1257,Нижний Новгород,01/01/24,12/01/24,79,,,,inactive
1258,Красноярск,01/01/24,12/01/24,79,1,5.6409722222222225,56890.58,one_time
1259,Волгоград,01/01/24,12/01/24,79,,,,inactive
1260,Красноярск,01/01/24,12/01/24,79,,,,inactive
1261,Санкт-Петербург,01/01/24,12/01/24,79,,,,inactive
1262,Тюмень,01/01/24,12/01/24,79,3,5.625231481481481,177181.56,regular
1263,Омск,01/01/24,12/01/24,79,,,,inactive
1264,Новосибирск,01/01/24,12/01/24,79,,,,inactive
1265,Красноярск,01/01/24,12/01/24,79,,,,inactive
1266,Челябинск,01/01/24,12/01/24,79,,,,inactive
1267,Москва,01/01/24,12/01/24,79,1,6.034722222222222,54484.78,one_time
1268,Краснодар,01/01/24,12/01/24,79,1,6.920138888888889,86947.65,one_time
1269,Екатеринбург,01/01/24,12/01/24,79,3,5.445601851851851,81201.6,regular
1270,Тюмень,01/01/24,12/01/24,79,1,3.6347222222222224,40557.96,one_time
1271,Екатеринбург,01/01/24,12/01/24,79,,,,inactive
1272,Санкт-Петербург,01/01/24,12/01/24,79,1,4.24375,34530.54,one_time
1273,Тюмень,01/01/24,12/01/24,79,2,2.0659722222222223,69204.68,one_time
1274,Тольятти,01/01/24,12/01/24,79,4,4.327951388888889,163674.29,regular
1275,Пермь,01/01/24,12/01/24,79,,,,inactive
1276,Саратов,01/01/24,12/01/24,79,,,,inactive
1277,Красноярск,01/01/24,12/01/24,79,,,,inactive
1278,Ижевск,01/01/24,12/01/24,79,,,,inactive
1279,Москва,01/01/24,12/01/24,79,,,,inactive
1280,Нижний Новгород,01/01/24,12/01/24,79,3,3.9243055555555557,50542.24,regular
1281,Санкт-Петербург,01/01/24,12/01/24,79,,,,inactive
1282,Пермь,01/01/24,12/01/24,79,1,7.315277777777778,13050.02,one_time
1283,Пермь,01/01/24,12/01/24,79,2,1.588888888888889,63365.16,one_time
1284,Новосибирск,01/01/24,12/01/24,79,,,,inactive
1285,Челябинск,01/01/24,12/01/24,79,1,1.6583333333333334,5727.35,one_time
1286,Пермь,01/01/24,12/01/24,79,,,,inactive
1287,Тольятти,01/01/24,12/01/24,79,4,5.2373263888888895,269238.67,regular
1288,Казань,01/01/24,12/01/24,79,,,,inactive
1289,Красноярск,01/01/24,12/01/24,79,,,,inactive
1290,Челябинск,01/01/24,12/01/24,79,,,,inactive
1291,Волгоград,01/01/24,12/01/24,79,,,,inactive
1292,Омск,01/01/24,12/01/24,79,,,,inactive
1293,Ижевск,01/01/24,12/01/24,79,,,,inactive
1294,Челябинск,01/01/24,12/01/24,79,,,,inactive
1295,Нижний Новгород,01/01/24,12/01/24,79,1,2.1666666666666665,69229.56,one_time
1296,Ростов-на-Дону,01/01/24,12/01/24,79,2,5.936111111111111,140863.62,one_time
1297,Саратов,01/01/24,12/01/24,79,,,,inactive
1298,Волгоград,01/01/24,12/01/24,79,,,,inactive
1299,Пермь,01/01/24,12/01/24,79,,,,inactive
1300,Самара,01/01/24,12/01/24,79,,,,inactive
1301,Красноярск,01/01/24,12/01/24,79,,,,inactive
1302,Воронеж,01/01/24,12/01/24,79,,,,inactive
1303,Москва,01/01/24,12/01/24,79,,,,inactive
1304,Казань,01/01/24,12/01/24,79,,,,inactive
1305,Тольятти,01/01/24,12/01/24,79,,,,inactive
1306,Красноярск,01/01/24,12/01/24,79,,,,inactive
1307,Казань,01/01/24,12/01/24,79,1,3.415277777777778,20525.78,one_time
1308,Ижевск,01/01/24,12/01/24,79,,,,inactive
1309,Екатеринбург,01/01/24,12/01/24,79,1,1.4791666666666667,1748.25,one_time
1310,Нижний Новгород,01/01/24,12/01/24,79,,,,inactive
1311,Омск,01/01/24,12/01/24,79,,,,inactive
1312,Воронеж,01/01/24,12/01/24,79,,,,inactive
1313,Ростов-на-Дону,01/01/24,12/01/24,79,,,,inactive
1314,Ростов-на-Дону,01/01/24,12/01/24,79,,,,inactive
1315,Москва,01/01/24,12/01/24,79,1,2.0430555555555556,19237.93,one_time
1316,Ростов-на-Дону,01/01/24,12/01/24,79,,,,inactive
1317,Волгоград,01/01/24,12/01/24,79,1,3.548611111111111,85950.17,one_time
1318,Саратов,01/01/24,12/01/24,79,,,,inactive
1319,Новосибирск,01/01/24,12/01/24,79,,,,inactive
1320,Саратов,01/01/24,12/01/24,79,,,,inactive
1321,Саратов,01/01/24,12/01/24,79,,,,inactive
1322,Воронеж,01/01/24,12/01/24,79,,,,inactive
1323,Тюмень,01/01/24,12/01/24,79,,,,inactive
1324,Красноярск,01/01/24,12/01/24,79,,,,inactive
1325,Краснодар,01/01/24,12/01/24,79,,,,inactive
1326,Челябинск,01/01/24,12/01/24,79,1,5.261111111111111,38586.95,one_time
1327,Краснодар,01/01/24,12/01/24,79,1,6.361805555555556,21535.0,one_time
1328,Красноярск,01/01/24,12/01/24,79,1,5.9534722222222225,17319.83,one_time
1329,Тольятти,01/01/24,12/01/24,79,,,,inactive
1330,Пермь,01/01/24,12/01/24,79,,,,inactive
1331,Пермь,01/01/24,12/01/24,79,,,,inactive
1332,Пермь,01/01/24,13/01/24,78,1,4.146527777777778,102240.57,one_time
1333,Екатеринбург,01/01/24,13/01/24,78,,,,inactive
1334,Екатеринбург,01/01/24,13/01/24,78,1,6.997916666666667,80575.89,one_time
1335,Ижевск,01/01/24,13/01/24,78,2,1.5850694444444446,36760.42,one_time
1336,Краснодар,01/01/24,13/01/24,78,,,,inactive
1337,Уфа,01/01/24,13/01/24,78,,,,inactive
1338,Уфа,01/01/24,13/01/24,78,,,,inactive
1339,Нижний Новгород,01/01/24,13/01/24,78,2,2.986458333333333,120176.64,one_time
1340,Ростов-на-Дону,01/01/24,13/01/24,78,,,,inactive
1341,Ижевск,01/01/24,13/01/24,78,1,2.2743055555555554,51383.94,one_time
1342,Москва,01/01/24,13/01/24,78,,,,inactive
1343,Челябинск,01/01/24,13/01/24,78,,,,inactive
1344,Екатеринбург,01/01/24,13/01/24,78,1,4.303472222222222,16529.32,one_time
1345,Челябинск,01/01/24,13/01/24,78,1,2.2041666666666666,6287.76,one_time
1346,Нижний Новгород,01/01/24,13/01/24,78,1,7.165972222222222,18068.89,one_time
1347,Санкт-Петербург,01/01/24,13/01/24,78,,,,inactive
1348,Тольятти,01/01/24,13/01/24,78,,,,inactive
1349,,01/01/24,13/01/24,78,1,5.075694444444444,28432.01,one_time
1350,Санкт-Петербург,01/01/24,13/01/24,78,,,,inactive
1351,Санкт-Петербург,01/01/24,13/01/24,78,,,,inactive
1352,Москва,01/01/24,13/01/24,78,,,,inactive
1353,Воронеж,01/01/24,13/01/24,78,,,,inactive
1354,Екатеринбург,01/01/24,13/01/24,78,,,,inactive
1355,Волгоград,01/01/24,13/01/24,78,2,6.153124999999999,43855.62,one_time
1356,Екатеринбург,01/01/24,13/01/24,78,,,,inactive
1357,Краснодар,01/01/24,13/01/24,78,1,5.033333333333333,13567.4,one_time
1358,Москва,01/01/24,13/01/24,78,,,,inactive
1359,Новосибирск,01/01/24,13/01/24,78,1,3.2868055555555555,57774.01,one_time
1360,Челябинск,01/01/24,13/01/24,78,,,,inactive
1361,Тюмень,01/01/24,13/01/24,78,,,,inactive
1362,Красноярск,01/01/24,13/01/24,78,,,,inactive
1363,Самара,01/01/24,13/01/24,78,,,,inactive
1364,Тольятти,01/01/24,13/01/24,78,,,,inactive
1365,Волгоград,01/01/24,13/01/24,78,,,,inactive
1366,Ижевск,01/01/24,13/01/24,78,,,,inactive
1367,Казань,01/01/24,13/01/24,78,,,,inactive
1368,Тюмень,01/01/24,13/01/24,78,,,,inactive
1369,Тюмень,01/01/24,13/01/24,78,,,,inactive
1370,Новосибирск,01/01/24,13/01/24,78,,,,inactive
1371,Санкт-Петербург,01/01/24,13/01/24,78,,,,inactive
1372,Тольятти,01/01/24,13/01/24,78,,,,inactive
1373,Казань,01/01/24,13/01/24,78,,,,inactive
1374,Омск,01/01/24,13/01/24,78,,,,inactive
1375,Тольятти,01/01/24,13/01/24,78,2,3.1336805555555554,78468.93,one_time
1376,Самара,01/01/24,13/01/24,78,,,,inactive
1377,Самара,01/01/24,13/01/24,78,,,,inactive
1378,Казань,01/01/24,13/01/24,78,1,4.413194444444445,109183.85,one_time
1379,Пермь,01/01/24,13/01/24,78,,,,inactive
1380,Тюмень,01/01/24,13/01/24,78,2,5.010763888888889,67858.89,one_time
1381,Волгоград,01/01/24,13/01/24,78,,,,inactive
1382,Краснодар,01/01/24,13/01/24,78,,,,inactive
1383,Ижевск,01/01/24,13/01/24,78,,,,inactive
1384,Казань,01/01/24,13/01/24,78,,,,inactive
1385,Пермь,01/01/24,13/01/24,78,,,,inactive
1386,Челябинск,01/01/24,13/01/24,78,,,,inactive
1387,Казань,01/01/24,13/01/24,78,,,,inactive
1388,Санкт-Петербург,01/01/24,13/01/24,78,,,,inactive
1389,Челябинск,01/01/24,13/01/24,78,,,,inactive
1390,Тольятти,01/01/24,13/01/24,78,,,,inactive
1391,Челябинск,01/01/24,13/01/24,78,,,,inactive
1392,Ижевск,01/01/24,13/01/24,78,,,,inactive
1393,Самара,01/01/24,13/01/24,78,1,4.969444444444444,25807.41,one_time
1394,Ростов-на-Дону,01/01/24,13/01/24,78,,,,inactive
1395,Саратов,01/01/24,13/01/24,78,2,5.608333333333333,166378.6,one_time
1396,Тюмень,01/01/24,13/01/24,78,,,,inactive
1397,Волгоград,01/01/24,13/01/24,78,,,,inactive
1398,Ижевск,01/01/24,13/01/24,78,,,,inactive
1399,Уфа,01/01/24,13/01/24,78,1,5.294444444444444,35476.39,one_time
1400,Москва,01/01/24,13/01/24,78,1,3.1243055555555554,12585.95,one_time
1401,Пермь,01/01/24,13/01/24,78,1,7.340972222222222,9456.39,one_time
1402,Красноярск,01/01/24,13/01/24,78,,,,inactive
1403,Пермь,01/01/24,13/01/24,78,,,,inactive
1404,Ижевск,01/01/24,13/01/24,78,,,,inactive
1405,Красноярск,01/01/24,13/01/24,78,,,,inactive
1406,Воронеж,01/01/24,13/01/24,78,1,4.2625,4922.05,one_time
1407,Краснодар,01/01/24,13/01/24,78,,,,inactive
1408,Самара,01/01/24,13/01/24,78,,,,inactive
1409,Самара,01/01/24,13/01/24,78,,,,inactive
1410,Уфа,01/01/24,13/01/24,78,,,,inactive
1411,Москва,01/01/24,13/01/24,78,,,,inactive
1412,Краснодар,01/01/24,13/01/24,78,,,,inactive
1413,Екатеринбург,01/01/24,13/01/24,78,1,4.454166666666667,5156.18,one_time
1414,Воронеж,01/01/24,13/01/24,78,,,,inactive
1415,Краснодар,01/01/24,13/01/24,78,,,,inactive
1416,Омск,01/01/24,13/01/24,78,,,,inactive
1417,Тюмень,01/01/24,13/01/24,78,1,3.2395833333333335,550.06,one_time
1418,Красноярск,01/01/24,13/01/24,78,,,,inactive
1419,Краснодар,01/01/24,13/01/24,78,1,4.960416666666666,15386.2,one_time
1420,Ижевск,01/01/24,13/01/24,78,,,,inactive
1421,Саратов,01/01/24,13/01/24,78,,,,inactive
1422,Екатеринбург,01/01/24,13/01/24,78,,,,inactive
1423,Краснодар,01/01/24,13/01/24,78,,,,inactive
1424,Пермь,01/01/24,13/01/24,78,,,,inactive
1425,Ростов-на-Дону,01/01/24,13/01/24,78,2,5.4319444444444445,68509.95,one_time
1426,Новосибирск,01/01/24,13/01/24,78,,,,inactive
1427,Казань,01/01/24,13/01/24,78,,,,inactive
1428,Саратов,01/01/24,13/01/24,78,,,,inactive
1429,Ижевск,01/01/24,13/01/24,78,,,,inactive
1430,Пермь,01/01/24,13/01/24,78,,,,inactive
1431,Воронеж,01/01/24,13/01/24,78,,,,inactive
1432,Новосибирск,01/01/24,13/01/24,78,,,,inactive
1433,,01/01/24,13/01/24,78,1,4.427777777777778,24131.49,one_time
1434,Пермь,01/01/24,13/01/24,78,,,,inactive
1435,Москва,01/01/24,13/01/24,78,,,,inactive
1436,Екатеринбург,01/01/24,13/01/24,78,,,,inactive
1437,Воронеж,01/01/24,13/01/24,78,,,,inactive
1438,Казань,01/01/24,13/01/24,78,,,,inactive
1439,Краснодар,01/01/24,13/01/24,78,,,,inactive
1440,Ростов-на-Дону,01/01/24,13/01/24,78,,,,inactive
1441,Казань,01/01/24,13/01/24,78,,,,inactive
1442,Тюмень,01/01/24,13/01/24,78,,,,inactive
1443,Ижевск,01/01/24,13/01/24,78,,,,inactive
1444,Красноярск,01/01/24,13/01/24,78,,,,inactive
1445,Челябинск,01/01/24,13/01/24,78,,,,inactive
1446,Новосибирск,01/01/24,13/01/24,78,,,,inactive
1447,Красноярск,01/01/24,14/01/24,77,,,,inactive
1448,Ижевск,01/01/24,14/01/24,77,,,,inactive
1449,Пермь,01/01/24,14/01/24,77,,,,inactive
1450,Омск,01/01/24,14/01/24,77,1,7.315972222222222,58794.58,one_time
1451,Воронеж,01/01/24,14/01/24,77,,,,inactive
1452,Новосибирск,01/01/24,14/01/24,77,1,1.9833333333333334,12815.19,one_time
1453,Тольятти,01/01/24,14/01/24,77,1,5.445833333333334,24054.8,one_time
1454,Екатеринбург,01/01/24,14/01/24,77,,,,inactive
1455,Омск,01/01/24,14/01/24,77,,,,inactive
1456,Нижний Новгород,01/01/24,14/01/24,77,,,,inactive
1457,Ижевск,01/01/24,14/01/24,77,2,4.651041666666667,45718.9,one_time
1458,Самара,01/01/24,14/01/24,77,1,1.4895833333333333,297.46,one_time
1459,Волгоград,01/01/24,14/01/24,77,,,,inactive
1460,Краснодар,01/01/24,14/01/24,77,,,,inactive
1461,Ижевск,01/01/24,14/01/24,77,,,,inactive
1462,Омск,01/01/24,14/01/24,77,,,,inactive
1463,Казань,01/01/24,14/01/24,77,,,,inactive
1464,Саратов,01/01/24,14/01/24,77,,,,inactive
1465,Саратов,01/01/24,14/01/24,77,,,,inactive
1466,Тольятти,01/01/24,14/01/24,77,,,,inactive
1467,Краснодар,01/01/24,14/01/24,77,,,,inactive
1468,Омск,01/01/24,14/01/24,77,2,5.159722222222222,60049.74,one_time
1469,Ижевск,01/01/24,14/01/24,77,,,,inactive
1470,Нижний Новгород,01/01/24,14/01/24,77,,,,inactive
1471,Москва,01/01/24,14/01/24,77,2,3.4541666666666666,22949.36,one_time
1472,Тольятти,01/01/24,14/01/24,77,1,0.9375,45650.7,one_time
1473,Москва,01/01/24,14/01/24,77,,,,inactive
1474,Волгоград,01/01/24,14/01/24,77,,,,inactive
1475,Волгоград,01/01/24,14/01/24,77,,,,inactive
1476,Тюмень,01/01/24,14/01/24,77,,,,inactive
1477,Тюмень,01/01/24,14/01/24,77,,,,inactive
1478,Тольятти,01/01/24,14/01/24,77,,,,inactive
1479,,01/01/24,14/01/24,77,,,,inactive
1480,Тюмень,01/01/24,14/01/24,77,,,,inactive
1481,Самара,01/01/24,14/01/24,77,,,,inactive
1482,Самара,01/01/24,14/01/24,77,,,,inactive
1483,Москва,01/01/24,14/01/24,77,1,7.089583333333334,25292.4,one_time
1484,Екатеринбург,01/01/24,14/01/24,77,,,,inactive
1485,Красноярск,01/01/24,14/01/24,77,,,,inactive
1486,Уфа,01/01/24,14/01/24,77,1,3.564583333333333,23205.6,one_time
1487,Нижний Новгород,01/01/24,14/01/24,77,,,,inactive
1488,Нижний Новгород,01/01/24,14/01/24,77,,,,inactive
1489,Ижевск,01/01/24,14/01/24,77,,,,inactive
1490,Екатеринбург,01/01/24,14/01/24,77,1,3.0729166666666665,20349.29,one_time
1491,Самара,01/01/24,14/01/24,77,,,,inactive
1492,Волгоград,01/01/24,14/01/24,77,,,,inactive
1493,Саратов,01/01/24,14/01/24,77,2,6.771875,48392.52,one_time
1494,Самара,01/01/24,14/01/24,77,,,,inactive
1495,Нижний Новгород,01/01/24,14/01/24,77,,,,inactive
1496,Уфа,01/01/24,14/01/24,77,,,,inactive
1497,Самара,01/01/24,14/01/24,77,,,,inactive
1498,Пермь,01/01/24,14/01/24,77,,,,inactive
1499,Краснодар,01/01/24,14/01/24,77,1,8.469444444444445,112075.27,one_time
1500,Новосибирск,01/01/24,14/01/24,77,,,,inactive
1501,Тюмень,01/01/24,14/01/24,77,,,,inactive
1502,Краснодар,01/01/24,14/01/24,77,2,4.754513888888889,224249.63,one_time
1503,Пермь,01/01/24,14/01/24,77,,,,inactive
1504,Краснодар,01/01/24,14/01/24,77,,,,inactive
1505,Уфа,01/01/24,14/01/24,77,,,,inactive
1506,Пермь,01/01/24,14/01/24,77,,,,inactive
1507,Челябинск,01/01/24,14/01/24,77,,,,inactive
1508,Волгоград,01/01/24,14/01/24,77,1,5.821527777777778,9845.91,one_time
1509,Пермь,01/01/24,14/01/24,77,,,,inactive
1510,Нижний Новгород,01/01/24,14/01/24,77,1,5.353472222222222,39141.51,one_time
1511,Саратов,01/01/24,14/01/24,77,,,,inactive
1512,Екатеринбург,01/01/24,14/01/24,77,1,4.040277777777778,10886.41,one_time
1513,Екатеринбург,01/01/24,14/01/24,77,1,4.772222222222222,4261.76,one_time
1514,Самара,01/01/24,14/01/24,77,,,,inactive
1515,Казань,01/01/24,14/01/24,77,1,2.942361111111111,1021.91,one_time
1516,Воронеж,01/01/24,14/01/24,77,,,,inactive
1517,Омск,01/01/24,14/01/24,77,1,2.942361111111111,50826.61,one_time
1518,Москва,01/01/24,14/01/24,77,1,2.7270833333333333,4159.25,one_time
1519,Нижний Новгород,01/01/24,14/01/24,77,,,,inactive
1520,Уфа,01/01/24,14/01/24,77,,,,inactive
1521,Нижний Новгород,01/01/24,14/01/24,77,,,,inactive
1522,Воронеж,01/01/24,14/01/24,77,,,,inactive
1523,Самара,01/01/24,14/01/24,77,1,4.194444444444445,41408.74,one_time
1524,Пермь,01/01/24,14/01/24,77,,,,inactive
1525,Саратов,01/01/24,14/01/24,77,,,,inactive
1526,Тольятти,01/01/24,14/01/24,77,,,,inactive
1527,Ростов-на-Дону,01/01/24,14/01/24,77,1,7.668055555555555,125929.08,one_time
1528,Санкт-Петербург,01/01/24,14/01/24,77,,,,inactive
1529,Тюмень,01/01/24,14/01/24,77,1,4.0,40298.0,one_time
1530,Омск,01/01/24,14/01/24,77,3,6.990277777777777,126686.91,regular
1531,Ижевск,01/01/24,14/01/24,77,1,5.145833333333333,60417.28,one_time
1532,Ростов-на-Дону,01/01/24,14/01/24,77,1,1.1680555555555556,12775.2,one_time
1533,Новосибирск,01/01/24,14/01/24,77,3,2.747685185185185,197141.51,regular
1534,Ижевск,01/01/24,14/01/24,77,,,,inactive
1535,Новосибирск,01/01/24,14/01/24,77,1,6.547916666666667,7606.47,one_time
1536,Красноярск,01/01/24,14/01/24,77,,,,inactive
1537,Екатеринбург,01/01/24,14/01/24,77,,,,inactive
1538,Новосибирск,01/01/24,14/01/24,77,,,,inactive
1539,Красноярск,01/01/24,14/01/24,77,,,,inactive
1540,Ижевск,01/01/24,14/01/24,77,,,,inactive
1541,Тюмень,01/01/24,14/01/24,77,1,2.8513888888888888,60558.82,one_time
1542,Санкт-Петербург,01/01/24,14/01/24,77,,,,inactive
1543,Ростов-на-Дону,01/01/24,14/01/24,77,1,3.747916666666667,28243.52,one_time
1544,Краснодар,01/01/24,14/01/24,77,1,7.155555555555556,25333.26,one_time
1545,Ижевск,01/01/24,14/01/24,77,,,,inactive
1546,Нижний Новгород,01/01/24,14/01/24,77,,,,inactive
1547,Самара,01/01/24,14/01/24,77,,,,inactive
1548,Омск,01/01/24,14/01/24,77,,,,inactive
1549,Воронеж,01/01/24,14/01/24,77,2,3.9315972222222224,43543.28,one_time
1550,Ижевск,01/01/24,14/01/24,77,,,,inactive
1551,Казань,01/01/24,14/01/24,77,,,,inactive
1552,Ростов-на-Дону,01/01/24,14/01/24,77,,,,inactive
1553,Казань,01/01/24,15/01/24,76,,,,inactive
1554,Уфа,01/01/24,15/01/24,76,,,,inactive
1555,Челябинск,01/01/24,15/01/24,76,,,,inactive
1556,Москва,01/01/24,15/01/24,76,1,3.1430555555555557,53561.5,one_time
1557,Уфа,01/01/24,15/01/24,76,,,,inactive
1558,Тольятти,01/01/24,15/01/24,76,,,,inactive
1559,Екатеринбург,01/01/24,15/01/24,76,1,5.913888888888889,41741.74,one_time
1560,Тольятти,01/01/24,15/01/24,76,,,,inactive
1561,Краснодар,01/01/24,15/01/24,76,,,,inactive
1562,Ростов-на-Дону,01/01/24,15/01/24,76,,,,inactive
1563,Самара,01/01/24,15/01/24,76,1,4.5159722222222225,42404.42,one_time
1564,Казань,01/01/24,15/01/24,76,1,2.23125,111629.5,one_time
1565,Казань,01/01/24,15/01/24,76,,,,inactive
1566,Ростов-на-Дону,01/01/24,15/01/24,76,,,,inactive
1567,,01/01/24,15/01/24,76,1,5.730555555555555,38470.32,one_time
1568,Ростов-на-Дону,01/01/24,15/01/24,76,,,,inactive
1569,Челябинск,01/01/24,15/01/24,76,,,,inactive
1570,Пермь,01/01/24,15/01/24,76,,,,inactive
1571,Красноярск,01/01/24,15/01/24,76,,,,inactive
1572,Ростов-на-Дону,01/01/24,15/01/24,76,,,,inactive
1573,Тюмень,01/01/24,15/01/24,76,,,,inactive
1574,Тольятти,01/01/24,15/01/24,76,,,,inactive
1575,Екатеринбург,01/01/24,15/01/24,76,,,,inactive
1576,Саратов,01/01/24,15/01/24,76,,,,inactive
1577,Самара,01/01/24,15/01/24,76,,,,inactive
1578,Челябинск,01/01/24,15/01/24,76,,,,inactive
1579,Омск,01/01/24,15/01/24,76,,,,inactive
1580,Новосибирск,01/01/24,15/01/24,76,,,,inactive
1581,Краснодар,01/01/24,15/01/24,76,,,,inactive
1582,Казань,01/01/24,15/01/24,76,,,,inactive
1583,Екатеринбург,01/01/24,15/01/24,76,,,,inactive
1584,Санкт-Петербург,01/01/24,15/01/24,76,1,3.0590277777777777,21148.2,one_time
1585,Краснодар,01/01/24,15/01/24,76,,,,inactive
1586,Новосибирск,01/01/24,15/01/24,76,,,,inactive
1587,Уфа,01/01/24,15/01/24,76,,,,inactive
1588,Челябинск,01/01/24,15/01/24,76,,,,inactive
1589,Нижний Новгород,01/01/24,15/01/24,76,1,7.475694444444445,8726.62,one_time
1590,Тюмень,01/01/24,15/01/24,76,,,,inactive
1591,Новосибирск,01/01/24,15/01/24,76,,,,inactive
1592,Самара,01/01/24,15/01/24,76,,,,inactive
1593,Тольятти,01/01/24,15/01/24,76,,,,inactive
1594,Красноярск,01/01/24,15/01/24,76,,,,inactive
1595,Омск,01/01/24,15/01/24,76,,,,inactive
1596,Ростов-на-Дону,01/01/24,15/01/24,76,,,,inactive
1597,Воронеж,01/01/24,15/01/24,76,1,4.815972222222222,4284.62,one_time
1598,Красноярск,01/01/24,15/01/24,76,1,4.239583333333333,91909.35,one_time
1599,Москва,01/01/24,15/01/24,76,,,,inactive
1600,Уфа,01/01/24,15/01/24,76,,,,inactive
1601,Казань,01/01/24,15/01/24,76,1,4.722916666666666,45744.06,one_time
1602,Санкт-Петербург,01/01/24,15/01/24,76,1,4.332638888888889,34045.38,one_time
1603,Ростов-на-Дону,01/01/24,15/01/24,76,,,,inactive
1604,,01/01/24,15/01/24,76,,,,inactive
1605,Новосибирск,01/01/24,15/01/24,76,,,,inactive
1606,Нижний Новгород,01/01/24,15/01/24,76,1,2.109027777777778,8408.01,one_time
1607,Воронеж,01/01/24,15/01/24,76,,,,inactive
1608,Новосибирск,01/01/24,15/01/24,76,,,,inactive
1609,,01/01/24,15/01/24,76,3,5.41574074074074,266330.7,regular
1610,Красноярск,01/01/24,15/01/24,76,,,,inactive
1611,Санкт-Петербург,01/01/24,15/01/24,76,,,,inactive
1612,Тольятти,01/01/24,15/01/24,76,,,,inactive
1613,Самара,01/01/24,15/01/24,76,,,,inactive
1614,Тюмень,01/01/24,15/01/24,76,1,4.122916666666667,14797.37,one_time
1615,Челябинск,01/01/24,15/01/24,76,,,,inactive
1616,Екатеринбург,01/01/24,15/01/24,76,1,1.1743055555555555,43851.0,one_time
1617,Ростов-на-Дону,01/01/24,15/01/24,76,2,7.780208333333334,93717.82,one_time
1618,Краснодар,01/01/24,15/01/24,76,,,,inactive
1619,Ижевск,01/01/24,15/01/24,76,,,,inactive
1620,Москва,01/01/24,15/01/24,76,,,,inactive
1621,Тольятти,01/01/24,15/01/24,76,1,0.9,68791.51,one_time
1622,Омск,01/01/24,15/01/24,76,,,,inactive
1623,Тюмень,01/01/24,15/01/24,76,,,,inactive
1624,Красноярск,01/01/24,15/01/24,76,2,4.453125,8269.32,one_time
1625,Ижевск,01/01/24,15/01/24,76,,,,inactive
1626,Екатеринбург,01/01/24,15/01/24,76,,,,inactive
1627,Воронеж,01/01/24,15/01/24,76,1,3.5395833333333333,37858.52,one_time
1628,Самара,01/01/24,15/01/24,76,,,,inactive
1629,Нижний Новгород,01/01/24,15/01/24,76,2,5.475694444444445,131055.46,one_time
1630,Ростов-на-Дону,01/01/24,15/01/24,76,,,,inactive
1631,Челябинск,01/01/24,15/01/24,76,,,,inactive
1632,Казань,01/01/24,15/01/24,76,,,,inactive
1633,Тольятти,01/01/24,15/01/24,76,,,,inactive
1634,Тольятти,01/01/24,15/01/24,76,,,,inactive
1635,Челябинск,01/01/24,15/01/24,76,,,,inactive
1636,Омск,01/01/24,15/01/24,76,,,,inactive
1637,Омск,01/01/24,15/01/24,76,,,,inactive
1638,Тюмень,01/01/24,15/01/24,76,1,3.998611111111111,35164.9,one_time
1639,Нижний Новгород,01/01/24,15/01/24,76,1,1.3458333333333334,57226.04,one_time
1640,Пермь,01/01/24,15/01/24,76,,,,inactive
1641,Санкт-Петербург,01/01/24,15/01/24,76,,,,inactive
1642,Санкт-Петербург,01/01/24,15/01/24,76,,,,inactive
1643,Тюмень,01/01/24,15/01/24,76,,,,inactive
1644,Нижний Новгород,01/01/24,15/01/24,76,1,4.1506944444444445,885.81,one_time
1645,Пермь,01/01/24,15/01/24,76,,,,inactive
1646,Саратов,01/01/24,15/01/24,76,,,,inactive
1647,Ростов-на-Дону,01/01/24,15/01/24,76,,,,inactive
1648,Новосибирск,01/01/24,15/01/24,76,1,7.1875,10076.9,one_time
1649,Волгоград,01/01/24,15/01/24,76,,,,inactive
1650,Новосибирск,01/01/24,15/01/24,76,2,6.697916666666667,50896.13,one_time
1651,Волгоград,01/01/24,15/01/24,76,,,,inactive
1652,Тюмень,01/01/24,15/01/24,76,,,,inactive
1653,Ростов-на-Дону,01/01/24,15/01/24,76,,,,inactive
1654,Челябинск,01/01/24,15/01/24,76,,,,inactive
1655,Тольятти,01/01/24,15/01/24,76,,,,inactive
1656,Казань,01/01/24,15/01/24,76,,,,inactive
1657,Челябинск,01/01/24,15/01/24,76,,,,inactive
1658,Ростов-на-Дону,01/01/24,15/01/24,76,1,3.1173611111111112,14086.95,one_time
1659,Ижевск,01/01/24,15/01/24,76,1,4.738888888888889,102566.0,one_time
1660,Санкт-Петербург,01/01/24,15/01/24,76,1,7.058333333333334,79576.5,one_time
1661,Краснодар,01/01/24,16/01/24,75,,,,inactive
1662,Санкт-Петербург,01/01/24,16/01/24,75,,,,inactive
1663,Самара,01/01/24,16/01/24,75,,,,inactive
1664,,01/01/24,16/01/24,75,1,2.5743055555555556,21601.58,one_time
1665,Казань,01/01/24,16/01/24,75,,,,inactive
1666,Волгоград,01/01/24,16/01/24,75,1,1.4847222222222223,68497.66,one_time
1667,Тольятти,01/01/24,16/01/24,75,,,,inactive
1668,Красноярск,01/01/24,16/01/24,75,1,1.0256944444444445,154648.56,one_time
1669,Новосибирск,01/01/24,16/01/24,75,1,6.726388888888889,45716.14,one_time
1670,Челябинск,01/01/24,16/01/24,75,2,5.802777777777777,18521.14,one_time
1671,Санкт-Петербург,01/01/24,16/01/24,75,,,,inactive
1672,Екатеринбург,01/01/24,16/01/24,75,,,,inactive
1673,Нижний Новгород,01/01/24,16/01/24,75,1,5.2243055555555555,47174.8,one_time
1674,Новосибирск,01/01/24,16/01/24,75,,,,inactive
1675,Москва,01/01/24,16/01/24,75,,,,inactive
1676,,01/01/24,16/01/24,75,,,,inactive
1677,Краснодар,01/01/24,16/01/24,75,,,,inactive
1678,Воронеж,01/01/24,16/01/24,75,2,4.18125,109677.46,one_time
1679,Тюмень,01/01/24,16/01/24,75,1,3.8472222222222223,23417.26,one_time
1680,Тюмень,01/01/24,16/01/24,75,,,,inactive
1681,Тольятти,01/01/24,16/01/24,75,1,5.263888888888889,10618.1,one_time
1682,Пермь,01/01/24,16/01/24,75,2,4.941319444444444,95297.02,one_time
1683,Воронеж,01/01/24,16/01/24,75,2,1.8305555555555555,15283.24,one_time
1684,Екатеринбург,01/01/24,16/01/24,75,,,,inactive
1685,Тольятти,01/01/24,16/01/24,75,,,,inactive
1686,Саратов,01/01/24,16/01/24,75,1,2.308333333333333,114087.72,one_time
1687,Саратов,01/01/24,16/01/24,75,,,,inactive
1688,Красноярск,01/01/24,16/01/24,75,1,3.7840277777777778,22480.81,one_time
1689,Уфа,01/01/24,16/01/24,75,1,4.155555555555556,5315.44,one_time
1690,Нижний Новгород,01/01/24,16/01/24,75,,,,inactive
1691,Волгоград,01/01/24,16/01/24,75,,,,inactive
1692,Пермь,01/01/24,16/01/24,75,,,,inactive
1693,Екатеринбург,01/01/24,16/01/24,75,,,,inactive
1694,Санкт-Петербург,01/01/24,16/01/24,75,,,,inactive
1695,Екатеринбург,01/01/24,16/01/24,75,,,,inactive
1696,Саратов,01/01/24,16/01/24,75,1,3.1395833333333334,69531.98,one_time
1697,Екатеринбург,01/01/24,16/01/24,75,,,,inactive
1698,Санкт-Петербург,01/01/24,16/01/24,75,,,,inactive
1699,Казань,01/01/24,16/01/24,75,1,5.442361111111111,15231.87,one_time
1700,,01/01/24,16/01/24,75,,,,inactive
1701,Самара,01/01/24,16/01/24,75,2,5.6565972222222225,16649.68,one_time
1702,Казань,01/01/24,16/01/24,75,,,,inactive
1703,Новосибирск,01/01/24,16/01/24,75,,,,inactive
1704,Тольятти,01/01/24,16/01/24,75,1,1.6118055555555555,62162.98,one_time
1705,Краснодар,01/01/24,16/01/24,75,,,,inactive
1706,Воронеж,01/01/24,16/01/24,75,,,,inactive
1707,Омск,01/01/24,16/01/24,75,,,,inactive
1708,Тюмень,01/01/24,16/01/24,75,,,,inactive
1709,Нижний Новгород,01/01/24,16/01/24,75,,,,inactive
1710,Нижний Новгород,01/01/24,16/01/24,75,,,,inactive
1711,Нижний Новгород,01/01/24,16/01/24,75,,,,inactive
1712,Краснодар,01/01/24,16/01/24,75,,,,inactive
1713,Краснодар,01/01/24,16/01/24,75,,,,inactive
1714,Тюмень,01/01/24,16/01/24,75,,,,inactive
1715,Уфа,01/01/24,16/01/24,75,,,,inactive
1716,Воронеж,01/01/24,16/01/24,75,,,,inactive
1717,Самара,01/01/24,16/01/24,75,,,,inactive
1718,Челябинск,01/01/24,16/01/24,75,,,,inactive
1719,Ростов-на-Дону,01/01/24,16/01/24,75,,,,inactive
1720,Красноярск,01/01/24,16/01/24,75,,,,inactive
1721,Казань,01/01/24,16/01/24,75,,,,inactive
1722,Тюмень,01/01/24,16/01/24,75,,,,inactive
1723,Саратов,01/01/24,16/01/24,75,3,3.956481481481481,281079.99,regular
1724,Воронеж,01/01/24,16/01/24,75,,,,inactive
1725,Новосибирск,01/01/24,16/01/24,75,2,4.604861111111111,87417.69,one_time
1726,Омск,01/01/24,16/01/24,75,2,4.4222222222222225,15610.59,one_time
1727,Екатеринбург,01/01/24,16/01/24,75,1,5.574305555555555,60689.03,one_time
1728,Волгоград,01/01/24,16/01/24,75,,,,inactive
1729,Новосибирск,01/01/24,16/01/24,75,,,,inactive
1730,Казань,01/01/24,16/01/24,75,3,4.404166666666667,76450.64,regular
1731,Казань,01/01/24,16/01/24,75,,,,inactive
1732,Волгоград,01/01/24,16/01/24,75,,,,inactive
1733,Ижевск,01/01/24,16/01/24,75,,,,inactive
1734,Ижевск,01/01/24,16/01/24,75,1,9.410416666666666,42958.99,one_time
1735,Краснодар,01/01/24,16/01/24,75,,,,inactive
1736,Воронеж,01/01/24,16/01/24,75,,,,inactive
1737,Москва,01/01/24,16/01/24,75,1,2.417361111111111,10982.75,one_time
1738,Казань,01/01/24,16/01/24,75,,,,inactive
1739,Казань,01/01/24,16/01/24,75,,,,inactive
1740,Нижний Новгород,01/01/24,16/01/24,75,2,4.833333333333334,45538.12,one_time
1741,Москва,01/01/24,16/01/24,75,,,,inactive
1742,Саратов,01/01/24,16/01/24,75,,,,inactive
1743,Новосибирск,01/01/24,16/01/24,75,,,,inactive
1744,Воронеж,01/01/24,16/01/24,75,1,0.2388888888888889,43884.92,one_time
1745,Омск,01/01/24,16/01/24,75,,,,inactive
1746,Омск,01/01/24,16/01/24,75,,,,inactive
1747,Волгоград,01/01/24,16/01/24,75,1,2.620833333333333,6585.1,one_time
1748,Нижний Новгород,01/01/24,16/01/24,75,,,,inactive
1749,Пермь,01/01/24,16/01/24,75,,,,inactive
1750,Красноярск,01/01/24,16/01/24,75,,,,inactive
1751,Уфа,01/01/24,16/01/24,75,,,,inactive
1752,Новосибирск,01/01/24,16/01/24,75,,,,inactive
1753,Ижевск,01/01/24,16/01/24,75,1,4.273611111111111,12065.28,one_time
1754,Москва,01/01/24,17/01/24,74,,,,inactive
1755,Саратов,01/01/24,17/01/24,74,,,,inactive
1756,Москва,01/01/24,17/01/24,74,,,,inactive
1757,Казань,01/01/24,17/01/24,74,,,,inactive
1758,Ижевск,01/01/24,17/01/24,74,,,,inactive
1759,Пермь,01/01/24,17/01/24,74,,,,inactive
1760,Волгоград,01/01/24,17/01/24,74,2,1.492361111111111,53009.73,one_time
1761,Воронеж,01/01/24,17/01/24,74,,,,inactive
1762,Воронеж,01/01/24,17/01/24,74,,,,inactive
1763,Омск,01/01/24,17/01/24,74,,,,inactive
1764,Волгоград,01/01/24,17/01/24,74,,,,inactive
1765,Самара,01/01/24,17/01/24,74,1,4.601388888888889,52501.63,one_time
1766,Пермь,01/01/24,17/01/24,74,,,,inactive
1767,Омск,01/01/24,17/01/24,74,,,,inactive
1768,Казань,01/01/24,17/01/24,74,,,,inactive
1769,Тольятти,01/01/24,17/01/24,74,2,6.267361111111111,156373.08,one_time
1770,Тюмень,01/01/24,17/01/24,74,,,,inactive
1771,Краснодар,01/01/24,17/01/24,74,1,8.358333333333333,444.68,one_time
1772,Воронеж,01/01/24,17/01/24,74,1,5.704166666666667,76111.68,one_time
1773,Тольятти,01/01/24,17/01/24,74,,,,inactive
1774,Саратов,01/01/24,17/01/24,74,,,,inactive
1775,Волгоград,01/01/24,17/01/24,74,1,1.3868055555555556,49229.79,one_time
1776,Нижний Новгород,01/01/24,17/01/24,74,,,,inactive
1777,Ижевск,01/01/24,17/01/24,74,,,,inactive
1778,Нижний Новгород,01/01/24,17/01/24,74,,,,inactive
1779,Уфа,01/01/24,17/01/24,74,1,4.695833333333334,8745.19,one_time
1780,Москва,01/01/24,17/01/24,74,,,,inactive
1781,Челябинск,01/01/24,17/01/24,74,,,,inactive
1782,Тюмень,01/01/24,17/01/24,74,,,,inactive
1783,Красноярск,01/01/24,17/01/24,74,,,,inactive
1784,Казань,01/01/24,17/01/24,74,,,,inactive
1785,Пермь,01/01/24,17/01/24,74,,,,inactive
1786,Москва,01/01/24,17/01/24,74,,,,inactive
1787,Екатеринбург,01/01/24,17/01/24,74,,,,inactive
1788,Санкт-Петербург,01/01/24,17/01/24,74,,,,inactive
1789,Краснодар,01/01/24,17/01/24,74,,,,inactive
1790,Волгоград,01/01/24,17/01/24,74,,,,inactive
1791,Москва,01/01/24,17/01/24,74,1,8.471527777777778,3137.58,one_time
1792,Уфа,01/01/24,17/01/24,74,,,,inactive
1793,Краснодар,01/01/24,17/01/24,74,,,,inactive
1794,Екатеринбург,01/01/24,17/01/24,74,1,1.2652777777777777,93262.66,one_time
1795,Ижевск,01/01/24,17/01/24,74,,,,inactive
1796,Новосибирск,01/01/24,17/01/24,74,,,,inactive
1797,Казань,01/01/24,17/01/24,74,,,,inactive
1798,Красноярск,01/01/24,17/01/24,74,,,,inactive
1799,Краснодар,01/01/24,17/01/24,74,,,,inactive
1800,Красноярск,01/01/24,17/01/24,74,1,4.9,8612.5,one_time
1801,Воронеж,01/01/24,17/01/24,74,,,,inactive
1802,Челябинск,01/01/24,17/01/24,74,,,,inactive
1803,Омск,01/01/24,17/01/24,74,,,,inactive
1804,Тюмень,01/01/24,17/01/24,74,,,,inactive
1805,Новосибирск,01/01/24,17/01/24,74,,,,inactive
1806,Красноярск,01/01/24,17/01/24,74,,,,inactive
1807,Тюмень,01/01/24,17/01/24,74,,,,inactive
1808,Омск,01/01/24,17/01/24,74,1,4.963888888888889,754.41,one_time
1809,Москва,01/01/24,17/01/24,74,,,,inactive
1810,Ростов-на-Дону,01/01/24,17/01/24,74,2,5.230208333333334,60280.27,one_time
1811,Челябинск,01/01/24,17/01/24,74,,,,inactive
1812,Самара,01/01/24,17/01/24,74,,,,inactive
1813,Казань,01/01/24,17/01/24,74,,,,inactive
1814,Казань,01/01/24,17/01/24,74,,,,inactive
1815,Пермь,01/01/24,17/01/24,74,2,5.481944444444444,84937.99,one_time
1816,Самара,01/01/24,17/01/24,74,,,,inactive
1817,,01/01/24,17/01/24,74,1,7.652083333333334,74637.64,one_time
1818,Омск,01/01/24,17/01/24,74,,,,inactive
1819,Пермь,01/01/24,17/01/24,74,1,3.017361111111111,4518.2,one_time
1820,Москва,01/01/24,17/01/24,74,,,,inactive
1821,Омск,01/01/24,17/01/24,74,1,7.467361111111111,24579.65,one_time
1822,Москва,01/01/24,17/01/24,74,,,,inactive
1823,Пермь,01/01/24,17/01/24,74,,,,inactive
1824,Казань,01/01/24,17/01/24,74,,,,inactive
1825,Ижевск,01/01/24,17/01/24,74,,,,inactive
1826,Казань,01/01/24,17/01/24,74,1,1.71875,28208.91,one_time
1827,Ижевск,01/01/24,17/01/24,74,,,,inactive
1828,Уфа,01/01/24,17/01/24,74,1,1.2375,77420.72,one_time
1829,Омск,01/01/24,17/01/24,74,1,5.329861111111111,22978.57,one_time
1830,Санкт-Петербург,01/01/24,17/01/24,74,,,,inactive
1831,Омск,01/01/24,17/01/24,74,,,,inactive
1832,Воронеж,01/01/24,17/01/24,74,,,,inactive
1833,Челябинск,01/01/24,17/01/24,74,2,2.8642361111111114,139527.02,one_time
1834,Москва,01/01/24,17/01/24,74,,,,inactive
1835,Ростов-на-Дону,01/01/24,17/01/24,74,2,5.0472222222222225,53003.15,one_time
1836,Москва,01/01/24,17/01/24,74,,,,inactive
1837,Санкт-Петербург,01/01/24,17/01/24,74,,,,inactive
1838,Самара,01/01/24,17/01/24,74,,,,inactive
1839,Краснодар,01/01/24,17/01/24,74,1,4.683333333333334,31803.06,one_time
1840,Ижевск,01/01/24,17/01/24,74,,,,inactive
1841,Москва,01/01/24,17/01/24,74,,,,inactive
1842,Саратов,01/01/24,17/01/24,74,,,,inactive
1843,Санкт-Петербург,01/01/24,17/01/24,74,,,,inactive
1844,Омск,01/01/24,17/01/24,74,,,,inactive
1845,Самара,01/01/24,17/01/24,74,,,,inactive
1846,Челябинск,01/01/24,17/01/24,74,,,,inactive
1847,Тольятти,01/01/24,17/01/24,74,,,,inactive
1848,Тольятти,01/01/24,17/01/24,74,1,5.585416666666666,128935.47,one_time
1849,Нижний Новгород,01/01/24,17/01/24,74,1,7.294444444444444,7377.1,one_time
1850,Москва,01/01/24,17/01/24,74,,,,inactive
1851,Казань,01/01/24,17/01/24,74,,,,inactive
1852,Волгоград,01/01/24,17/01/24,74,,,,inactive
1853,Ижевск,01/01/24,17/01/24,74,1,1.8277777777777777,57455.72,one_time
1854,Пермь,01/01/24,17/01/24,74,,,,inactive
1855,Тюмень,01/01/24,17/01/24,74,1,3.296527777777778,24470.59,one_time
1856,Казань,01/01/24,17/01/24,74,1,8.556944444444444,150521.52,one_time
1857,Челябинск,01/01/24,17/01/24,74,1,4.635416666666667,86789.72,one_time
1858,Ростов-на-Дону,01/01/24,17/01/24,74,,,,inactive
1859,Волгоград,01/01/24,17/01/24,74,,,,inactive
1860,Новосибирск,01/01/24,17/01/24,74,1,2.4298611111111112,68550.82,one_time
1861,Казань,01/01/24,17/01/24,74,,,,inactive
1862,Омск,01/01/24,17/01/24,74,1,6.666666666666667,11441.3,one_time
1863,Тюмень,01/01/24,17/01/24,74,,,,inactive
1864,Тюмень,01/01/24,17/01/24,74,,,,inactive
1865,Екатеринбург,01/01/24,17/01/24,74,,,,inactive
1866,Воронеж,01/01/24,18/01/24,73,,,,inactive
1867,Челябинск,01/01/24,18/01/24,73,,,,inactive
1868,Пермь,01/01/24,18/01/24,73,,,,inactive
1869,Краснодар,01/01/24,18/01/24,73,1,5.070833333333334,36721.78,one_time
1870,Тюмень,01/01/24,18/01/24,73,1,8.370833333333334,59399.09,one_time
1871,Тольятти,01/01/24,18/01/24,73,,,,inactive
1872,Краснодар,01/01/24,18/01/24,73,,,,inactive
1873,Уфа,01/01/24,18/01/24,73,,,,inactive
1874,Краснодар,01/01/24,18/01/24,73,,,,inactive
1875,Санкт-Петербург,01/01/24,18/01/24,73,1,4.0,4468.7,one_time
1876,Санкт-Петербург,01/01/24,18/01/24,73,2,4.118402777777778,1547.87,one_time
1877,Омск,01/01/24,18/01/24,73,1,2.2930555555555556,86223.82,one_time
1878,Пермь,01/01/24,18/01/24,73,,,,inactive
1879,Краснодар,01/01/24,18/01/24,73,3,6.442824074074074,181552.23,regular
1880,Краснодар,01/01/24,18/01/24,73,,,,inactive
1881,Саратов,01/01/24,18/01/24,73,,,,inactive
1882,Краснодар,01/01/24,18/01/24,73,,,,inactive
1883,Челябинск,01/01/24,18/01/24,73,2,2.410763888888889,187279.61,one_time
1884,Нижний Новгород,01/01/24,18/01/24,73,1,5.972222222222222,46819.09,one_time
1885,Уфа,01/01/24,18/01/24,73,1,7.603472222222222,42092.69,one_time
1886,Ростов-на-Дону,01/01/24,18/01/24,73,1,4.49375,14603.1,one_time
1887,Тольятти,01/01/24,18/01/24,73,,,,inactive
1888,Омск,01/01/24,18/01/24,73,1,0.9993055555555556,32324.06,one_time
1889,Пермь,01/01/24,18/01/24,73,3,3.1467592592592593,170256.08,regular
1890,Екатеринбург,01/01/24,18/01/24,73,,,,inactive
1891,Челябинск,01/01/24,18/01/24,73,,,,inactive
1892,Самара,01/01/24,18/01/24,73,,,,inactive
1893,Саратов,01/01/24,18/01/24,73,,,,inactive
1894,Воронеж,01/01/24,18/01/24,73,,,,inactive
1895,Санкт-Петербург,01/01/24,18/01/24,73,,,,inactive
1896,Воронеж,01/01/24,18/01/24,73,,,,inactive
1897,Уфа,01/01/24,18/01/24,73,1,5.350694444444445,38914.67,one_time
1898,Казань,01/01/24,18/01/24,73,,,,inactive
1899,Омск,01/01/24,18/01/24,73,,,,inactive
1900,Уфа,01/01/24,18/01/24,73,,,,inactive
1901,Тюмень,01/01/24,18/01/24,73,,,,inactive
1902,Пермь,01/01/24,18/01/24,73,,,,inactive
1903,Санкт-Петербург,01/01/24,18/01/24,73,,,,inactive
1904,Омск,01/01/24,18/01/24,73,,,,inactive
1905,Уфа,01/01/24,18/01/24,73,,,,inactive
1906,Казань,01/01/24,18/01/24,73,1,5.253472222222222,835.94,one_time
1907,Пермь,01/01/24,18/01/24,73,,,,inactive
1908,Челябинск,01/01/24,18/01/24,73,2,4.183333333333334,71204.63,one_time
1909,Краснодар,01/01/24,18/01/24,73,,,,inactive
1910,Омск,01/01/24,18/01/24,73,2,3.721875,203946.05,one_time
1911,Нижний Новгород,01/01/24,18/01/24,73,3,2.3229166666666665,141410.43,regular
1912,Самара,01/01/24,18/01/24,73,,,,inactive
1913,Ростов-на-Дону,01/01/24,18/01/24,73,,,,inactive
1914,Пермь,01/01/24,18/01/24,73,,,,inactive
1915,Краснодар,01/01/24,18/01/24,73,,,,inactive
1916,Красноярск,01/01/24,18/01/24,73,,,,inactive
1917,Ростов-на-Дону,01/01/24,18/01/24,73,1,4.186111111111111,55999.52,one_time
1918,Челябинск,01/01/24,18/01/24,73,1,2.254861111111111,13517.28,one_time
1919,Ростов-на-Дону,01/01/24,18/01/24,73,,,,inactive
1920,Ростов-на-Дону,01/01/24,18/01/24,73,,,,inactive
1921,Красноярск,01/01/24,18/01/24,73,,,,inactive
1922,Екатеринбург,01/01/24,18/01/24,73,1,2.667361111111111,51152.69,one_time
1923,Саратов,01/01/24,18/01/24,73,1,2.359722222222222,52986.88,one_time
1924,Воронеж,01/01/24,18/01/24,73,,,,inactive
1925,Ростов-на-Дону,01/01/24,18/01/24,73,,,,inactive
1926,Краснодар,01/01/24,18/01/24,73,,,,inactive
1927,Тюмень,01/01/24,18/01/24,73,,,,inactive
1928,Тюмень,01/01/24,18/01/24,73,,,,inactive
1929,Нижний Новгород,01/01/24,18/01/24,73,,,,inactive
1930,Екатеринбург,01/01/24,18/01/24,73,,,,inactive
1931,Санкт-Петербург,01/01/24,18/01/24,73,,,,inactive
1932,Казань,01/01/24,18/01/24,73,1,3.7284722222222224,83279.65,one_time
1933,Челябинск,01/01/24,18/01/24,73,,,,inactive
1934,Воронеж,01/01/24,18/01/24,73,,,,inactive
1935,Краснодар,01/01/24,18/01/24,73,,,,inactive
1936,Санкт-Петербург,01/01/24,18/01/24,73,,,,inactive
1937,Краснодар,01/01/24,18/01/24,73,1,3.8881944444444443,31607.19,one_time
1938,Ростов-на-Дону,01/01/24,18/01/24,73,,,,inactive
1939,Красноярск,01/01/24,18/01/24,73,,,,inactive
1940,Нижний Новгород,01/01/24,18/01/24,73,,,,inactive
1941,Казань,01/01/24,18/01/24,73,1,6.393055555555556,102112.65,one_time
1942,Ижевск,01/01/24,18/01/24,73,,,,inactive
1943,Воронеж,01/01/24,18/01/24,73,,,,inactive
1944,Саратов,01/01/24,18/01/24,73,,,,inactive
1945,Пермь,01/01/24,18/01/24,73,4,4.222048611111111,167155.11,regular
1946,Челябинск,01/01/24,18/01/24,73,,,,inactive
1947,Ростов-на-Дону,01/01/24,18/01/24,73,2,5.873611111111111,25974.89,one_time
1948,Краснодар,01/01/24,18/01/24,73,,,,inactive
1949,Омск,01/01/24,18/01/24,73,,,,inactive
1950,Омск,01/01/24,18/01/24,73,,,,inactive
1951,Екатеринбург,01/01/24,18/01/24,73,,,,inactive
1952,Самара,01/01/24,18/01/24,73,2,5.811805555555555,27000.18,one_time
1953,Ростов-на-Дону,01/01/24,18/01/24,73,1,6.6409722222222225,154284.63,one_time
1954,Нижний Новгород,01/01/24,18/01/24,73,,,,inactive
1955,Ростов-на-Дону,01/01/24,18/01/24,73,,,,inactive
1956,Саратов,01/01/24,18/01/24,73,2,6.349652777777778,82022.8,one_time
1957,Ростов-на-Дону,01/01/24,18/01/24,73,3,3.226388888888889,80734.42,regular
1958,Челябинск,01/01/24,18/01/24,73,1,2.7215277777777778,33453.78,one_time
1959,Ижевск,01/01/24,18/01/24,73,1,5.383333333333334,22250.57,one_time
1960,Ростов-на-Дону,01/01/24,19/01/24,72,,,,inactive
1961,Ижевск,01/01/24,19/01/24,72,,,,inactive
1962,Самара,01/01/24,19/01/24,72,,,,inactive
1963,Омск,01/01/24,19/01/24,72,,,,inactive
1964,Самара,01/01/24,19/01/24,72,1,2.4611111111111112,48897.79,one_time
1965,Саратов,01/01/24,19/01/24,72,,,,inactive
1966,Самара,01/01/24,19/01/24,72,,,,inactive
1967,Ростов-на-Дону,01/01/24,19/01/24,72,2,3.7756944444444445,154563.42,one_time
1968,Тюмень,01/01/24,19/01/24,72,,,,inactive
1969,Ижевск,01/01/24,19/01/24,72,,,,inactive
1970,Казань,01/01/24,19/01/24,72,,,,inactive
1971,Саратов,01/01/24,19/01/24,72,,,,inactive
1972,Ростов-на-Дону,01/01/24,19/01/24,72,1,7.814583333333333,70285.09,one_time
1973,Пермь,01/01/24,19/01/24,72,,,,inactive
1974,Ижевск,01/01/24,19/01/24,72,,,,inactive
1975,Красноярск,01/01/24,19/01/24,72,,,,inactive
1976,Нижний Новгород,01/01/24,19/01/24,72,,,,inactive
1977,Челябинск,01/01/24,19/01/24,72,1,4.047916666666667,10688.97,one_time
1978,Санкт-Петербург,01/01/24,19/01/24,72,,,,inactive
1979,Челябинск,01/01/24,19/01/24,72,,,,inactive
1980,Уфа,01/01/24,19/01/24,72,,,,inactive
1981,Красноярск,01/01/24,19/01/24,72,1,3.529861111111111,62870.11,one_time
1982,Самара,01/01/24,19/01/24,72,,,,inactive
1983,Ижевск,01/01/24,19/01/24,72,,,,inactive
1984,Екатеринбург,01/01/24,19/01/24,72,,,,inactive
1985,Москва,01/01/24,19/01/24,72,,,,inactive
1986,Краснодар,01/01/24,19/01/24,72,1,5.351388888888889,23790.5,one_time
1987,Уфа,01/01/24,19/01/24,72,3,4.318287037037037,92180.74,regular
1988,Омск,01/01/24,19/01/24,72,,,,inactive
1989,Саратов,01/01/24,19/01/24,72,,,,inactive
1990,Ижевск,01/01/24,19/01/24,72,1,9.65625,13946.44,one_time
1991,Челябинск,01/01/24,19/01/24,72,1,5.027083333333334,40539.71,one_time
1992,Волгоград,01/01/24,19/01/24,72,,,,inactive
1993,Саратов,01/01/24,19/01/24,72,,,,inactive
1994,Ростов-на-Дону,01/01/24,19/01/24,72,2,4.553819444444445,53564.69,one_time
1995,Казань,01/01/24,19/01/24,72,,,,inactive
1996,Нижний Новгород,01/01/24,19/01/24,72,,,,inactive
1997,Воронеж,01/01/24,19/01/24,72,2,4.979166666666666,92615.98,one_time
1998,Казань,01/01/24,19/01/24,72,2,6.106597222222222,56315.54,one_time
1999,Самара,01/01/24,19/01/24,72,,,,inactive
2000,Новосибирск,01/01/24,19/01/24,72,2,6.053125,87593.07,one_time
2001,Краснодар,01/01/24,19/01/24,72,,,,inactive
2002,Волгоград,01/01/24,19/01/24,72,,,,inactive
2003,Москва,01/01/24,19/01/24,72,,,,inactive
2004,Воронеж,01/01/24,19/01/24,72,,,,inactive
2005,Москва,01/01/24,19/01/24,72,1,6.440277777777778,45776.43,one_time
2006,Тюмень,01/01/24,19/01/24,72,1,4.0,63683.03,one_time
2007,Ижевск,01/01/24,19/01/24,72,1,3.435416666666667,12360.62,one_time
2008,Пермь,01/01/24,19/01/24,72,,,,inactive
2009,Ростов-на-Дону,01/01/24,19/01/24,72,,,,inactive
2010,Новосибирск,01/01/24,19/01/24,72,1,3.910416666666667,38031.46,one_time
2011,Ижевск,01/01/24,19/01/24,72,1,5.242361111111111,144391.96,one_time
2012,Москва,01/01/24,19/01/24,72,,,,inactive
2013,Нижний Новгород,01/01/24,19/01/24,72,1,7.375694444444444,31191.9,one_time
2014,Екатеринбург,01/01/24,19/01/24,72,,,,inactive
2015,Тюмень,01/01/24,19/01/24,72,,,,inactive
2016,Саратов,01/01/24,19/01/24,72,,,,inactive
2017,Самара,01/01/24,19/01/24,72,,,,inactive
2018,Волгоград,01/01/24,19/01/24,72,,,,inactive
2019,Уфа,01/01/24,19/01/24,72,,,,inactive
2020,Ижевск,01/01/24,19/01/24,72,,,,inactive
2021,Пермь,01/01/24,19/01/24,72,,,,inactive
2022,Москва,01/01/24,19/01/24,72,1,6.373611111111111,13396.0,one_time
2023,Новосибирск,01/01/24,19/01/24,72,,,,inactive
2024,Волгоград,01/01/24,19/01/24,72,,,,inactive
2025,Екатеринбург,01/01/24,19/01/24,72,,,,inactive
2026,Самара,01/01/24,19/01/24,72,,,,inactive
2027,Новосибирск,01/01/24,19/01/24,72,,,,inactive
2028,Краснодар,01/01/24,19/01/24,72,,,,inactive
2029,,01/01/24,19/01/24,72,1,7.089583333333334,34214.85,one_time
2030,Екатеринбург,01/01/24,19/01/24,72,,,,inactive
2031,Краснодар,01/01/24,19/01/24,72,,,,inactive
2032,Москва,01/01/24,19/01/24,72,1,6.742361111111111,18295.43,one_time
2033,Омск,01/01/24,19/01/24,72,,,,inactive
2034,Челябинск,01/01/24,19/01/24,72,1,6.7868055555555555,89394.1,one_time
2035,Омск,01/01/24,19/01/24,72,,,,inactive
2036,Москва,01/01/24,19/01/24,72,,,,inactive
2037,Екатеринбург,01/01/24,19/01/24,72,,,,inactive
2038,Омск,01/01/24,19/01/24,72,,,,inactive
2039,Красноярск,01/01/24,19/01/24,72,,,,inactive
2040,Новосибирск,01/01/24,19/01/24,72,3,3.6726851851851854,347468.82,regular
2041,Москва,01/01/24,19/01/24,72,,,,inactive
2042,Челябинск,01/01/24,19/01/24,72,,,,inactive
2043,Новосибирск,01/01/24,19/01/24,72,,,,inactive
2044,Тюмень,01/01/24,19/01/24,72,,,,inactive
2045,Воронеж,01/01/24,19/01/24,72,,,,inactive
2046,Воронеж,01/01/24,19/01/24,72,,,,inactive
2047,Ростов-на-Дону,01/01/24,19/01/24,72,,,,inactive
2048,Уфа,01/01/24,19/01/24,72,,,,inactive
2049,Омск,01/01/24,19/01/24,72,1,5.458333333333333,18896.61,one_time
2050,Ижевск,01/01/24,19/01/24,72,1,4.615972222222222,8493.61,one_time
2051,Екатеринбург,01/01/24,19/01/24,72,,,,inactive
2052,Красноярск,01/01/24,19/01/24,72,1,5.573611111111111,63541.99,one_time
2053,Челябинск,01/01/24,19/01/24,72,,,,inactive
2054,Москва,01/01/24,19/01/24,72,1,3.6631944444444446,95936.16,one_time
2055,Пермь,01/01/24,20/01/24,71,,,,inactive
2056,Санкт-Петербург,01/01/24,20/01/24,71,1,4.666666666666667,26076.33,one_time
2057,Ростов-на-Дону,01/01/24,20/01/24,71,,,,inactive
2058,Волгоград,01/01/24,20/01/24,71,2,3.9055555555555554,42728.39,one_time
2059,Воронеж,01/01/24,20/01/24,71,,,,inactive
2060,Уфа,01/01/24,20/01/24,71,,,,inactive
2061,Волгоград,01/01/24,20/01/24,71,,,,inactive
2062,Ижевск,01/01/24,20/01/24,71,,,,inactive
2063,Саратов,01/01/24,20/01/24,71,,,,inactive
2064,Санкт-Петербург,01/01/24,20/01/24,71,,,,inactive
2065,Красноярск,01/01/24,20/01/24,71,,,,inactive
2066,Ижевск,01/01/24,20/01/24,71,1,8.98125,58857.35,one_time
2067,Омск,01/01/24,20/01/24,71,,,,inactive
2068,Уфа,01/01/24,20/01/24,71,1,4.0,6341.88,one_time
2069,Тюмень,01/01/24,20/01/24,71,3,4.92800925925926,121092.1,regular
2070,Тюмень,01/01/24,20/01/24,71,,,,inactive
2071,Воронеж,01/01/24,20/01/24,71,2,4.238194444444444,154757.31,one_time
2072,Тюмень,01/01/24,20/01/24,71,,,,inactive
2073,Воронеж,01/01/24,20/01/24,71,,,,inactive
2074,Омск,01/01/24,20/01/24,71,,,,inactive
2075,Тольятти,01/01/24,20/01/24,71,,,,inactive
2076,Тольятти,01/01/24,20/01/24,71,,,,inactive
2077,Москва,01/01/24,20/01/24,71,,,,inactive
2078,Ростов-на-Дону,01/01/24,20/01/24,71,1,0.5305555555555556,65614.75,one_time
2079,Санкт-Петербург,01/01/24,20/01/24,71,1,5.689583333333333,50380.8,one_time
2080,Воронеж,01/01/24,20/01/24,71,,,,inactive
2081,Воронеж,01/01/24,20/01/24,71,,,,inactive
2082,Нижний Новгород,01/01/24,20/01/24,71,,,,inactive
2083,Тюмень,01/01/24,20/01/24,71,,,,inactive
2084,Ижевск,01/01/24,20/01/24,71,,,,inactive
2085,Ростов-на-Дону,01/01/24,20/01/24,71,,,,inactive
2086,Москва,01/01/24,20/01/24,71,,,,inactive
2087,Екатеринбург,01/01/24,20/01/24,71,,,,inactive
2088,Тольятти,01/01/24,20/01/24,71,,,,inactive
2089,Санкт-Петербург,01/01/24,20/01/24,71,,,,inactive
2090,Воронеж,01/01/24,20/01/24,71,,,,inactive
2091,Саратов,01/01/24,20/01/24,71,,,,inactive
2092,Пермь,01/01/24,20/01/24,71,1,3.191666666666667,2329.52,one_time
2093,Саратов,01/01/24,20/01/24,71,,,,inactive
2094,Краснодар,01/01/24,20/01/24,71,1,5.175,36580.38,one_time
2095,Челябинск,01/01/24,20/01/24,71,2,5.376736111111112,24591.51,one_time
2096,Уфа,01/01/24,20/01/24,71,,,,inactive
2097,Краснодар,01/01/24,20/01/24,71,,,,inactive
2098,Уфа,01/01/24,20/01/24,71,,,,inactive
2099,Санкт-Петербург,01/01/24,20/01/24,71,1,7.475694444444445,165815.97,one_time
2100,Красноярск,01/01/24,20/01/24,71,,,,inactive
2101,Тюмень,01/01/24,20/01/24,71,,,,inactive
2102,Екатеринбург,01/01/24,20/01/24,71,,,,inactive
2103,Ростов-на-Дону,01/01/24,20/01/24,71,,,,inactive
2104,Новосибирск,01/01/24,20/01/24,71,,,,inactive
2105,Самара,01/01/24,20/01/24,71,,,,inactive
2106,Пермь,01/01/24,20/01/24,71,1,2.9409722222222223,26602.85,one_time
2107,Уфа,01/01/24,20/01/24,71,,,,inactive
2108,Самара,01/01/24,20/01/24,71,,,,inactive
2109,Санкт-Петербург,01/01/24,20/01/24,71,,,,inactive
2110,Уфа,01/01/24,20/01/24,71,,,,inactive
2111,Казань,01/01/24,20/01/24,71,,,,inactive
2112,Краснодар,01/01/24,20/01/24,71,,,,inactive
2113,Ростов-на-Дону,01/01/24,20/01/24,71,1,5.59375,85397.54,one_time
2114,Тюмень,01/01/24,20/01/24,71,,,,inactive
2115,Омск,01/01/24,20/01/24,71,1,4.904166666666667,99659.89,one_time
2116,Новосибирск,01/01/24,20/01/24,71,,,,inactive
2117,Красноярск,01/01/24,20/01/24,71,1,6.340277777777778,51888.32,one_time
2118,Тольятти,01/01/24,20/01/24,71,,,,inactive
2119,Челябинск,01/01/24,20/01/24,71,,,,inactive
2120,Нижний Новгород,01/01/24,20/01/24,71,,,,inactive
2121,Ростов-на-Дону,01/01/24,20/01/24,71,2,5.148611111111111,113827.88,one_time
2122,Самара,01/01/24,20/01/24,71,1,4.732638888888889,63169.57,one_time
2123,Челябинск,01/01/24,20/01/24,71,,,,inactive
2124,Ростов-на-Дону,01/01/24,20/01/24,71,3,3.7115740740740737,140085.01,regular
2125,Санкт-Петербург,01/01/24,20/01/24,71,,,,inactive
2126,Ижевск,01/01/24,20/01/24,71,,,,inactive
2127,Казань,01/01/24,20/01/24,71,,,,inactive
2128,Уфа,01/01/24,20/01/24,71,1,4.075694444444444,7872.11,one_time
2129,Воронеж,01/01/24,20/01/24,71,,,,inactive
2130,Санкт-Петербург,01/01/24,20/01/24,71,,,,inactive
2131,Ростов-на-Дону,01/01/24,20/01/24,71,,,,inactive
2132,Челябинск,01/01/24,20/01/24,71,,,,inactive
2133,Воронеж,01/01/24,20/01/24,71,,,,inactive
2134,Тюмень,01/01/24,20/01/24,71,,,,inactive
2135,Челябинск,01/01/24,20/01/24,71,1,3.3625,8152.55,one_time
2136,Волгоград,01/01/24,20/01/24,71,1,5.033333333333333,21731.83,one_time
2137,Тюмень,01/01/24,20/01/24,71,,,,inactive
2138,Самара,01/01/24,20/01/24,71,,,,inactive
2139,Нижний Новгород,01/01/24,20/01/24,71,,,,inactive
2140,Екатеринбург,01/01/24,20/01/24,71,,,,inactive
2141,Екатеринбург,01/01/24,20/01/24,71,,,,inactive
2142,Челябинск,01/01/24,20/01/24,71,,,,inactive
2143,Красноярск,01/01/24,20/01/24,71,2,5.5368055555555555,56856.77,one_time
2144,Ростов-на-Дону,01/01/24,20/01/24,71,,,,inactive
2145,Воронеж,01/01/24,20/01/24,71,2,4.101388888888889,176218.14,one_time
2146,Екатеринбург,01/01/24,20/01/24,71,,,,inactive
2147,Воронеж,01/01/24,20/01/24,71,,,,inactive
2148,Краснодар,01/01/24,20/01/24,71,,,,inactive
2149,Саратов,01/01/24,20/01/24,71,,,,inactive
2150,Тольятти,01/01/24,20/01/24,71,2,6.179513888888889,38125.75,one_time
2151,Ижевск,01/01/24,20/01/24,71,,,,inactive
2152,Краснодар,01/01/24,20/01/24,71,2,3.623611111111111,173350.04,one_time
2153,Ижевск,01/01/24,20/01/24,71,,,,inactive
2154,Воронеж,01/01/24,20/01/24,71,1,3.817361111111111,68317.88,one_time
2155,Москва,01/01/24,20/01/24,71,,,,inactive
2156,Новосибирск,01/01/24,20/01/24,71,,,,inactive
2157,Нижний Новгород,01/01/24,20/01/24,71,1,4.143055555555556,63346.72,one_time
2158,Пермь,01/01/24,20/01/24,71,,,,inactive
2159,Казань,01/01/24,20/01/24,71,,,,inactive
2160,Уфа,01/01/24,20/01/24,71,,,,inactive
2161,Уфа,01/01/24,20/01/24,71,,,,inactive
2162,Самара,01/01/24,20/01/24,71,2,6.195833333333333,91532.41,one_time
2163,Челябинск,01/01/24,20/01/24,71,,,,inactive
2164,Нижний Новгород,01/01/24,20/01/24,71,,,,inactive
2165,Тольятти,01/01/24,20/01/24,71,,,,inactive
2166,Тюмень,01/01/24,20/01/24,71,,,,inactive
2167,Екатеринбург,01/01/24,20/01/24,71,,,,inactive
2168,Воронеж,01/01/24,20/01/24,71,,,,inactive
2169,Казань,01/01/24,20/01/24,71,2,4.642361111111111,81184.26,one_time
2170,Красноярск,01/01/24,20/01/24,71,1,5.883333333333334,116555.96,one_time
2171,Самара,01/01/24,20/01/24,71,,,,inactive
2172,Самара,01/01/24,20/01/24,71,,,,inactive
2173,Волгоград,01/01/24,20/01/24,71,,,,inactive
2174,Ростов-на-Дону,01/01/24,21/01/24,70,,,,inactive
2175,Челябинск,01/01/24,21/01/24,70,,,,inactive
2176,Краснодар,01/01/24,21/01/24,70,,,,inactive
2177,Тюмень,01/01/24,21/01/24,70,,,,inactive
2178,Нижний Новгород,01/01/24,21/01/24,70,,,,inactive
2179,Самара,01/01/24,21/01/24,70,,,,inactive
2180,Красноярск,01/01/24,21/01/24,70,1,3.467361111111111,113627.88,one_time
2181,Тольятти,01/01/24,21/01/24,70,,,,inactive
2182,Москва,01/01/24,21/01/24,70,,,,inactive
2183,Воронеж,01/01/24,21/01/24,70,,,,inactive
2184,Казань,01/01/24,21/01/24,70,1,3.5340277777777778,8113.84,one_time
2185,Москва,01/01/24,21/01/24,70,1,2.9895833333333335,28022.46,one_time
2186,Казань,01/01/24,21/01/24,70,,,,inactive
2187,Челябинск,01/01/24,21/01/24,70,,,,inactive
2188,Красноярск,01/01/24,21/01/24,70,,,,inactive
2189,Тюмень,01/01/24,21/01/24,70,,,,inactive
2190,Тюмень,01/01/24,21/01/24,70,,,,inactive
2191,Москва,01/01/24,21/01/24,70,1,4.81875,12623.03,one_time
2192,Воронеж,01/01/24,21/01/24,70,,,,inactive
2193,Москва,01/01/24,21/01/24,70,,,,inactive
2194,Санкт-Петербург,01/01/24,21/01/24,70,,,,inactive
2195,Нижний Новгород,01/01/24,21/01/24,70,,,,inactive
2196,Челябинск,01/01/24,21/01/24,70,,,,inactive
2197,Челябинск,01/01/24,21/01/24,70,1,6.55625,16789.81,one_time
2198,Волгоград,01/01/24,21/01/24,70,,,,inactive
2199,Ижевск,01/01/24,21/01/24,70,3,5.61087962962963,196764.65,regular
2200,Уфа,01/01/24,21/01/24,70,1,7.022222222222222,30077.9,one_time
2201,Ростов-на-Дону,01/01/24,21/01/24,70,,,,inactive
2202,Ростов-на-Дону,01/01/24,21/01/24,70,,,,inactive
2203,Красноярск,01/01/24,21/01/24,70,3,3.3914351851851854,135148.67,regular
2204,Тюмень,01/01/24,21/01/24,70,,,,inactive
2205,Казань,01/01/24,21/01/24,70,1,5.368055555555555,1058.7,one_time
2206,Волгоград,01/01/24,21/01/24,70,,,,inactive
2207,Волгоград,01/01/24,21/01/24,70,2,2.4493055555555556,51096.74,one_time
2208,Пермь,01/01/24,21/01/24,70,,,,inactive
2209,Челябинск,01/01/24,21/01/24,70,1,2.692361111111111,60625.19,one_time
2210,Воронеж,01/01/24,21/01/24,70,,,,inactive
2211,Воронеж,01/01/24,21/01/24,70,,,,inactive
2212,Казань,01/01/24,21/01/24,70,,,,inactive
2213,Тюмень,01/01/24,21/01/24,70,,,,inactive
2214,Санкт-Петербург,01/01/24,21/01/24,70,,,,inactive
2215,Екатеринбург,01/01/24,21/01/24,70,,,,inactive
2216,Воронеж,01/01/24,21/01/24,70,1,6.728472222222222,86335.86,one_time
2217,Воронеж,01/01/24,21/01/24,70,,,,inactive
2218,Казань,01/01/24,21/01/24,70,1,0.6833333333333333,246.07,one_time
2219,Волгоград,01/01/24,21/01/24,70,,,,inactive
2220,Казань,01/01/24,21/01/24,70,,,,inactive
2221,Воронеж,01/01/24,21/01/24,70,1,3.9256944444444444,54913.98,one_time
2222,Самара,01/01/24,21/01/24,70,,,,inactive
2223,Тольятти,01/01/24,21/01/24,70,,,,inactive
2224,Екатеринбург,01/01/24,21/01/24,70,1,0.2923611111111111,5213.19,one_time
2225,Санкт-Петербург,01/01/24,21/01/24,70,1,8.6,62481.22,one_time
2226,Нижний Новгород,01/01/24,21/01/24,70,,,,inactive
2227,Нижний Новгород,01/01/24,21/01/24,70,,,,inactive
2228,Тольятти,01/01/24,21/01/24,70,,,,inactive
2229,Москва,01/01/24,21/01/24,70,1,9.651388888888889,6315.44,one_time
2230,Ижевск,01/01/24,21/01/24,70,1,5.190972222222222,36172.51,one_time
2231,Санкт-Петербург,01/01/24,21/01/24,70,,,,inactive
2232,Саратов,01/01/24,21/01/24,70,,,,inactive
2233,Ростов-на-Дону,01/01/24,21/01/24,70,2,4.895833333333334,21750.75,one_time
2234,Нижний Новгород,01/01/24,21/01/24,70,,,,inactive
2235,Ростов-на-Дону,01/01/24,21/01/24,70,,,,inactive
2236,Тюмень,01/01/24,21/01/24,70,,,,inactive
2237,Уфа,01/01/24,21/01/24,70,,,,inactive
2238,Ижевск,01/01/24,21/01/24,70,,,,inactive
2239,Челябинск,01/01/24,21/01/24,70,2,6.170486111111112,102736.37,one_time
2240,Пермь,01/01/24,21/01/24,70,,,,inactive
2241,Москва,01/01/24,21/01/24,70,,,,inactive
2242,Санкт-Петербург,01/01/24,21/01/24,70,1,1.1652777777777779,24569.85,one_time
2243,Екатеринбург,01/01/24,21/01/24,70,,,,inactive
2244,Омск,01/01/24,21/01/24,70,2,6.002430555555556,181535.94,one_time
2245,Челябинск,01/01/24,21/01/24,70,,,,inactive
2246,Ижевск,01/01/24,21/01/24,70,1,7.054861111111111,24977.93,one_time
2247,Нижний Новгород,01/01/24,21/01/24,70,,,,inactive
2248,Краснодар,01/01/24,21/01/24,70,,,,inactive
2249,Тольятти,01/01/24,21/01/24,70,,,,inactive
2250,Казань,01/01/24,21/01/24,70,,,,inactive
2251,Нижний Новгород,01/01/24,21/01/24,70,,,,inactive
2252,Пермь,01/01/24,21/01/24,70,,,,inactive
2253,Самара,01/01/24,21/01/24,70,1,7.194444444444445,29308.24,one_time
2254,Воронеж,01/01/24,21/01/24,70,,,,inactive
2255,Тольятти,01/01/24,21/01/24,70,1,3.8583333333333334,6632.68,one_time
2256,Ижевск,01/01/24,21/01/24,70,,,,inactive
2257,Челябинск,01/01/24,21/01/24,70,,,,inactive
2258,Санкт-Петербург,01/01/24,21/01/24,70,,,,inactive
2259,Краснодар,01/01/24,21/01/24,70,,,,inactive
2260,Москва,01/01/24,21/01/24,70,1,2.4659722222222222,32496.99,one_time
2261,Красноярск,01/01/24,21/01/24,70,2,5.693402777777778,39560.13,one_time
2262,Самара,01/01/24,21/01/24,70,,,,inactive
2263,Тольятти,01/01/24,21/01/24,70,,,,inactive
2264,Москва,01/01/24,21/01/24,70,,,,inactive
2265,Омск,01/01/24,21/01/24,70,1,5.951388888888889,45802.8,one_time
2266,Нижний Новгород,01/01/24,21/01/24,70,,,,inactive
2267,Краснодар,01/01/24,21/01/24,70,,,,inactive
2268,Челябинск,01/01/24,21/01/24,70,,,,inactive
2269,Уфа,01/01/24,21/01/24,70,,,,inactive
2270,Ижевск,01/01/24,21/01/24,70,,,,inactive
2271,Воронеж,01/01/24,21/01/24,70,,,,inactive
2272,Самара,01/01/24,21/01/24,70,1,5.090277777777778,1764.88,one_time
2273,Краснодар,01/01/24,21/01/24,70,,,,inactive
2274,Воронеж,01/01/24,21/01/24,70,1,5.6715277777777775,6491.49,one_time
2275,Челябинск,01/01/24,21/01/24,70,,,,inactive
2276,Екатеринбург,01/01/24,21/01/24,70,3,4.484259259259259,72976.04,regular
2277,Краснодар,01/01/24,21/01/24,70,,,,inactive
2278,Тюмень,01/01/24,21/01/24,70,,,,inactive
2279,Воронеж,01/01/24,22/01/24,69,,,,inactive
2280,Самара,01/01/24,22/01/24,69,,,,inactive
2281,Тюмень,01/01/24,22/01/24,69,,,,inactive
2282,Краснодар,01/01/24,22/01/24,69,,,,inactive
2283,Казань,01/01/24,22/01/24,69,,,,inactive
2284,Тюмень,01/01/24,22/01/24,69,,,,inactive
2285,Уфа,01/01/24,22/01/24,69,1,7.1,20653.71,one_time
2286,Пермь,01/01/24,22/01/24,69,,,,inactive
2287,Казань,01/01/24,22/01/24,69,,,,inactive
2288,Краснодар,01/01/24,22/01/24,69,,,,inactive
2289,Омск,01/01/24,22/01/24,69,,,,inactive
2290,Волгоград,01/01/24,22/01/24,69,,,,inactive
2291,Тольятти,01/01/24,22/01/24,69,1,7.7027777777777775,74473.44,one_time
2292,Краснодар,01/01/24,22/01/24,69,1,2.986111111111111,20621.1,one_time
2293,Омск,01/01/24,22/01/24,69,,,,inactive
2294,Краснодар,01/01/24,22/01/24,69,,,,inactive
2295,Санкт-Петербург,01/01/24,22/01/24,69,,,,inactive
2296,Екатеринбург,01/01/24,22/01/24,69,,,,inactive
2297,Тольятти,01/01/24,22/01/24,69,,,,inactive
2298,Саратов,01/01/24,22/01/24,69,,,,inactive
2299,Нижний Новгород,01/01/24,22/01/24,69,,,,inactive
2300,Москва,01/01/24,22/01/24,69,1,4.090277777777778,1831.63,one_time
2301,Уфа,01/01/24,22/01/24,69,4,5.270833333333333,233300.82,regular
2302,Воронеж,01/01/24,22/01/24,69,1,5.641666666666667,931.33,one_time
2303,Новосибирск,01/01/24,22/01/24,69,,,,inactive
2304,Екатеринбург,01/01/24,22/01/24,69,,,,inactive
2305,Нижний Новгород,01/01/24,22/01/24,69,2,4.611805555555556,89320.53,one_time
2306,Тюмень,01/01/24,22/01/24,69,1,3.46875,56043.25,one_time
2307,Красноярск,01/01/24,22/01/24,69,,,,inactive
2308,Саратов,01/01/24,22/01/24,69,,,,inactive
2309,Красноярск,01/01/24,22/01/24,69,1,6.545833333333333,14442.46,one_time
2310,Ижевск,01/01/24,22/01/24,69,,,,inactive
2311,Красноярск,01/01/24,22/01/24,69,1,5.292361111111111,91419.0,one_time
2312,Омск,01/01/24,22/01/24,69,,,,inactive
2313,Нижний Новгород,01/01/24,22/01/24,69,,,,inactive
2314,Ижевск,01/01/24,22/01/24,69,,,,inactive
2315,Пермь,01/01/24,22/01/24,69,,,,inactive
2316,Краснодар,01/01/24,22/01/24,69,2,5.492013888888889,66549.48,one_time
2317,Санкт-Петербург,01/01/24,22/01/24,69,,,,inactive
2318,Нижний Новгород,01/01/24,22/01/24,69,,,,inactive
2319,Екатеринбург,01/01/24,22/01/24,69,,,,inactive
2320,Нижний Новгород,01/01/24,22/01/24,69,,,,inactive
2321,Саратов,01/01/24,22/01/24,69,,,,inactive
2322,Воронеж,01/01/24,22/01/24,69,1,3.4208333333333334,320266.54,one_time
2323,Новосибирск,01/01/24,22/01/24,69,,,,inactive
2324,Волгоград,01/01/24,22/01/24,69,,,,inactive
2325,Екатеринбург,01/01/24,22/01/24,69,2,1.3673611111111112,19035.32,one_time
2326,Новосибирск,01/01/24,22/01/24,69,,,,inactive
2327,Саратов,01/01/24,22/01/24,69,,,,inactive
2328,Тюмень,01/01/24,22/01/24,69,,,,inactive
2329,Екатеринбург,01/01/24,22/01/24,69,,,,inactive
2330,Ростов-на-Дону,01/01/24,22/01/24,69,,,,inactive
2331,Санкт-Петербург,01/01/24,22/01/24,69,,,,inactive
2332,Ижевск,01/01/24,22/01/24,69,,,,inactive
2333,Ижевск,01/01/24,22/01/24,69,2,4.7972222222222225,24660.96,one_time
2334,Волгоград,01/01/24,22/01/24,69,2,3.5791666666666666,210578.12,one_time
2335,Новосибирск,01/01/24,22/01/24,69,,,,inactive
2336,Ижевск,01/01/24,22/01/24,69,,,,inactive
2337,Новосибирск,01/01/24,22/01/24,69,1,3.254861111111111,68221.54,one_time
2338,Воронеж,01/01/24,22/01/24,69,,,,inactive
2339,Краснодар,01/01/24,22/01/24,69,1,3.8375,80530.32,one_time
2340,Новосибирск,01/01/24,22/01/24,69,,,,inactive
2341,Санкт-Петербург,01/01/24,22/01/24,69,,,,inactive
2342,Казань,01/01/24,22/01/24,69,1,5.752777777777778,91352.78,one_time
2343,Ростов-на-Дону,01/01/24,22/01/24,69,,,,inactive
2344,Уфа,01/01/24,22/01/24,69,,,,inactive
2345,Казань,01/01/24,22/01/24,69,1,1.7118055555555556,15289.85,one_time
2346,Москва,01/01/24,22/01/24,69,,,,inactive
2347,Пермь,01/01/24,22/01/24,69,1,3.0631944444444446,54662.9,one_time
2348,Нижний Новгород,01/01/24,22/01/24,69,1,7.9,8430.53,one_time
2349,Казань,01/01/24,22/01/24,69,,,,inactive
2350,Воронеж,01/01/24,22/01/24,69,,,,inactive
2351,Тюмень,01/01/24,22/01/24,69,,,,inactive
2352,Нижний Новгород,01/01/24,22/01/24,69,,,,inactive
2353,Санкт-Петербург,01/01/24,22/01/24,69,,,,inactive
2354,Красноярск,01/01/24,22/01/24,69,,,,inactive
2355,Казань,01/01/24,22/01/24,69,,,,inactive
2356,Нижний Новгород,01/01/24,22/01/24,69,,,,inactive
2357,Тольятти,01/01/24,22/01/24,69,,,,inactive
2358,Волгоград,01/01/24,22/01/24,69,,,,inactive
2359,Саратов,01/01/24,22/01/24,69,1,7.861805555555556,71104.09,one_time
2360,Челябинск,01/01/24,22/01/24,69,,,,inactive
2361,Ижевск,01/01/24,22/01/24,69,1,4.6625,1353.23,one_time
2362,Омск,01/01/24,22/01/24,69,,,,inactive
2363,Москва,01/01/24,22/01/24,69,,,,inactive
2364,Ижевск,01/01/24,22/01/24,69,,,,inactive
2365,Ижевск,01/01/24,22/01/24,69,1,6.499305555555556,110662.67,one_time
2366,Ростов-на-Дону,01/01/24,22/01/24,69,1,5.881944444444445,56638.19,one_time
2367,Омск,01/01/24,22/01/24,69,1,4.195833333333334,1327.02,one_time
2368,Краснодар,01/01/24,22/01/24,69,,,,inactive
2369,Саратов,01/01/24,22/01/24,69,,,,inactive
2370,Тюмень,01/01/24,22/01/24,69,,,,inactive
2371,Пермь,01/01/24,22/01/24,69,,,,inactive
2372,Ижевск,01/01/24,22/01/24,69,,,,inactive
2373,Уфа,01/01/24,22/01/24,69,1,4.079861111111111,114927.45,one_time
2374,Пермь,01/01/24,22/01/24,69,,,,inactive
2375,Воронеж,01/01/24,22/01/24,69,,,,inactive
2376,Москва,01/01/24,22/01/24,69,1,2.953472222222222,5832.18,one_time
2377,Ростов-на-Дону,01/01/24,22/01/24,69,,,,inactive
2378,Тольятти,01/01/24,22/01/24,69,,,,inactive
2379,Самара,01/01/24,22/01/24,69,,,,inactive
2380,Волгоград,01/01/24,22/01/24,69,2,5.543402777777778,32539.45,one_time
2381,Нижний Новгород,01/01/24,22/01/24,69,,,,inactive
2382,Ростов-на-Дону,01/01/24,22/01/24,69,1,2.8333333333333335,33422.88,one_time
2383,Челябинск,01/01/24,22/01/24,69,,,,inactive
2384,Москва,01/01/24,22/01/24,69,2,4.020486111111111,210248.87,one_time
2385,Челябинск,01/01/24,22/01/24,69,,,,inactive
2386,Уфа,01/01/24,22/01/24,69,1,5.717361111111111,44770.34,one_time
2387,Москва,01/01/24,22/01/24,69,,,,inactive
2388,Волгоград,01/01/24,22/01/24,69,,,,inactive
2389,Челябинск,01/01/24,23/01/24,68,,,,inactive
2390,Волгоград,01/01/24,23/01/24,68,1,2.808333333333333,5004.09,one_time
2391,Омск,01/01/24,23/01/24,68,,,,inactive
2392,Ростов-на-Дону,01/01/24,23/01/24,68,,,,inactive
2393,Воронеж,01/01/24,23/01/24,68,1,4.095138888888889,75714.57,one_time
2394,Самара,01/01/24,23/01/24,68,,,,inactive
2395,Омск,01/01/24,23/01/24,68,,,,inactive
2396,Омск,01/01/24,23/01/24,68,,,,inactive
2397,Екатеринбург,01/01/24,23/01/24,68,,,,inactive
2398,Нижний Новгород,01/01/24,23/01/24,68,,,,inactive
2399,Ростов-на-Дону,01/01/24,23/01/24,68,,,,inactive
2400,Краснодар,01/01/24,23/01/24,68,,,,inactive
2401,Красноярск,01/01/24,23/01/24,68,1,0.2520833333333333,40832.91,one_time
2402,Омск,01/01/24,23/01/24,68,3,3.590509259259259,79782.86,regular
2403,Красноярск,01/01/24,23/01/24,68,,,,inactive
2404,Казань,01/01/24,23/01/24,68,,,,inactive
2405,Омск,01/01/24,23/01/24,68,,,,inactive
2406,Москва,01/01/24,23/01/24,68,,,,inactive
2407,Пермь,01/01/24,23/01/24,68,,,,inactive
2408,Краснодар,01/01/24,23/01/24,68,1,2.451388888888889,10798.3,one_time
2409,Новосибирск,01/01/24,23/01/24,68,,,,inactive
2410,Тюмень,01/01/24,23/01/24,68,,,,inactive
2411,Челябинск,01/01/24,23/01/24,68,,,,inactive
2412,Москва,01/01/24,23/01/24,68,,,,inactive
2413,Тольятти,01/01/24,23/01/24,68,,,,inactive
2414,Самара,01/01/24,23/01/24,68,,,,inactive
2415,Омск,01/01/24,23/01/24,68,,,,inactive
2416,Нижний Новгород,01/01/24,23/01/24,68,,,,inactive
2417,Санкт-Петербург,01/01/24,23/01/24,68,,,,inactive
2418,Воронеж,01/01/24,23/01/24,68,,,,inactive
2419,Москва,01/01/24,23/01/24,68,,,,inactive
2420,Ижевск,01/01/24,23/01/24,68,,,,inactive
2421,Ростов-на-Дону,01/01/24,23/01/24,68,,,,inactive
2422,Саратов,01/01/24,23/01/24,68,,,,inactive
2423,Москва,01/01/24,23/01/24,68,1,9.363888888888889,103594.93,one_time
2424,Пермь,01/01/24,23/01/24,68,,,,inactive
2425,Санкт-Петербург,01/01/24,23/01/24,68,,,,inactive
2426,Тюмень,01/01/24,23/01/24,68,,,,inactive
2427,Красноярск,01/01/24,23/01/24,68,1,6.886111111111111,62412.29,one_time
2428,Челябинск,01/01/24,23/01/24,68,,,,inactive
2429,Воронеж,01/01/24,23/01/24,68,,,,inactive
2430,Екатеринбург,01/01/24,23/01/24,68,,,,inactive
2431,Москва,01/01/24,23/01/24,68,,,,inactive
2432,Волгоград,01/01/24,23/01/24,68,1,4.571527777777778,212768.83,one_time
2433,Саратов,01/01/24,23/01/24,68,,,,inactive
2434,,01/01/24,23/01/24,68,1,4.117361111111111,21354.56,one_time
2435,Пермь,01/01/24,23/01/24,68,,,,inactive
2436,Санкт-Петербург,01/01/24,23/01/24,68,,,,inactive
2437,Челябинск,01/01/24,23/01/24,68,1,5.4944444444444445,9168.69,one_time
2438,Пермь,01/01/24,23/01/24,68,1,4.593055555555556,26293.93,one_time
2439,Нижний Новгород,01/01/24,23/01/24,68,2,4.755208333333333,13588.1,one_time
2440,Тюмень,01/01/24,23/01/24,68,,,,inactive
2441,Воронеж,01/01/24,23/01/24,68,,,,inactive
2442,Санкт-Петербург,01/01/24,23/01/24,68,1,3.925,6333.26,one_time
2443,Саратов,01/01/24,23/01/24,68,,,,inactive
2444,Самара,01/01/24,23/01/24,68,2,5.893402777777778,250240.33,one_time
2445,Ростов-на-Дону,01/01/24,23/01/24,68,1,3.6166666666666667,12457.55,one_time
2446,Санкт-Петербург,01/01/24,23/01/24,68,,,,inactive
2447,Нижний Новгород,01/01/24,23/01/24,68,1,7.376388888888889,50014.63,one_time
2448,Воронеж,01/01/24,23/01/24,68,2,5.505208333333334,65005.55,one_time
2449,Тюмень,01/01/24,23/01/24,68,,,,inactive
2450,Казань,01/01/24,23/01/24,68,,,,inactive
2451,Тюмень,01/01/24,23/01/24,68,,,,inactive
2452,Тюмень,01/01/24,23/01/24,68,,,,inactive
2453,Саратов,01/01/24,23/01/24,68,2,4.741319444444445,103571.2,one_time
2454,Тольятти,01/01/24,23/01/24,68,,,,inactive
2455,Воронеж,01/01/24,23/01/24,68,,,,inactive
2456,Москва,01/01/24,23/01/24,68,,,,inactive
2457,Красноярск,01/01/24,23/01/24,68,,,,inactive
2458,Пермь,01/01/24,23/01/24,68,,,,inactive
2459,Саратов,01/01/24,23/01/24,68,1,5.969444444444444,5103.04,one_time
2460,Краснодар,01/01/24,23/01/24,68,1,4.025,42113.18,one_time
2461,Пермь,01/01/24,23/01/24,68,,,,inactive
2462,Ижевск,01/01/24,23/01/24,68,1,5.1194444444444445,46821.02,one_time
2463,Москва,01/01/24,23/01/24,68,1,5.496527777777778,22879.55,one_time
2464,Самара,01/01/24,23/01/24,68,2,2.6979166666666665,30003.16,one_time
2465,Самара,01/01/24,23/01/24,68,,,,inactive
2466,Нижний Новгород,01/01/24,23/01/24,68,,,,inactive
2467,Волгоград,01/01/24,23/01/24,68,,,,inactive
2468,Краснодар,01/01/24,23/01/24,68,2,5.980902777777778,51216.38,one_time
2469,,01/01/24,23/01/24,68,,,,inactive
2470,Пермь,01/01/24,23/01/24,68,,,,inactive
2471,Екатеринбург,01/01/24,23/01/24,68,,,,inactive
2472,Екатеринбург,01/01/24,23/01/24,68,,,,inactive
2473,Уфа,01/01/24,23/01/24,68,,,,inactive
2474,Нижний Новгород,01/01/24,23/01/24,68,,,,inactive
2475,Воронеж,01/01/24,23/01/24,68,,,,inactive
2476,Тюмень,01/01/24,23/01/24,68,,,,inactive
2477,Воронеж,01/01/24,23/01/24,68,,,,inactive
2478,Челябинск,01/01/24,23/01/24,68,,,,inactive
2479,Санкт-Петербург,01/01/24,23/01/24,68,2,4.054166666666666,41871.75,one_time
2480,Самара,01/01/24,23/01/24,68,,,,inactive
2481,Тюмень,01/01/24,23/01/24,68,,,,inactive
2482,Самара,01/01/24,23/01/24,68,1,8.663194444444445,5498.95,one_time
2483,Тюмень,01/01/24,23/01/24,68,,,,inactive
2484,Нижний Новгород,01/01/24,23/01/24,68,,,,inactive
2485,Ростов-на-Дону,01/01/24,23/01/24,68,,,,inactive
2486,Красноярск,01/01/24,23/01/24,68,,,,inactive
2487,Тольятти,01/01/24,23/01/24,68,,,,inactive
2488,Новосибирск,01/01/24,23/01/24,68,,,,inactive
2489,Омск,01/01/24,23/01/24,68,1,6.536111111111111,84100.55,one_time
2490,Тюмень,01/01/24,23/01/24,68,,,,inactive
2491,Самара,01/01/24,23/01/24,68,1,6.819444444444445,6240.52,one_time
2492,Красноярск,01/01/24,23/01/24,68,2,3.2604166666666665,160427.22,one_time
2493,Казань,01/01/24,23/01/24,68,1,1.7430555555555556,3570.16,one_time
2494,Красноярск,01/01/24,23/01/24,68,,,,inactive
2495,Екатеринбург,01/01/24,23/01/24,68,,,,inactive
2496,Тольятти,01/01/24,23/01/24,68,,,,inactive
2497,Воронеж,01/01/24,23/01/24,68,1,7.2625,67474.06,one_time
2498,Санкт-Петербург,01/01/24,23/01/24,68,,,,inactive
2499,Тюмень,01/01/24,23/01/24,68,1,1.6375,163751.17,one_time
2500,Санкт-Петербург,01/01/24,23/01/24,68,,,,inactive
2501,Екатеринбург,01/01/24,23/01/24,68,,,,inactive
2502,Пермь,01/01/24,23/01/24,68,,,,inactive
2503,Волгоград,01/01/24,23/01/24,68,,,,inactive
2504,Москва,01/01/24,23/01/24,68,,,,inactive
2505,Омск,01/01/24,23/01/24,68,,,,inactive
2506,Саратов,01/01/24,23/01/24,68,,,,inactive
2507,Красноярск,01/01/24,23/01/24,68,,,,inactive
2508,Тольятти,01/01/24,24/01/24,67,1,5.790972222222222,17749.29,one_time
2509,Ростов-на-Дону,01/01/24,24/01/24,67,,,,inactive
2510,Ижевск,01/01/24,24/01/24,67,,,,inactive
2511,,01/01/24,24/01/24,67,,,,inactive
2512,Москва,01/01/24,24/01/24,67,,,,inactive
2513,Омск,01/01/24,24/01/24,67,2,4.803819444444445,146989.49,one_time
2514,Тольятти,01/01/24,24/01/24,67,,,,inactive
2515,Саратов,01/01/24,24/01/24,67,,,,inactive
2516,Краснодар,01/01/24,24/01/24,67,,,,inactive
2517,Тюмень,01/01/24,24/01/24,67,,,,inactive
2518,Екатеринбург,01/01/24,24/01/24,67,,,,inactive
2519,Новосибирск,01/01/24,24/01/24,67,,,,inactive
2520,Саратов,01/01/24,24/01/24,67,,,,inactive
2521,Самара,01/01/24,24/01/24,67,,,,inactive
2522,Волгоград,01/01/24,24/01/24,67,1,6.8625,96042.62,one_time
2523,Тюмень,01/01/24,24/01/24,67,1,3.2118055555555554,31182.07,one_time
2524,Казань,01/01/24,24/01/24,67,1,3.8444444444444446,20151.71,one_time
2525,Уфа,01/01/24,24/01/24,67,3,4.081018518518518,106245.23,regular
2526,Новосибирск,01/01/24,24/01/24,67,1,6.670833333333333,52100.32,one_time
2527,Санкт-Петербург,01/01/24,24/01/24,67,,,,inactive
2528,Нижний Новгород,01/01/24,24/01/24,67,,,,inactive
2529,Омск,01/01/24,24/01/24,67,,,,inactive
2530,Воронеж,01/01/24,24/01/24,67,,,,inactive
2531,Саратов,01/01/24,24/01/24,67,,,,inactive
2532,Челябинск,01/01/24,24/01/24,67,,,,inactive
2533,Краснодар,01/01/24,24/01/24,67,,,,inactive
2534,Казань,01/01/24,24/01/24,67,,,,inactive
2535,Волгоград,01/01/24,24/01/24,67,,,,inactive
2536,Нижний Новгород,01/01/24,24/01/24,67,,,,inactive
2537,Ижевск,01/01/24,24/01/24,67,,,,inactive
2538,Воронеж,01/01/24,24/01/24,67,,,,inactive
2539,Ижевск,01/01/24,24/01/24,67,2,5.1350694444444445,115696.2,one_time
2540,Уфа,01/01/24,24/01/24,67,,,,inactive
2541,Ростов-на-Дону,01/01/24,24/01/24,67,,,,inactive
2542,Тольятти,01/01/24,24/01/24,67,,,,inactive
2543,Челябинск,01/01/24,24/01/24,67,,,,inactive
2544,Москва,01/01/24,24/01/24,67,,,,inactive
2545,Воронеж,01/01/24,24/01/24,67,,,,inactive
2546,Ростов-на-Дону,01/01/24,24/01/24,67,,,,inactive
2547,Краснодар,01/01/24,24/01/24,67,1,2.60625,16824.8,one_time
2548,,01/01/24,24/01/24,67,,,,inactive
2549,Тюмень,01/01/24,24/01/24,67,,,,inactive
2550,Казань,01/01/24,24/01/24,67,,,,inactive
2551,Москва,01/01/24,24/01/24,67,,,,inactive
2552,Челябинск,01/01/24,24/01/24,67,,,,inactive
2553,Тольятти,01/01/24,24/01/24,67,,,,inactive
2554,Красноярск,01/01/24,24/01/24,67,,,,inactive
2555,Ростов-на-Дону,01/01/24,24/01/24,67,1,8.160416666666666,3132.77,one_time
2556,Пермь,01/01/24,24/01/24,67,,,,inactive
2557,Челябинск,01/01/24,24/01/24,67,1,1.7555555555555555,29500.93,one_time
2558,Воронеж,01/01/24,24/01/24,67,,,,inactive
2559,Воронеж,01/01/24,24/01/24,67,,,,inactive
2560,Екатеринбург,01/01/24,24/01/24,67,,,,inactive
2561,Краснодар,01/01/24,24/01/24,67,,,,inactive
2562,Пермь,01/01/24,24/01/24,67,,,,inactive
2563,Красноярск,01/01/24,24/01/24,67,2,6.157291666666667,96400.74,one_time
2564,Краснодар,01/01/24,24/01/24,67,,,,inactive
2565,Екатеринбург,01/01/24,24/01/24,67,,,,inactive
2566,Уфа,01/01/24,24/01/24,67,1,3.129166666666667,5467.08,one_time
2567,Пермь,01/01/24,24/01/24,67,,,,inactive
2568,Тюмень,01/01/24,24/01/24,67,,,,inactive
2569,Пермь,01/01/24,24/01/24,67,2,3.3350694444444446,93406.17,one_time
2570,Нижний Новгород,01/01/24,24/01/24,67,1,3.1104166666666666,61528.47,one_time
2571,Казань,01/01/24,24/01/24,67,,,,inactive
2572,Самара,01/01/24,24/01/24,67,,,,inactive
2573,Челябинск,01/01/24,24/01/24,67,,,,inactive
2574,Санкт-Петербург,01/01/24,24/01/24,67,2,5.004861111111111,27353.36,one_time
2575,Саратов,01/01/24,24/01/24,67,,,,inactive
2576,Тюмень,01/01/24,24/01/24,67,,,,inactive
2577,Уфа,01/01/24,24/01/24,67,,,,inactive
2578,Воронеж,01/01/24,24/01/24,67,1,3.8944444444444444,33815.54,one_time
2579,Челябинск,01/01/24,24/01/24,67,2,5.148263888888889,88845.98,one_time
2580,Пермь,01/01/24,24/01/24,67,,,,inactive
2581,Уфа,01/01/24,24/01/24,67,,,,inactive
2582,Пермь,01/01/24,24/01/24,67,,,,inactive
2583,Воронеж,01/01/24,24/01/24,67,,,,inactive
2584,Екатеринбург,01/01/24,24/01/24,67,,,,inactive
2585,Тюмень,01/01/24,24/01/24,67,,,,inactive
2586,Екатеринбург,01/01/24,24/01/24,67,,,,inactive
2587,Казань,01/01/24,24/01/24,67,,,,inactive
2588,Казань,01/01/24,24/01/24,67,,,,inactive
2589,Волгоград,01/01/24,24/01/24,67,,,,inactive
2590,Тольятти,01/01/24,24/01/24,67,1,2.3354166666666667,43301.52,one_time
2591,Санкт-Петербург,01/01/24,24/01/24,67,,,,inactive
2592,Пермь,01/01/24,24/01/24,67,,,,inactive
2593,Екатеринбург,01/01/24,24/01/24,67,,,,inactive
2594,Тольятти,01/01/24,24/01/24,67,,,,inactive
2595,Волгоград,01/01/24,24/01/24,67,,,,inactive
2596,Уфа,01/01/24,24/01/24,67,,,,inactive
2597,Казань,01/01/24,24/01/24,67,,,,inactive
2598,Екатеринбург,01/01/24,24/01/24,67,1,4.075,88905.37,one_time
2599,Екатеринбург,01/01/24,24/01/24,67,,,,inactive
2600,Тюмень,01/01/24,24/01/24,67,,,,inactive
2601,Казань,01/01/24,24/01/24,67,,,,inactive
2602,Ижевск,01/01/24,24/01/24,67,1,6.275,15706.94,one_time
2603,Волгоград,01/01/24,24/01/24,67,2,3.959375,44875.57,one_time
2604,Красноярск,01/01/24,24/01/24,67,1,6.295138888888889,5273.19,one_time
2605,Тольятти,01/01/24,24/01/24,67,,,,inactive
2606,Саратов,01/01/24,24/01/24,67,,,,inactive
2607,Москва,01/01/24,24/01/24,67,,,,inactive
2608,Москва,01/01/24,24/01/24,67,,,,inactive
2609,Воронеж,01/01/24,24/01/24,67,,,,inactive
2610,Ростов-на-Дону,01/01/24,25/01/24,66,1,3.7631944444444443,119109.17,one_time
2611,Новосибирск,01/01/24,25/01/24,66,1,6.5625,37290.97,one_time
2612,Челябинск,01/01/24,25/01/24,66,,,,inactive
2613,Екатеринбург,01/01/24,25/01/24,66,,,,inactive
2614,Санкт-Петербург,01/01/24,25/01/24,66,,,,inactive
2615,Воронеж,01/01/24,25/01/24,66,,,,inactive
2616,Ижевск,01/01/24,25/01/24,66,,,,inactive
2617,Санкт-Петербург,01/01/24,25/01/24,66,2,5.186805555555555,28328.06,one_time
2618,Казань,01/01/24,25/01/24,66,,,,inactive
2619,Ростов-на-Дону,01/01/24,25/01/24,66,,,,inactive
2620,Красноярск,01/01/24,25/01/24,66,,,,inactive
2621,Санкт-Петербург,01/01/24,25/01/24,66,,,,inactive
2622,Саратов,01/01/24,25/01/24,66,,,,inactive
2623,Екатеринбург,01/01/24,25/01/24,66,1,6.154166666666667,77276.0,one_time
2624,Красноярск,01/01/24,25/01/24,66,,,,inactive
2625,Самара,01/01/24,25/01/24,66,,,,inactive
2626,Краснодар,01/01/24,25/01/24,66,2,3.6711805555555554,54211.03,one_time
2627,Омск,01/01/24,25/01/24,66,,,,inactive
2628,Волгоград,01/01/24,25/01/24,66,1,5.945833333333334,66012.17,one_time
2629,Ижевск,01/01/24,25/01/24,66,3,4.0569444444444445,198819.59,regular
2630,Уфа,01/01/24,25/01/24,66,,,,inactive
2631,Краснодар,01/01/24,25/01/24,66,,,,inactive
2632,Новосибирск,01/01/24,25/01/24,66,,,,inactive
2633,Уфа,01/01/24,25/01/24,66,,,,inactive
2634,Краснодар,01/01/24,25/01/24,66,,,,inactive
2635,Ростов-на-Дону,01/01/24,25/01/24,66,,,,inactive
2636,Москва,01/01/24,25/01/24,66,,,,inactive
2637,Екатеринбург,01/01/24,25/01/24,66,,,,inactive
2638,Санкт-Петербург,01/01/24,25/01/24,66,,,,inactive
2639,Новосибирск,01/01/24,25/01/24,66,1,6.249305555555556,25292.92,one_time
2640,Казань,01/01/24,25/01/24,66,,,,inactive
2641,Ростов-на-Дону,01/01/24,25/01/24,66,,,,inactive
2642,Уфа,01/01/24,25/01/24,66,,,,inactive
2643,Ижевск,01/01/24,25/01/24,66,,,,inactive
2644,Омск,01/01/24,25/01/24,66,,,,inactive
2645,Красноярск,01/01/24,25/01/24,66,,,,inactive
2646,Пермь,01/01/24,25/01/24,66,,,,inactive
2647,Омск,01/01/24,25/01/24,66,,,,inactive
2648,Ижевск,01/01/24,25/01/24,66,,,,inactive
2649,Нижний Новгород,01/01/24,25/01/24,66,1,2.245833333333333,72553.36,one_time
2650,Тюмень,01/01/24,25/01/24,66,1,6.061111111111111,52292.88,one_time
2651,Волгоград,01/01/24,25/01/24,66,,,,inactive
2652,Самара,01/01/24,25/01/24,66,1,3.595138888888889,21125.58,one_time
2653,Воронеж,01/01/24,25/01/24,66,,,,inactive
2654,Тольятти,01/01/24,25/01/24,66,,,,inactive
2655,Новосибирск,01/01/24,25/01/24,66,,,,inactive
2656,Ростов-на-Дону,01/01/24,25/01/24,66,,,,inactive
2657,Волгоград,01/01/24,25/01/24,66,1,3.8097222222222222,128081.73,one_time
2658,Ижевск,01/01/24,25/01/24,66,,,,inactive
2659,Ростов-на-Дону,01/01/24,25/01/24,66,,,,inactive
2660,Челябинск,01/01/24,25/01/24,66,,,,inactive
2661,Екатеринбург,01/01/24,25/01/24,66,,,,inactive
2662,Саратов,01/01/24,25/01/24,66,,,,inactive
2663,Самара,01/01/24,25/01/24,66,,,,inactive
2664,Воронеж,01/01/24,25/01/24,66,,,,inactive
2665,Краснодар,01/01/24,25/01/24,66,,,,inactive
2666,Краснодар,01/01/24,25/01/24,66,,,,inactive
2667,Ростов-на-Дону,01/01/24,25/01/24,66,,,,inactive
2668,Пермь,01/01/24,25/01/24,66,1,5.0569444444444445,19864.01,one_time
2669,Нижний Новгород,01/01/24,25/01/24,66,,,,inactive
2670,Уфа,01/01/24,25/01/24,66,,,,inactive
2671,Тюмень,01/01/24,25/01/24,66,3,3.67662037037037,206823.5,regular
2672,Пермь,01/01/24,25/01/24,66,,,,inactive
2673,Новосибирск,01/01/24,25/01/24,66,1,4.277777777777778,50319.38,one_time
2674,Челябинск,01/01/24,25/01/24,66,,,,inactive
2675,Омск,01/01/24,25/01/24,66,1,4.223611111111111,41470.43,one_time
2676,Уфа,01/01/24,25/01/24,66,,,,inactive
2677,Екатеринбург,01/01/24,25/01/24,66,,,,inactive
2678,Ростов-на-Дону,01/01/24,25/01/24,66,,,,inactive
2679,Саратов,01/01/24,25/01/24,66,1,6.208333333333333,69763.76,one_time
2680,Нижний Новгород,01/01/24,25/01/24,66,,,,inactive
2681,Ростов-на-Дону,01/01/24,25/01/24,66,,,,inactive
2682,Ижевск,01/01/24,25/01/24,66,,,,inactive
2683,Волгоград,01/01/24,25/01/24,66,,,,inactive
2684,Самара,01/01/24,25/01/24,66,,,,inactive
2685,Омск,01/01/24,25/01/24,66,,,,inactive
2686,Воронеж,01/01/24,25/01/24,66,1,5.372916666666667,4235.81,one_time
2687,Новосибирск,01/01/24,25/01/24,66,1,6.561805555555556,31475.26,one_time
2688,Казань,01/01/24,25/01/24,66,3,5.702314814814815,123546.11,regular
2689,Челябинск,01/01/24,25/01/24,66,1,2.9069444444444446,22196.57,one_time
2690,Волгоград,01/01/24,25/01/24,66,,,,inactive
2691,Ростов-на-Дону,01/01/24,25/01/24,66,,,,inactive
2692,Казань,01/01/24,25/01/24,66,,,,inactive
2693,Уфа,01/01/24,25/01/24,66,,,,inactive
2694,Челябинск,01/01/24,25/01/24,66,,,,inactive
2695,Тольятти,01/01/24,25/01/24,66,1,7.69375,35144.96,one_time
2696,Омск,01/01/24,25/01/24,66,1,3.4763888888888888,77237.47,one_time
2697,Волгоград,01/01/24,25/01/24,66,,,,inactive
2698,Пермь,01/01/24,25/01/24,66,1,4.506944444444445,2744.1,one_time
2699,Нижний Новгород,01/01/24,25/01/24,66,1,3.0756944444444443,15776.76,one_time
2700,Казань,01/01/24,25/01/24,66,,,,inactive
2701,Саратов,01/01/24,25/01/24,66,,,,inactive
2702,Омск,01/01/24,25/01/24,66,1,6.221527777777778,12943.21,one_time
2703,Ростов-на-Дону,01/01/24,25/01/24,66,,,,inactive
2704,Нижний Новгород,01/01/24,25/01/24,66,,,,inactive
2705,Екатеринбург,01/01/24,25/01/24,66,,,,inactive
2706,Самара,01/01/24,25/01/24,66,,,,inactive
2707,Новосибирск,01/01/24,25/01/24,66,4,4.693923611111112,163070.5,regular
2708,Волгоград,01/01/24,25/01/24,66,,,,inactive
2709,Санкт-Петербург,01/01/24,25/01/24,66,,,,inactive
2710,Санкт-Петербург,01/01/24,25/01/24,66,,,,inactive
2711,Саратов,01/01/24,25/01/24,66,,,,inactive
2712,Челябинск,01/01/24,25/01/24,66,1,2.888888888888889,18258.09,one_time
2713,Пермь,01/01/24,25/01/24,66,1,5.592361111111111,5488.13,one_time
2714,Санкт-Петербург,01/01/24,25/01/24,66,,,,inactive
2715,Воронеж,01/01/24,25/01/24,66,,,,inactive
2716,Ростов-на-Дону,01/01/24,25/01/24,66,,,,inactive
2717,Нижний Новгород,01/01/24,25/01/24,66,2,5.321180555555555,70613.61,one_time
2718,Тольятти,01/01/24,25/01/24,66,1,7.499305555555556,32135.41,one_time
2719,Екатеринбург,01/01/24,25/01/24,66,,,,inactive
2720,Ижевск,01/01/24,25/01/24,66,,,,inactive
2721,Воронеж,01/01/24,25/01/24,66,,,,inactive
2722,Нижний Новгород,01/01/24,25/01/24,66,,,,inactive
2723,Санкт-Петербург,01/01/24,25/01/24,66,,,,inactive
2724,Волгоград,01/01/24,25/01/24,66,1,4.190277777777778,2924.28,one_time
2725,Казань,01/01/24,25/01/24,66,1,2.254166666666667,7782.75,one_time
2726,Тольятти,01/01/24,25/01/24,66,,,,inactive
2727,Самара,01/01/24,25/01/24,66,1,3.7569444444444446,51544.71,one_time
2728,Воронеж,01/01/24,25/01/24,66,,,,inactive
2729,Тюмень,01/01/24,25/01/24,66,,,,inactive
2730,Тюмень,01/01/24,25/01/24,66,1,3.1180555555555554,13270.62,one_time
2731,Челябинск,01/01/24,25/01/24,66,1,8.164583333333333,33180.7,one_time
2732,,01/01/24,25/01/24,66,,,,inactive
2733,Ростов-на-Дону,01/01/24,25/01/24,66,1,3.2715277777777776,2154.55,one_time
2734,Красноярск,01/01/24,25/01/24,66,,,,inactive
2735,Москва,01/01/24,25/01/24,66,1,7.102083333333334,31285.19,one_time
2736,Уфа,01/01/24,26/01/24,65,,,,inactive
2737,,01/01/24,26/01/24,65,,,,inactive
2738,Волгоград,01/01/24,26/01/24,65,1,8.986805555555556,12875.81,one_time
2739,Пермь,01/01/24,26/01/24,65,1,5.9840277777777775,42886.72,one_time
2740,Пермь,01/01/24,26/01/24,65,,,,inactive
2741,Ижевск,01/01/24,26/01/24,65,1,2.65625,91325.19,one_time
2742,Тольятти,01/01/24,26/01/24,65,,,,inactive
2743,Новосибирск,01/01/24,26/01/24,65,1,6.8180555555555555,34878.0,one_time
2744,Самара,01/01/24,26/01/24,65,,,,inactive
2745,Волгоград,01/01/24,26/01/24,65,1,3.8048611111111112,3068.35,one_time
2746,Ижевск,01/01/24,26/01/24,65,,,,inactive
2747,Москва,01/01/24,26/01/24,65,,,,inactive
2748,Красноярск,01/01/24,26/01/24,65,2,4.573958333333334,156998.98,one_time
2749,Саратов,01/01/24,26/01/24,65,1,5.926388888888889,162627.52,one_time
2750,Новосибирск,01/01/24,26/01/24,65,1,6.995833333333334,5236.88,one_time
2751,Казань,01/01/24,26/01/24,65,,,,inactive
2752,Тюмень,01/01/24,26/01/24,65,,,,inactive
2753,Красноярск,01/01/24,26/01/24,65,,,,inactive
2754,Красноярск,01/01/24,26/01/24,65,2,3.509375,37336.89,one_time
2755,Нижний Новгород,01/01/24,26/01/24,65,,,,inactive
2756,Пермь,01/01/24,26/01/24,65,,,,inactive
2757,Новосибирск,01/01/24,26/01/24,65,,,,inactive
2758,Казань,01/01/24,26/01/24,65,,,,inactive
2759,Новосибирск,01/01/24,26/01/24,65,1,5.875,53167.02,one_time
2760,Санкт-Петербург,01/01/24,26/01/24,65,,,,inactive
2761,Екатеринбург,01/01/24,26/01/24,65,,,,inactive
2762,Ижевск,01/01/24,26/01/24,65,1,5.827083333333333,15227.58,one_time
2763,Ростов-на-Дону,01/01/24,26/01/24,65,,,,inactive
2764,Омск,01/01/24,26/01/24,65,1,5.772222222222222,16769.41,one_time
2765,Пермь,01/01/24,26/01/24,65,,,,inactive
2766,Москва,01/01/24,26/01/24,65,,,,inactive
2767,Воронеж,01/01/24,26/01/24,65,,,,inactive
2768,Ростов-на-Дону,01/01/24,26/01/24,65,,,,inactive
2769,Уфа,01/01/24,26/01/24,65,,,,inactive
2770,Новосибирск,01/01/24,26/01/24,65,,,,inactive
2771,Самара,01/01/24,26/01/24,65,,,,inactive
2772,Волгоград,01/01/24,26/01/24,65,,,,inactive
2773,Челябинск,01/01/24,26/01/24,65,,,,inactive
2774,Уфа,01/01/24,26/01/24,65,,,,inactive
2775,Тольятти,01/01/24,26/01/24,65,1,4.848611111111111,31927.96,one_time
2776,Москва,01/01/24,26/01/24,65,,,,inactive
2777,Санкт-Петербург,01/01/24,26/01/24,65,,,,inactive
2778,Тольятти,01/01/24,26/01/24,65,,,,inactive
2779,Санкт-Петербург,01/01/24,26/01/24,65,,,,inactive
2780,Челябинск,01/01/24,26/01/24,65,,,,inactive
2781,Новосибирск,01/01/24,26/01/24,65,2,4.695486111111111,97831.28,one_time
2782,Москва,01/01/24,26/01/24,65,1,7.20625,31502.98,one_time
2783,Ростов-на-Дону,01/01/24,26/01/24,65,,,,inactive
2784,Омск,01/01/24,26/01/24,65,1,4.789583333333334,92701.36,one_time
2785,Челябинск,01/01/24,26/01/24,65,,,,inactive
2786,Москва,01/01/24,26/01/24,65,,,,inactive
2787,Ростов-на-Дону,01/01/24,26/01/24,65,2,4.989583333333334,82414.59,one_time
2788,Пермь,01/01/24,26/01/24,65,,,,inactive
2789,Москва,01/01/24,26/01/24,65,1,3.0909722222222222,52615.21,one_time
2790,Краснодар,01/01/24,26/01/24,65,,,,inactive
2791,Тюмень,01/01/24,26/01/24,65,2,4.255208333333334,22667.15,one_time
2792,Челябинск,01/01/24,26/01/24,65,,,,inactive
2793,Санкт-Петербург,01/01/24,26/01/24,65,,,,inactive
2794,Москва,01/01/24,26/01/24,65,,,,inactive
2795,Ижевск,01/01/24,26/01/24,65,,,,inactive
2796,Екатеринбург,01/01/24,26/01/24,65,,,,inactive
2797,Ижевск,01/01/24,26/01/24,65,1,7.384027777777778,73780.1,one_time
2798,Воронеж,01/01/24,26/01/24,65,,,,inactive
2799,Тольятти,01/01/24,26/01/24,65,,,,inactive
2800,Омск,01/01/24,26/01/24,65,,,,inactive
2801,Самара,01/01/24,26/01/24,65,,,,inactive
2802,Краснодар,01/01/24,26/01/24,65,,,,inactive
2803,Новосибирск,01/01/24,26/01/24,65,,,,inactive
2804,Москва,01/01/24,26/01/24,65,1,1.5666666666666667,8470.88,one_time
2805,Самара,01/01/24,26/01/24,65,2,7.450347222222222,118659.06,one_time
2806,Омск,01/01/24,26/01/24,65,1,8.130555555555556,82416.02,one_time
2807,Екатеринбург,01/01/24,26/01/24,65,,,,inactive
2808,Пермь,01/01/24,26/01/24,65,,,,inactive
2809,Нижний Новгород,01/01/24,26/01/24,65,,,,inactive
2810,Казань,01/01/24,26/01/24,65,,,,inactive
2811,Ростов-на-Дону,01/01/24,26/01/24,65,,,,inactive
2812,Пермь,01/01/24,26/01/24,65,1,1.6569444444444446,44610.48,one_time
2813,Новосибирск,01/01/24,26/01/24,65,,,,inactive
2814,Санкт-Петербург,01/01/24,26/01/24,65,,,,inactive
2815,Пермь,01/01/24,26/01/24,65,,,,inactive
2816,Волгоград,01/01/24,26/01/24,65,1,5.191666666666666,5227.07,one_time
2817,Воронеж,01/01/24,26/01/24,65,1,3.088888888888889,89822.68,one_time
2818,Ростов-на-Дону,01/01/24,26/01/24,65,,,,inactive
2819,Ижевск,01/01/24,26/01/24,65,,,,inactive
2820,Москва,01/01/24,26/01/24,65,,,,inactive
2821,Пермь,01/01/24,26/01/24,65,,,,inactive
2822,Самара,01/01/24,26/01/24,65,1,2.073611111111111,16794.97,one_time
2823,Санкт-Петербург,01/01/24,26/01/24,65,,,,inactive
2824,Саратов,01/01/24,26/01/24,65,,,,inactive
2825,Ижевск,01/01/24,26/01/24,65,,,,inactive
2826,Казань,01/01/24,26/01/24,65,,,,inactive
2827,Ростов-на-Дону,01/01/24,26/01/24,65,,,,inactive
2828,Нижний Новгород,01/01/24,26/01/24,65,,,,inactive
2829,Ижевск,01/01/24,26/01/24,65,2,4.85,227682.79,one_time
2830,Красноярск,01/01/24,26/01/24,65,,,,inactive
2831,Санкт-Петербург,01/01/24,26/01/24,65,1,6.952083333333333,10607.36,one_time
2832,Челябинск,01/01/24,26/01/24,65,,,,inactive
2833,Ростов-на-Дону,01/01/24,26/01/24,65,1,0.9229166666666667,22910.4,one_time
2834,Казань,01/01/24,26/01/24,65,,,,inactive
2835,Краснодар,01/01/24,26/01/24,65,,,,inactive
2836,Новосибирск,01/01/24,26/01/24,65,1,7.460416666666666,62220.37,one_time
2837,Воронеж,01/01/24,26/01/24,65,,,,inactive
2838,,01/01/24,26/01/24,65,,,,inactive
2839,Казань,01/01/24,26/01/24,65,,,,inactive
2840,Ростов-на-Дону,01/01/24,26/01/24,65,1,1.6916666666666667,12485.47,one_time
2841,Саратов,01/01/24,26/01/24,65,,,,inactive
2842,Волгоград,01/01/24,26/01/24,65,,,,inactive
2843,Тюмень,01/01/24,26/01/24,65,1,3.8652777777777776,34824.91,one_time
2844,Нижний Новгород,01/01/24,26/01/24,65,,,,inactive
2845,Краснодар,01/01/24,26/01/24,65,,,,inactive
2846,Ростов-на-Дону,01/01/24,26/01/24,65,,,,inactive
2847,Челябинск,01/01/24,26/01/24,65,,,,inactive
2848,Тюмень,01/01/24,26/01/24,65,,,,inactive
2849,Пермь,01/01/24,26/01/24,65,,,,inactive
2850,Ростов-на-Дону,01/01/24,26/01/24,65,,,,inactive
2851,Омск,01/01/24,27/01/24,64,,,,inactive
2852,Казань,01/01/24,27/01/24,64,,,,inactive
2853,Ижевск,01/01/24,27/01/24,64,1,5.228472222222222,176329.36,one_time
2854,Тюмень,01/01/24,27/01/24,64,2,4.294097222222222,34571.93,one_time
2855,Новосибирск,01/01/24,27/01/24,64,,,,inactive
2856,Ростов-на-Дону,01/01/24,27/01/24,64,1,7.511111111111111,3049.58,one_time
2857,Ростов-на-Дону,01/01/24,27/01/24,64,1,2.877083333333333,550.92,one_time
2858,Челябинск,01/01/24,27/01/24,64,,,,inactive
2859,Самара,01/01/24,27/01/24,64,,,,inactive
2860,Волгоград,01/01/24,27/01/24,64,,,,inactive
2861,Воронеж,01/01/24,27/01/24,64,,,,inactive
2862,Казань,01/01/24,27/01/24,64,,,,inactive
2863,Красноярск,01/01/24,27/01/24,64,,,,inactive
2864,Уфа,01/01/24,27/01/24,64,1,4.1194444444444445,70990.58,one_time
2865,Казань,01/01/24,27/01/24,64,,,,inactive
2866,Екатеринбург,01/01/24,27/01/24,64,,,,inactive
2867,Волгоград,01/01/24,27/01/24,64,1,3.7083333333333335,103031.26,one_time
2868,Омск,01/01/24,27/01/24,64,1,4.840972222222222,17647.49,one_time
2869,Казань,01/01/24,27/01/24,64,,,,inactive
2870,Челябинск,01/01/24,27/01/24,64,,,,inactive
2871,Ижевск,01/01/24,27/01/24,64,,,,inactive
2872,Челябинск,01/01/24,27/01/24,64,,,,inactive
2873,Санкт-Петербург,01/01/24,27/01/24,64,,,,inactive
2874,Омск,01/01/24,27/01/24,64,1,4.554861111111111,46609.38,one_time
2875,Санкт-Петербург,01/01/24,27/01/24,64,,,,inactive
2876,Челябинск,01/01/24,27/01/24,64,1,5.060416666666667,1897.9,one_time
2877,Москва,01/01/24,27/01/24,64,,,,inactive
2878,Воронеж,01/01/24,27/01/24,64,,,,inactive
2879,Воронеж,01/01/24,27/01/24,64,2,2.6902777777777778,54095.78,one_time
2880,Воронеж,01/01/24,27/01/24,64,,,,inactive
2881,,01/01/24,27/01/24,64,1,8.091666666666667,31174.46,one_time
2882,Екатеринбург,01/01/24,27/01/24,64,,,,inactive
2883,Тольятти,01/01/24,27/01/24,64,,,,inactive
2884,Омск,01/01/24,27/01/24,64,,,,inactive
2885,Казань,01/01/24,27/01/24,64,,,,inactive
2886,Пермь,01/01/24,27/01/24,64,,,,inactive
2887,Красноярск,01/01/24,27/01/24,64,1,2.707638888888889,32224.78,one_time
2888,Тюмень,01/01/24,27/01/24,64,,,,inactive
2889,Екатеринбург,01/01/24,27/01/24,64,1,1.2173611111111111,24446.52,one_time
2890,Нижний Новгород,01/01/24,27/01/24,64,,,,inactive
2891,Воронеж,01/01/24,27/01/24,64,,,,inactive
2892,Ижевск,01/01/24,27/01/24,64,,,,inactive
2893,Пермь,01/01/24,27/01/24,64,,,,inactive
2894,Тольятти,01/01/24,27/01/24,64,1,7.30625,24476.28,one_time
2895,Санкт-Петербург,01/01/24,27/01/24,64,,,,inactive
2896,Новосибирск,01/01/24,27/01/24,64,,,,inactive
2897,Омск,01/01/24,27/01/24,64,1,5.438194444444444,14421.76,one_time
2898,Санкт-Петербург,01/01/24,27/01/24,64,,,,inactive
2899,Тольятти,01/01/24,27/01/24,64,,,,inactive
2900,Москва,01/01/24,27/01/24,64,,,,inactive
2901,Омск,01/01/24,27/01/24,64,,,,inactive
2902,Екатеринбург,01/01/24,27/01/24,64,,,,inactive
2903,Омск,01/01/24,27/01/24,64,,,,inactive
2904,Уфа,01/01/24,27/01/24,64,,,,inactive
2905,Ижевск,01/01/24,27/01/24,64,,,,inactive
2906,Тюмень,01/01/24,27/01/24,64,,,,inactive
2907,Тюмень,01/01/24,27/01/24,64,,,,inactive
2908,Тюмень,01/01/24,27/01/24,64,,,,inactive
2909,Тюмень,01/01/24,27/01/24,64,,,,inactive
2910,Новосибирск,01/01/24,27/01/24,64,,,,inactive
2911,Красноярск,01/01/24,27/01/24,64,,,,inactive
2912,Уфа,01/01/24,27/01/24,64,1,2.316666666666667,2489.51,one_time
2913,Пермь,01/01/24,27/01/24,64,1,7.696527777777778,6515.84,one_time
2914,Красноярск,01/01/24,27/01/24,64,1,6.541666666666667,11979.44,one_time
2915,Екатеринбург,01/01/24,27/01/24,64,2,5.619791666666666,30085.61,one_time
2916,Краснодар,01/01/24,27/01/24,64,,,,inactive
2917,Новосибирск,01/01/24,27/01/24,64,,,,inactive
2918,Самара,01/01/24,27/01/24,64,1,5.463888888888889,198736.36,one_time
2919,Ростов-на-Дону,01/01/24,27/01/24,64,,,,inactive
2920,Тольятти,01/01/24,27/01/24,64,,,,inactive
2921,Ростов-на-Дону,01/01/24,27/01/24,64,,,,inactive
2922,Уфа,01/01/24,27/01/24,64,,,,inactive
2923,Воронеж,01/01/24,27/01/24,64,,,,inactive
2924,Волгоград,01/01/24,27/01/24,64,1,4.89375,66680.9,one_time
2925,Тюмень,01/01/24,27/01/24,64,,,,inactive
2926,Санкт-Петербург,01/01/24,27/01/24,64,1,4.634722222222222,69154.44,one_time
2927,Казань,01/01/24,27/01/24,64,2,6.476041666666667,210450.86,one_time
2928,Воронеж,01/01/24,27/01/24,64,,,,inactive
2929,Красноярск,01/01/24,27/01/24,64,,,,inactive
2930,Воронеж,01/01/24,27/01/24,64,,,,inactive
2931,Санкт-Петербург,01/01/24,27/01/24,64,1,5.4118055555555555,28188.28,one_time
2932,Новосибирск,01/01/24,27/01/24,64,,,,inactive
2933,Уфа,01/01/24,27/01/24,64,1,2.0965277777777778,22055.26,one_time
2934,Санкт-Петербург,01/01/24,27/01/24,64,,,,inactive
2935,Пермь,01/01/24,27/01/24,64,,,,inactive
2936,Волгоград,01/01/24,27/01/24,64,1,6.7,98361.64,one_time
2937,Пермь,01/01/24,27/01/24,64,,,,inactive
2938,Краснодар,01/01/24,27/01/24,64,,,,inactive
2939,Саратов,01/01/24,27/01/24,64,,,,inactive
2940,Пермь,01/01/24,27/01/24,64,,,,inactive
2941,Тольятти,01/01/24,27/01/24,64,1,7.2,14993.48,one_time
2942,Пермь,01/01/24,27/01/24,64,,,,inactive
2943,Тюмень,01/01/24,27/01/24,64,,,,inactive
2944,Самара,01/01/24,27/01/24,64,,,,inactive
2945,Самара,01/01/24,27/01/24,64,,,,inactive
2946,Волгоград,01/01/24,27/01/24,64,,,,inactive
2947,Новосибирск,01/01/24,27/01/24,64,,,,inactive
2948,Нижний Новгород,01/01/24,27/01/24,64,,,,inactive
2949,Воронеж,01/01/24,27/01/24,64,1,4.363194444444445,33621.04,one_time
2950,Пермь,01/01/24,27/01/24,64,1,0.8215277777777777,26464.95,one_time
2951,Казань,01/01/24,27/01/24,64,,,,inactive
2952,Самара,01/01/24,27/01/24,64,,,,inactive
2953,Москва,01/01/24,27/01/24,64,,,,inactive
2954,Нижний Новгород,01/01/24,27/01/24,64,,,,inactive
2955,Москва,01/01/24,27/01/24,64,,,,inactive
2956,Нижний Новгород,01/01/24,27/01/24,64,,,,inactive
2957,Самара,01/01/24,27/01/24,64,,,,inactive
2958,Самара,01/01/24,27/01/24,64,,,,inactive
2959,Ижевск,01/01/24,27/01/24,64,,,,inactive
2960,Екатеринбург,01/01/24,27/01/24,64,,,,inactive
2961,Волгоград,01/01/24,27/01/24,64,,,,inactive
2962,Красноярск,01/01/24,27/01/24,64,,,,inactive
2963,Новосибирск,01/01/24,27/01/24,64,1,3.65625,30879.6,one_time
2964,Санкт-Петербург,01/01/24,27/01/24,64,,,,inactive
2965,Тольятти,01/01/24,27/01/24,64,,,,inactive
2966,Красноярск,01/01/24,27/01/24,64,,,,inactive
2967,Ижевск,01/01/24,27/01/24,64,,,,inactive
2968,Саратов,01/01/24,27/01/24,64,1,5.879166666666666,3228.35,one_time
2969,Красноярск,01/01/24,27/01/24,64,1,6.854861111111111,12146.99,one_time
2970,Нижний Новгород,01/01/24,28/01/24,63,1,2.2784722222222222,25301.47,one_time
2971,Уфа,01/01/24,28/01/24,63,,,,inactive
2972,Санкт-Петербург,01/01/24,28/01/24,63,,,,inactive
2973,Тольятти,01/01/24,28/01/24,63,1,3.9631944444444445,9596.95,one_time
2974,Самара,01/01/24,28/01/24,63,,,,inactive
2975,Волгоград,01/01/24,28/01/24,63,,,,inactive
2976,Москва,01/01/24,28/01/24,63,,,,inactive
2977,Ижевск,01/01/24,28/01/24,63,1,4.714583333333334,128767.82,one_time
2978,Саратов,01/01/24,28/01/24,63,2,4.635416666666666,123492.3,one_time
2979,Красноярск,01/01/24,28/01/24,63,,,,inactive
2980,Самара,01/01/24,28/01/24,63,1,3.3368055555555554,34600.06,one_time
2981,Краснодар,01/01/24,28/01/24,63,1,4.102777777777778,4925.38,one_time
2982,Саратов,01/01/24,28/01/24,63,1,6.376388888888889,78302.63,one_time
2983,Краснодар,01/01/24,28/01/24,63,,,,inactive
2984,Тольятти,01/01/24,28/01/24,63,1,2.417361111111111,41537.93,one_time
2985,Воронеж,01/01/24,28/01/24,63,,,,inactive
2986,Самара,01/01/24,28/01/24,63,2,0.9013888888888889,91748.22,one_time
2987,Екатеринбург,01/01/24,28/01/24,63,,,,inactive
2988,Уфа,01/01/24,28/01/24,63,1,4.513194444444444,21435.86,one_time
2989,Екатеринбург,01/01/24,28/01/24,63,,,,inactive
2990,Тюмень,01/01/24,28/01/24,63,,,,inactive
2991,Новосибирск,01/01/24,28/01/24,63,1,7.4743055555555555,11614.64,one_time
2992,Казань,01/01/24,28/01/24,63,,,,inactive
2993,Воронеж,01/01/24,28/01/24,63,,,,inactive
2994,Санкт-Петербург,01/01/24,28/01/24,63,,,,inactive
2995,Самара,01/01/24,28/01/24,63,,,,inactive
2996,Самара,01/01/24,28/01/24,63,1,2.5083333333333333,10405.22,one_time
2997,Тольятти,01/01/24,28/01/24,63,1,3.6708333333333334,78262.04,one_time
2998,Волгоград,01/01/24,28/01/24,63,,,,inactive
2999,Пермь,01/01/24,28/01/24,63,,,,inactive
3000,Ижевск,01/01/24,28/01/24,63,1,4.714583333333334,1959.71,one_time
3001,Красноярск,01/01/24,28/01/24,63,,,,inactive
3002,Челябинск,01/01/24,28/01/24,63,,,,inactive
3003,Ростов-на-Дону,01/01/24,28/01/24,63,2,4.667361111111111,93970.46,one_time
3004,Красноярск,01/01/24,28/01/24,63,2,4.174305555555556,66452.72,one_time
3005,Тольятти,01/01/24,28/01/24,63,,,,inactive
3006,Ижевск,01/01/24,28/01/24,63,,,,inactive
3007,Тюмень,01/01/24,28/01/24,63,1,6.534722222222222,87707.63,one_time
3008,Нижний Новгород,01/01/24,28/01/24,63,,,,inactive
3009,Нижний Новгород,01/01/24,28/01/24,63,2,4.329513888888888,145618.73,one_time
3010,Казань,01/01/24,28/01/24,63,,,,inactive
3011,Ижевск,01/01/24,28/01/24,63,,,,inactive
3012,Омск,01/01/24,28/01/24,63,,,,inactive
3013,Омск,01/01/24,28/01/24,63,,,,inactive
3014,Ижевск,01/01/24,28/01/24,63,1,4.0,394.1,one_time
3015,Челябинск,01/01/24,28/01/24,63,,,,inactive
3016,Казань,01/01/24,28/01/24,63,,,,inactive
3017,Москва,01/01/24,28/01/24,63,,,,inactive
3018,Красноярск,01/01/24,28/01/24,63,,,,inactive
3019,Самара,01/01/24,28/01/24,63,,,,inactive
3020,Нижний Новгород,01/01/24,28/01/24,63,,,,inactive
3021,Ижевск,01/01/24,28/01/24,63,,,,inactive
3022,Москва,01/01/24,28/01/24,63,,,,inactive
3023,Ростов-на-Дону,01/01/24,28/01/24,63,,,,inactive
3024,Воронеж,01/01/24,28/01/24,63,,,,inactive
3025,Нижний Новгород,01/01/24,28/01/24,63,,,,inactive
3026,Краснодар,01/01/24,28/01/24,63,,,,inactive
3027,Краснодар,01/01/24,28/01/24,63,1,7.572916666666667,23937.07,one_time
3028,Нижний Новгород,01/01/24,28/01/24,63,,,,inactive
3029,Краснодар,01/01/24,28/01/24,63,,,,inactive
3030,Ижевск,01/01/24,28/01/24,63,,,,inactive
3031,Тюмень,01/01/24,28/01/24,63,,,,inactive
3032,Краснодар,01/01/24,28/01/24,63,,,,inactive
3033,Волгоград,01/01/24,28/01/24,63,,,,inactive
3034,Волгоград,01/01/24,28/01/24,63,,,,inactive
3035,Санкт-Петербург,01/01/24,28/01/24,63,,,,inactive
3036,Красноярск,01/01/24,28/01/24,63,,,,inactive
3037,Санкт-Петербург,01/01/24,28/01/24,63,,,,inactive
3038,Москва,01/01/24,28/01/24,63,,,,inactive
3039,Нижний Новгород,01/01/24,28/01/24,63,,,,inactive
3040,Ростов-на-Дону,01/01/24,28/01/24,63,,,,inactive
3041,Красноярск,01/01/24,28/01/24,63,,,,inactive
3042,Пермь,01/01/24,28/01/24,63,,,,inactive
3043,Краснодар,01/01/24,28/01/24,63,,,,inactive
3044,Санкт-Петербург,01/01/24,28/01/24,63,,,,inactive
3045,Москва,01/01/24,28/01/24,63,1,2.8305555555555557,28685.58,one_time
3046,Самара,01/01/24,28/01/24,63,1,3.557638888888889,36556.79,one_time
3047,Уфа,01/01/24,28/01/24,63,,,,inactive
3048,Краснодар,01/01/24,28/01/24,63,,,,inactive
3049,Казань,01/01/24,28/01/24,63,,,,inactive
3050,Нижний Новгород,01/01/24,28/01/24,63,,,,inactive
3051,Новосибирск,01/01/24,28/01/24,63,,,,inactive
3052,Пермь,01/01/24,28/01/24,63,1,6.618055555555555,2263.83,one_time
3053,Екатеринбург,01/01/24,28/01/24,63,,,,inactive
3054,Тюмень,01/01/24,28/01/24,63,1,4.0,12370.66,one_time
3055,Ижевск,01/01/24,28/01/24,63,,,,inactive
3056,Тюмень,01/01/24,28/01/24,63,,,,inactive
3057,Самара,01/01/24,28/01/24,63,,,,inactive
3058,Пермь,01/01/24,28/01/24,63,,,,inactive
3059,Самара,01/01/24,28/01/24,63,,,,inactive
3060,Челябинск,01/01/24,28/01/24,63,1,7.267361111111111,6343.08,one_time
3061,Москва,01/01/24,28/01/24,63,,,,inactive
3062,Ижевск,01/01/24,28/01/24,63,,,,inactive
3063,Ростов-на-Дону,01/01/24,28/01/24,63,,,,inactive
3064,Казань,01/01/24,28/01/24,63,2,2.420138888888889,32995.58,one_time
3065,Тольятти,01/01/24,28/01/24,63,2,4.938194444444444,89765.42,one_time
3066,Уфа,01/01/24,28/01/24,63,2,5.614236111111111,79380.5,one_time
3067,Нижний Новгород,01/01/24,28/01/24,63,,,,inactive
3068,Казань,01/01/24,28/01/24,63,,,,inactive
3069,Ижевск,01/01/24,29/01/24,62,1,1.007638888888889,23116.28,one_time
3070,Воронеж,01/01/24,29/01/24,62,3,4.374537037037038,203365.12,regular
3071,Челябинск,01/01/24,29/01/24,62,,,,inactive
3072,Челябинск,01/01/24,29/01/24,62,,,,inactive
3073,Санкт-Петербург,01/01/24,29/01/24,62,1,0.9291666666666667,10164.46,one_time
3074,Красноярск,01/01/24,29/01/24,62,,,,inactive
3075,Новосибирск,01/01/24,29/01/24,62,,,,inactive
3076,Ижевск,01/01/24,29/01/24,62,1,6.146527777777778,46263.79,one_time
3077,Краснодар,01/01/24,29/01/24,62,2,3.2659722222222225,62034.34,one_time
3078,Ижевск,01/01/24,29/01/24,62,,,,inactive
3079,Воронеж,01/01/24,29/01/24,62,1,6.166666666666667,6909.48,one_time
3080,Красноярск,01/01/24,29/01/24,62,1,5.730555555555555,66410.7,one_time
3081,Краснодар,01/01/24,29/01/24,62,,,,inactive
3082,Воронеж,01/01/24,29/01/24,62,1,5.347222222222222,12685.35,one_time
3083,Тольятти,01/01/24,29/01/24,62,,,,inactive
3084,Тюмень,01/01/24,29/01/24,62,,,,inactive
3085,Ижевск,01/01/24,29/01/24,62,2,3.1690972222222222,116730.33,one_time
3086,Казань,01/01/24,29/01/24,62,,,,inactive
3087,Тольятти,01/01/24,29/01/24,62,,,,inactive
3088,Волгоград,01/01/24,29/01/24,62,,,,inactive
3089,Омск,01/01/24,29/01/24,62,1,6.179166666666666,65675.01,one_time
3090,Самара,01/01/24,29/01/24,62,,,,inactive
3091,Ростов-на-Дону,01/01/24,29/01/24,62,,,,inactive
3092,Красноярск,01/01/24,29/01/24,62,1,2.6881944444444446,139249.16,one_time
3093,Москва,01/01/24,29/01/24,62,,,,inactive
3094,Красноярск,01/01/24,29/01/24,62,,,,inactive
3095,Красноярск,01/01/24,29/01/24,62,,,,inactive
3096,Саратов,01/01/24,29/01/24,62,,,,inactive
3097,Краснодар,01/01/24,29/01/24,62,,,,inactive
3098,Санкт-Петербург,01/01/24,29/01/24,62,,,,inactive
3099,Тюмень,01/01/24,29/01/24,62,,,,inactive
3100,Екатеринбург,01/01/24,29/01/24,62,,,,inactive
3101,Красноярск,01/01/24,29/01/24,62,,,,inactive
3102,Тюмень,01/01/24,29/01/24,62,,,,inactive
3103,Казань,01/01/24,29/01/24,62,,,,inactive
3104,Уфа,01/01/24,29/01/24,62,,,,inactive
3105,Красноярск,01/01/24,29/01/24,62,2,3.627083333333333,62445.07,one_time
3106,Тольятти,01/01/24,29/01/24,62,,,,inactive
3107,Краснодар,01/01/24,29/01/24,62,,,,inactive
3108,Нижний Новгород,01/01/24,29/01/24,62,,,,inactive
3109,Казань,01/01/24,29/01/24,62,1,3.720833333333333,29145.05,one_time
3110,Пермь,01/01/24,29/01/24,62,,,,inactive
3111,Краснодар,01/01/24,29/01/24,62,,,,inactive
3112,,01/01/24,29/01/24,62,,,,inactive
3113,Екатеринбург,01/01/24,29/01/24,62,1,3.3041666666666667,123027.87,one_time
3114,Самара,01/01/24,29/01/24,62,,,,inactive
3115,Екатеринбург,01/01/24,29/01/24,62,1,6.981944444444444,3310.42,one_time
3116,Красноярск,01/01/24,29/01/24,62,,,,inactive
3117,Пермь,01/01/24,29/01/24,62,,,,inactive
3118,Москва,01/01/24,29/01/24,62,,,,inactive
3119,Воронеж,01/01/24,29/01/24,62,1,4.7131944444444445,24507.76,one_time
3120,Волгоград,01/01/24,29/01/24,62,,,,inactive
3121,Екатеринбург,01/01/24,29/01/24,62,,,,inactive
3122,Тольятти,01/01/24,29/01/24,62,2,4.842708333333333,46269.6,one_time
3123,Волгоград,01/01/24,29/01/24,62,2,6.190625000000001,24135.93,one_time
3124,Ижевск,01/01/24,29/01/24,62,,,,inactive
3125,Казань,01/01/24,29/01/24,62,,,,inactive
3126,Саратов,01/01/24,29/01/24,62,2,4.451041666666667,75687.62,one_time
3127,Пермь,01/01/24,29/01/24,62,,,,inactive
3128,Краснодар,01/01/24,29/01/24,62,,,,inactive
3129,Нижний Новгород,01/01/24,29/01/24,62,,,,inactive
3130,Тюмень,01/01/24,29/01/24,62,,,,inactive
3131,Самара,01/01/24,29/01/24,62,1,6.697222222222222,14360.48,one_time
3132,Санкт-Петербург,01/01/24,29/01/24,62,,,,inactive
3133,Нижний Новгород,01/01/24,29/01/24,62,,,,inactive
3134,Екатеринбург,01/01/24,29/01/24,62,,,,inactive
3135,Саратов,01/01/24,29/01/24,62,,,,inactive
3136,Нижний Новгород,01/01/24,29/01/24,62,1,4.679861111111111,64658.84,one_time
3137,Волгоград,01/01/24,29/01/24,62,,,,inactive
3138,Санкт-Петербург,01/01/24,29/01/24,62,,,,inactive
3139,Тольятти,01/01/24,29/01/24,62,,,,inactive
3140,Воронеж,01/01/24,29/01/24,62,1,5.929861111111111,83873.39,one_time
3141,Екатеринбург,01/01/24,29/01/24,62,,,,inactive
3142,Волгоград,01/01/24,29/01/24,62,,,,inactive
3143,Москва,01/01/24,29/01/24,62,,,,inactive
3144,Саратов,01/01/24,29/01/24,62,,,,inactive
3145,Самара,01/01/24,29/01/24,62,,,,inactive
3146,Новосибирск,01/01/24,29/01/24,62,,,,inactive
3147,Пермь,01/01/24,29/01/24,62,,,,inactive
3148,Уфа,01/01/24,29/01/24,62,,,,inactive
3149,Саратов,01/01/24,29/01/24,62,,,,inactive
3150,Краснодар,01/01/24,29/01/24,62,2,4.699652777777778,82382.77,one_time
3151,Уфа,01/01/24,29/01/24,62,,,,inactive
3152,Санкт-Петербург,01/01/24,29/01/24,62,,,,inactive
3153,Санкт-Петербург,01/01/24,29/01/24,62,,,,inactive
3154,Пермь,01/01/24,29/01/24,62,,,,inactive
3155,Уфа,01/01/24,29/01/24,62,,,,inactive
3156,Уфа,01/01/24,29/01/24,62,,,,inactive
3157,Волгоград,01/01/24,29/01/24,62,,,,inactive
3158,Казань,01/01/24,29/01/24,62,,,,inactive
3159,Краснодар,01/01/24,29/01/24,62,,,,inactive
3160,Самара,01/01/24,29/01/24,62,,,,inactive
3161,Новосибирск,01/01/24,29/01/24,62,,,,inactive
3162,Ижевск,01/01/24,29/01/24,62,,,,inactive
3163,Саратов,01/01/24,29/01/24,62,,,,inactive
3164,Санкт-Петербург,01/01/24,29/01/24,62,,,,inactive
3165,Самара,01/01/24,29/01/24,62,,,,inactive
3166,Казань,01/01/24,29/01/24,62,1,7.256944444444445,17660.61,one_time
3167,Нижний Новгород,01/01/24,29/01/24,62,,,,inactive
3168,Ижевск,01/01/24,29/01/24,62,1,5.908333333333333,9259.65,one_time
3169,Нижний Новгород,01/01/24,29/01/24,62,,,,inactive
3170,Санкт-Петербург,01/01/24,29/01/24,62,,,,inactive
3171,Санкт-Петербург,01/01/24,29/01/24,62,,,,inactive
3172,Казань,01/01/24,29/01/24,62,,,,inactive
3173,,01/01/24,29/01/24,62,1,3.667361111111111,74571.57,one_time
3174,Москва,01/01/24,29/01/24,62,1,3.5395833333333333,84621.06,one_time
3175,Ростов-на-Дону,01/01/24,29/01/24,62,,,,inactive
3176,Тольятти,01/01/24,29/01/24,62,,,,inactive
3177,Новосибирск,01/01/24,29/01/24,62,,,,inactive
3178,Омск,01/01/24,29/01/24,62,3,4.165972222222222,74851.51,regular
3179,Краснодар,01/01/24,29/01/24,62,1,8.2375,19805.8,one_time
3180,Уфа,01/01/24,29/01/24,62,2,5.7965277777777775,150194.05,one_time
3181,Тюмень,01/01/24,30/01/24,61,,,,inactive
3182,Красноярск,01/01/24,30/01/24,61,1,3.5770833333333334,35424.8,one_time
3183,Уфа,01/01/24,30/01/24,61,,,,inactive
3184,Новосибирск,01/01/24,30/01/24,61,,,,inactive
3185,Пермь,01/01/24,30/01/24,61,,,,inactive
3186,Саратов,01/01/24,30/01/24,61,,,,inactive
3187,Тюмень,01/01/24,30/01/24,61,,,,inactive
3188,Ижевск,01/01/24,30/01/24,61,1,5.845833333333333,9098.91,one_time
3189,Волгоград,01/01/24,30/01/24,61,,,,inactive
3190,Москва,01/01/24,30/01/24,61,,,,inactive
3191,Ростов-на-Дону,01/01/24,30/01/24,61,,,,inactive
3192,Екатеринбург,01/01/24,30/01/24,61,,,,inactive
3193,Омск,01/01/24,30/01/24,61,,,,inactive
3194,Ростов-на-Дону,01/01/24,30/01/24,61,,,,inactive
3195,Саратов,01/01/24,30/01/24,61,,,,inactive
3196,Ростов-на-Дону,01/01/24,30/01/24,61,,,,inactive
3197,Саратов,01/01/24,30/01/24,61,,,,inactive
3198,Омск,01/01/24,30/01/24,61,1,5.545138888888889,122515.72,one_time
3199,Челябинск,01/01/24,30/01/24,61,,,,inactive
3200,Новосибирск,01/01/24,30/01/24,61,,,,inactive
3201,Ижевск,01/01/24,30/01/24,61,1,5.197222222222222,23837.49,one_time
3202,Красноярск,01/01/24,30/01/24,61,,,,inactive
3203,Челябинск,01/01/24,30/01/24,61,,,,inactive
3204,Пермь,01/01/24,30/01/24,61,1,5.153472222222222,221677.95,one_time
3205,Челябинск,01/01/24,30/01/24,61,3,5.769907407407406,137924.68,regular
3206,Воронеж,01/01/24,30/01/24,61,,,,inactive
3207,Волгоград,01/01/24,30/01/24,61,2,4.850347222222222,48871.41,one_time
3208,Пермь,01/01/24,30/01/24,61,1,3.4166666666666665,21132.38,one_time
3209,Екатеринбург,01/01/24,30/01/24,61,,,,inactive
3210,Самара,01/01/24,30/01/24,61,1,4.7625,9437.85,one_time
3211,Нижний Новгород,01/01/24,30/01/24,61,1,2.240972222222222,15598.14,one_time
3212,Самара,01/01/24,30/01/24,61,,,,inactive
3213,Пермь,01/01/24,30/01/24,61,,,,inactive
3214,Челябинск,01/01/24,30/01/24,61,,,,inactive
3215,,01/01/24,30/01/24,61,,,,inactive
3216,Краснодар,01/01/24,30/01/24,61,,,,inactive
3217,Новосибирск,01/01/24,30/01/24,61,,,,inactive
3218,Новосибирск,01/01/24,30/01/24,61,,,,inactive
3219,Краснодар,01/01/24,30/01/24,61,,,,inactive
3220,Тюмень,01/01/24,30/01/24,61,,,,inactive
3221,Казань,01/01/24,30/01/24,61,,,,inactive
3222,Ростов-на-Дону,01/01/24,30/01/24,61,,,,inactive
3223,,01/01/24,30/01/24,61,,,,inactive
3224,Саратов,01/01/24,30/01/24,61,,,,inactive
3225,Самара,01/01/24,30/01/24,61,,,,inactive
3226,Екатеринбург,01/01/24,30/01/24,61,,,,inactive
3227,Воронеж,01/01/24,30/01/24,61,,,,inactive
3228,Тюмень,01/01/24,30/01/24,61,,,,inactive
3229,Самара,01/01/24,30/01/24,61,,,,inactive
3230,Ростов-на-Дону,01/01/24,30/01/24,61,,,,inactive
3231,Тюмень,01/01/24,30/01/24,61,,,,inactive
3232,Санкт-Петербург,01/01/24,30/01/24,61,,,,inactive
3233,Новосибирск,01/01/24,30/01/24,61,,,,inactive
3234,Казань,01/01/24,30/01/24,61,,,,inactive
3235,Красноярск,01/01/24,30/01/24,61,,,,inactive
3236,Санкт-Петербург,01/01/24,30/01/24,61,3,3.965509259259259,194168.11,regular
3237,Тюмень,01/01/24,30/01/24,61,,,,inactive
3238,Екатеринбург,01/01/24,30/01/24,61,,,,inactive
3239,Казань,01/01/24,30/01/24,61,,,,inactive
3240,Самара,01/01/24,30/01/24,61,,,,inactive
3241,Уфа,01/01/24,30/01/24,61,,,,inactive
3242,Волгоград,01/01/24,30/01/24,61,,,,inactive
3243,Саратов,01/01/24,30/01/24,61,,,,inactive
3244,Краснодар,01/01/24,30/01/24,61,,,,inactive
3245,Нижний Новгород,01/01/24,30/01/24,61,,,,inactive
3246,Омск,01/01/24,30/01/24,61,1,4.0,29590.46,one_time
3247,Уфа,01/01/24,30/01/24,61,1,6.569444444444445,17730.03,one_time
3248,Тольятти,01/01/24,30/01/24,61,1,5.752777777777778,53153.86,one_time
3249,Москва,01/01/24,30/01/24,61,,,,inactive
3250,Ижевск,01/01/24,30/01/24,61,,,,inactive
3251,Воронеж,01/01/24,30/01/24,61,1,3.772222222222222,44356.06,one_time
3252,Омск,01/01/24,30/01/24,61,,,,inactive
3253,Тюмень,01/01/24,30/01/24,61,,,,inactive
3254,Саратов,01/01/24,30/01/24,61,,,,inactive
3255,Ростов-на-Дону,01/01/24,30/01/24,61,1,2.191666666666667,19368.87,one_time
3256,Красноярск,01/01/24,30/01/24,61,1,9.268055555555556,38024.17,one_time
3257,Тюмень,01/01/24,30/01/24,61,,,,inactive
3258,Екатеринбург,01/01/24,30/01/24,61,,,,inactive
3259,Ижевск,01/01/24,30/01/24,61,,,,inactive
3260,Омск,01/01/24,30/01/24,61,,,,inactive
3261,Саратов,01/01/24,30/01/24,61,,,,inactive
3262,Уфа,01/01/24,30/01/24,61,1,2.922222222222222,11315.86,one_time
3263,Саратов,01/01/24,30/01/24,61,,,,inactive
3264,Воронеж,01/01/24,30/01/24,61,,,,inactive
3265,Омск,01/01/24,30/01/24,61,,,,inactive
3266,Казань,01/01/24,30/01/24,61,1,1.757638888888889,24143.11,one_time
3267,Екатеринбург,01/01/24,30/01/24,61,,,,inactive
3268,Волгоград,01/01/24,30/01/24,61,,,,inactive
3269,Тольятти,01/01/24,30/01/24,61,,,,inactive
3270,Тольятти,01/01/24,30/01/24,61,,,,inactive
3271,Ижевск,01/01/24,30/01/24,61,,,,inactive
3272,Екатеринбург,01/01/24,30/01/24,61,,,,inactive
3273,Красноярск,01/01/24,30/01/24,61,1,6.386111111111111,235698.3,one_time
3274,Воронеж,01/01/24,30/01/24,61,,,,inactive
3275,Омск,01/01/24,30/01/24,61,,,,inactive
3276,Саратов,01/01/24,30/01/24,61,1,2.5027777777777778,62530.89,one_time
3277,Краснодар,01/01/24,30/01/24,61,,,,inactive
3278,Москва,01/01/24,30/01/24,61,,,,inactive
3279,Екатеринбург,01/01/24,30/01/24,61,,,,inactive
3280,Краснодар,01/01/24,30/01/24,61,,,,inactive
3281,Омск,01/01/24,30/01/24,61,,,,inactive
3282,Екатеринбург,01/01/24,30/01/24,61,,,,inactive
3283,Ростов-на-Дону,01/01/24,30/01/24,61,,,,inactive
3284,Красноярск,01/01/24,30/01/24,61,,,,inactive
3285,Челябинск,01/01/24,30/01/24,61,,,,inactive
3286,Москва,01/01/24,30/01/24,61,,,,inactive
3287,Уфа,01/01/24,30/01/24,61,,,,inactive
3288,Волгоград,01/01/24,30/01/24,61,,,,inactive
3289,Екатеринбург,01/01/24,30/01/24,61,,,,inactive
3290,Волгоград,01/01/24,30/01/24,61,,,,inactive
3291,Самара,01/01/24,30/01/24,61,1,2.542361111111111,56285.05,one_time
3292,Челябинск,01/01/24,31/01/24,60,,,,inactive
3293,Ижевск,01/01/24,31/01/24,60,1,4.525,34955.61,one_time
3294,Омск,01/01/24,31/01/24,60,,,,inactive
3295,Воронеж,01/01/24,31/01/24,60,,,,inactive
3296,Тольятти,01/01/24,31/01/24,60,,,,inactive
3297,Ижевск,01/01/24,31/01/24,60,,,,inactive
3298,,01/01/24,31/01/24,60,,,,inactive
3299,Ижевск,01/01/24,31/01/24,60,1,3.4618055555555554,34978.46,one_time
3300,Челябинск,01/01/24,31/01/24,60,,,,inactive
3301,Пермь,01/01/24,31/01/24,60,2,2.1559027777777775,170537.88,one_time
3302,Самара,01/01/24,31/01/24,60,,,,inactive
3303,Краснодар,01/01/24,31/01/24,60,,,,inactive
3304,Краснодар,01/01/24,31/01/24,60,,,,inactive
3305,Москва,01/01/24,31/01/24,60,,,,inactive
3306,Челябинск,01/01/24,31/01/24,60,,,,inactive
3307,Воронеж,01/01/24,31/01/24,60,1,6.579861111111111,38259.6,one_time
3308,Санкт-Петербург,01/01/24,31/01/24,60,,,,inactive
3309,Новосибирск,01/01/24,31/01/24,60,,,,inactive
3310,Ростов-на-Дону,01/01/24,31/01/24,60,,,,inactive
3311,Тольятти,01/01/24,31/01/24,60,3,4.384722222222222,198111.64,regular
3312,Новосибирск,01/01/24,31/01/24,60,,,,inactive
3313,Ижевск,01/01/24,31/01/24,60,1,3.1555555555555554,120948.38,one_time
3314,Тольятти,01/01/24,31/01/24,60,,,,inactive
3315,Новосибирск,01/01/24,31/01/24,60,,,,inactive
3316,Нижний Новгород,01/01/24,31/01/24,60,,,,inactive
3317,Красноярск,01/01/24,31/01/24,60,,,,inactive
3318,Пермь,01/01/24,31/01/24,60,,,,inactive
3319,Челябинск,01/01/24,31/01/24,60,,,,inactive
3320,Челябинск,01/01/24,31/01/24,60,2,4.331944444444444,43401.58,one_time
3321,Омск,01/01/24,31/01/24,60,,,,inactive
3322,Челябинск,01/01/24,31/01/24,60,1,2.057638888888889,134118.22,one_time
3323,Самара,01/01/24,31/01/24,60,1,9.014583333333333,14733.01,one_time
3324,Челябинск,01/01/24,31/01/24,60,1,3.525,72180.75,one_time
3325,Тюмень,01/01/24,31/01/24,60,,,,inactive
3326,,01/01/24,31/01/24,60,1,6.075,8477.13,one_time
3327,Воронеж,01/01/24,31/01/24,60,,,,inactive
3328,Саратов,01/01/24,31/01/24,60,2,3.4302083333333333,69503.7,one_time
3329,Волгоград,01/01/24,31/01/24,60,,,,inactive
3330,Нижний Новгород,01/01/24,31/01/24,60,,,,inactive
3331,Екатеринбург,01/01/24,31/01/24,60,,,,inactive
3332,Краснодар,01/01/24,31/01/24,60,,,,inactive
3333,Волгоград,01/01/24,31/01/24,60,1,5.583333333333333,6627.46,one_time
3334,Самара,01/01/24,31/01/24,60,,,,inactive
3335,Краснодар,01/01/24,31/01/24,60,2,4.284722222222222,186594.29,one_time
3336,Красноярск,01/01/24,31/01/24,60,,,,inactive
3337,Краснодар,01/01/24,31/01/24,60,3,2.940740740740741,36312.39,regular
3338,Красноярск,01/01/24,31/01/24,60,,,,inactive
3339,Уфа,01/01/24,31/01/24,60,1,4.022916666666666,31301.7,one_time
3340,Ростов-на-Дону,01/01/24,31/01/24,60,,,,inactive
3341,Казань,01/01/24,31/01/24,60,1,1.5305555555555554,27418.2,one_time
3342,Нижний Новгород,01/01/24,31/01/24,60,,,,inactive
3343,Ростов-на-Дону,01/01/24,31/01/24,60,1,6.247916666666667,20355.42,one_time
3344,Тольятти,01/01/24,31/01/24,60,,,,inactive
3345,Челябинск,01/01/24,31/01/24,60,,,,inactive
3346,Новосибирск,01/01/24,31/01/24,60,,,,inactive
3347,Омск,01/01/24,31/01/24,60,1,8.177777777777777,141513.15,one_time
3348,Санкт-Петербург,01/01/24,31/01/24,60,,,,inactive
3349,Омск,01/01/24,31/01/24,60,,,,inactive
3350,Ростов-на-Дону,01/01/24,31/01/24,60,2,3.446527777777778,100229.25,one_time
3351,Екатеринбург,01/01/24,31/01/24,60,1,8.024305555555555,111858.7,one_time
3352,Нижний Новгород,01/01/24,31/01/24,60,1,5.016666666666667,15219.71,one_time
3353,Ростов-на-Дону,01/01/24,31/01/24,60,1,3.1881944444444446,13076.5,one_time
3354,Красноярск,01/01/24,31/01/24,60,,,,inactive
3355,Челябинск,01/01/24,31/01/24,60,,,,inactive
3356,Красноярск,01/01/24,31/01/24,60,,,,inactive
3357,Челябинск,01/01/24,31/01/24,60,,,,inactive
3358,Новосибирск,01/01/24,31/01/24,60,,,,inactive
3359,Красноярск,01/01/24,31/01/24,60,,,,inactive
3360,Волгоград,01/01/24,31/01/24,60,,,,inactive
3361,Ижевск,01/01/24,31/01/24,60,,,,inactive
3362,Тюмень,01/01/24,31/01/24,60,1,5.4375,16666.11,one_time
3363,Новосибирск,01/01/24,31/01/24,60,1,4.832638888888889,511.42,one_time
3364,Санкт-Петербург,01/01/24,31/01/24,60,,,,inactive
3365,Пермь,01/01/24,31/01/24,60,,,,inactive
3366,Краснодар,01/01/24,31/01/24,60,,,,inactive
3367,Санкт-Петербург,01/01/24,31/01/24,60,1,3.88125,70311.97,one_time
3368,Тюмень,01/01/24,31/01/24,60,2,5.455555555555556,50777.94,one_time
3369,Красноярск,01/01/24,31/01/24,60,,,,inactive
3370,Тюмень,01/01/24,31/01/24,60,,,,inactive
3371,Новосибирск,01/01/24,31/01/24,60,,,,inactive
3372,Екатеринбург,01/01/24,31/01/24,60,,,,inactive
3373,Самара,01/01/24,31/01/24,60,,,,inactive
3374,Волгоград,01/01/24,31/01/24,60,,,,inactive
3375,Тольятти,01/01/24,31/01/24,60,,,,inactive
3376,Ростов-на-Дону,01/01/24,31/01/24,60,1,6.689583333333333,6162.79,one_time
3377,Воронеж,01/01/24,31/01/24,60,,,,inactive
3378,Тольятти,01/01/24,31/01/24,60,1,4.676388888888889,59671.69,one_time
3379,Волгоград,01/01/24,31/01/24,60,1,6.490972222222222,1013.85,one_time
3380,Ростов-на-Дону,01/01/24,31/01/24,60,,,,inactive
3381,Саратов,01/01/24,31/01/24,60,1,2.2444444444444445,64072.44,one_time
3382,Москва,01/01/24,31/01/24,60,,,,inactive
3383,Самара,01/01/24,31/01/24,60,,,,inactive
3384,Воронеж,01/01/24,31/01/24,60,,,,inactive
3385,Воронеж,01/01/24,31/01/24,60,,,,inactive
3386,Екатеринбург,01/01/24,31/01/24,60,1,8.042361111111111,18401.29,one_time
3387,Омск,01/01/24,31/01/24,60,1,2.807638888888889,35125.4,one_time
3388,Москва,01/01/24,31/01/24,60,,,,inactive
3389,Казань,01/01/24,31/01/24,60,1,5.479861111111111,32130.05,one_time
3390,Санкт-Петербург,01/01/24,31/01/24,60,,,,inactive
3391,Уфа,01/01/24,31/01/24,60,2,4.4267361111111105,57475.14,one_time
3392,Нижний Новгород,01/01/24,31/01/24,60,,,,inactive
3393,Санкт-Петербург,01/01/24,31/01/24,60,,,,inactive
3394,Тольятти,01/01/24,31/01/24,60,,,,inactive
3395,Челябинск,01/01/24,31/01/24,60,,,,inactive
3396,Уфа,01/01/24,31/01/24,60,,,,inactive
3397,Екатеринбург,01/01/24,31/01/24,60,2,3.7927083333333336,71531.5,one_time
3398,Тюмень,01/01/24,31/01/24,60,,,,inactive
3399,Пермь,01/01/24,31/01/24,60,,,,inactive
3400,Санкт-Петербург,01/01/24,31/01/24,60,,,,inactive
3401,Ижевск,01/01/24,31/01/24,60,,,,inactive
3402,Казань,01/01/24,31/01/24,60,,,,inactive
3403,Тольятти,01/01/24,31/01/24,60,3,6.399537037037038,84991.83,regular
3404,Воронеж,01/01/24,31/01/24,60,,,,inactive
3405,Нижний Новгород,01/01/24,31/01/24,60,,,,inactive
3406,Новосибирск,01/01/24,31/01/24,60,1,1.8979166666666667,16084.3,one_time
3407,Саратов,01/01/24,31/01/24,60,,,,inactive
3408,Тюмень,01/01/24,31/01/24,60,,,,inactive
3409,Москва,01/01/24,31/01/24,60,,,,inactive
3410,Пермь,01/01/24,31/01/24,60,1,5.947222222222222,32441.91,one_time
3411,,01/01/24,31/01/24,60,,,,inactive
3412,Ростов-на-Дону,01/01/24,31/01/24,60,,,,inactive
3413,Челябинск,01/02/24,01/02/24,59,1,5.627777777777778,1455.09,one_time
3414,Краснодар,01/02/24,01/02/24,59,,,,inactive
3415,Краснодар,01/02/24,01/02/24,59,2,5.240277777777778,23794.6,one_time
3416,Уфа,01/02/24,01/02/24,59,1,3.0194444444444444,7103.59,one_time
3417,Нижний Новгород,01/02/24,01/02/24,59,1,3.5881944444444445,34210.54,one_time
3418,Саратов,01/02/24,01/02/24,59,,,,inactive
3419,Уфа,01/02/24,01/02/24,59,,,,inactive
3420,Санкт-Петербург,01/02/24,01/02/24,59,,,,inactive
3421,Тольятти,01/02/24,01/02/24,59,,,,inactive
3422,Пермь,01/02/24,01/02/24,59,,,,inactive
3423,Красноярск,01/02/24,01/02/24,59,,,,inactive
3424,Челябинск,01/02/24,01/02/24,59,,,,inactive
3425,Красноярск,01/02/24,01/02/24,59,,,,inactive
3426,Краснодар,01/02/24,01/02/24,59,,,,inactive
3427,Волгоград,01/02/24,01/02/24,59,,,,inactive
3428,Челябинск,01/02/24,01/02/24,59,1,3.716666666666667,209350.13,one_time
3429,Санкт-Петербург,01/02/24,01/02/24,59,,,,inactive
3430,Саратов,01/02/24,01/02/24,59,,,,inactive
3431,Тюмень,01/02/24,01/02/24,59,1,1.0006944444444446,41082.7,one_time
3432,Самара,01/02/24,01/02/24,59,,,,inactive
3433,Волгоград,01/02/24,01/02/24,59,,,,inactive
3434,Нижний Новгород,01/02/24,01/02/24,59,,,,inactive
3435,Челябинск,01/02/24,01/02/24,59,,,,inactive
3436,Тольятти,01/02/24,01/02/24,59,,,,inactive
3437,Уфа,01/02/24,01/02/24,59,,,,inactive
3438,Красноярск,01/02/24,01/02/24,59,,,,inactive
3439,Красноярск,01/02/24,01/02/24,59,2,5.028819444444444,112919.32,one_time
3440,Краснодар,01/02/24,01/02/24,59,1,3.826388888888889,11111.76,one_time
3441,Екатеринбург,01/02/24,01/02/24,59,,,,inactive
3442,Ростов-на-Дону,01/02/24,01/02/24,59,1,5.373611111111111,102776.73,one_time
3443,Санкт-Петербург,01/02/24,01/02/24,59,,,,inactive
3444,Омск,01/02/24,01/02/24,59,,,,inactive
3445,Воронеж,01/02/24,01/02/24,59,,,,inactive
3446,Нижний Новгород,01/02/24,01/02/24,59,,,,inactive
3447,Красноярск,01/02/24,01/02/24,59,1,2.925,8156.89,one_time
3448,Ижевск,01/02/24,01/02/24,59,,,,inactive
3449,Нижний Новгород,01/02/24,01/02/24,59,1,1.6229166666666666,73091.6,one_time
3450,Челябинск,01/02/24,01/02/24,59,,,,inactive
3451,Краснодар,01/02/24,01/02/24,59,,,,inactive
3452,Санкт-Петербург,01/02/24,01/02/24,59,,,,inactive
3453,Уфа,01/02/24,01/02/24,59,1,1.4395833333333334,28603.06,one_time
3454,Ижевск,01/02/24,01/02/24,59,1,3.9590277777777776,1152.6,one_time
3455,Воронеж,01/02/24,01/02/24,59,,,,inactive
3456,Уфа,01/02/24,01/02/24,59,,,,inactive
3457,Краснодар,01/02/24,01/02/24,59,,,,inactive
3458,Саратов,01/02/24,01/02/24,59,,,,inactive
3459,Краснодар,01/02/24,01/02/24,59,1,5.2131944444444445,24089.66,one_time
3460,Волгоград,01/02/24,01/02/24,59,1,4.30625,52714.92,one_time
3461,Пермь,01/02/24,01/02/24,59,,,,inactive
3462,Ижевск,01/02/24,01/02/24,59,1,5.134722222222222,78281.33,one_time
3463,Воронеж,01/02/24,01/02/24,59,,,,inactive
3464,Тольятти,01/02/24,01/02/24,59,2,6.600694444444445,152155.31,one_time
3465,Самара,01/02/24,01/02/24,59,,,,inactive
3466,Воронеж,01/02/24,01/02/24,59,,,,inactive
3467,Краснодар,01/02/24,01/02/24,59,,,,inactive
3468,Ижевск,01/02/24,01/02/24,59,,,,inactive
3469,Новосибирск,01/02/24,01/02/24,59,,,,inactive
3470,Самара,01/02/24,01/02/24,59,,,,inactive
3471,Уфа,01/02/24,01/02/24,59,,,,inactive
3472,Красноярск,01/02/24,01/02/24,59,,,,inactive
3473,Саратов,01/02/24,01/02/24,59,,,,inactive
3474,Красноярск,01/02/24,01/02/24,59,1,4.949305555555555,13552.7,one_time
3475,Самара,01/02/24,01/02/24,59,,,,inactive
3476,Тольятти,01/02/24,01/02/24,59,4,4.087673611111111,155638.32,regular
3477,Краснодар,01/02/24,01/02/24,59,1,7.600694444444445,75704.17,one_time
3478,Волгоград,01/02/24,01/02/24,59,1,2.58125,36051.61,one_time
3479,Тюмень,01/02/24,01/02/24,59,2,4.364583333333334,27361.4,one_time
3480,Самара,01/02/24,01/02/24,59,1,3.6395833333333334,78509.87,one_time
3481,Казань,01/02/24,01/02/24,59,,,,inactive
3482,Санкт-Петербург,01/02/24,01/02/24,59,,,,inactive
3483,Екатеринбург,01/02/24,01/02/24,59,,,,inactive
3484,Красноярск,01/02/24,01/02/24,59,,,,inactive
3485,Тольятти,01/02/24,01/02/24,59,,,,inactive
3486,Тольятти,01/02/24,01/02/24,59,,,,inactive
3487,Тюмень,01/02/24,01/02/24,59,1,5.081944444444445,58687.2,one_time
3488,Краснодар,01/02/24,01/02/24,59,,,,inactive
3489,Саратов,01/02/24,01/02/24,59,1,7.529166666666667,844.26,one_time
3490,Санкт-Петербург,01/02/24,01/02/24,59,,,,inactive
3491,Саратов,01/02/24,01/02/24,59,,,,inactive
3492,Краснодар,01/02/24,01/02/24,59,1,1.2659722222222223,57547.87,one_time
3493,Тюмень,01/02/24,01/02/24,59,,,,inactive
3494,Москва,01/02/24,01/02/24,59,,,,inactive
3495,Челябинск,01/02/24,01/02/24,59,,,,inactive
3496,Ижевск,01/02/24,01/02/24,59,1,7.731944444444444,50407.67,one_time
3497,Нижний Новгород,01/02/24,01/02/24,59,,,,inactive
3498,Красноярск,01/02/24,01/02/24,59,1,6.646527777777778,83399.73,one_time
3499,Тольятти,01/02/24,01/02/24,59,2,4.817361111111111,56508.58,one_time
3500,Саратов,01/02/24,01/02/24,59,,,,inactive
3501,Казань,01/02/24,01/02/24,59,,,,inactive
3502,Самара,01/02/24,01/02/24,59,,,,inactive
3503,Тюмень,01/02/24,01/02/24,59,,,,inactive
3504,Москва,01/02/24,01/02/24,59,,,,inactive
3505,Нижний Новгород,01/02/24,01/02/24,59,,,,inactive
3506,Екатеринбург,01/02/24,01/02/24,59,,,,inactive
3507,Ижевск,01/02/24,01/02/24,59,,,,inactive
3508,Ижевск,01/02/24,01/02/24,59,,,,inactive
3509,Челябинск,01/02/24,01/02/24,59,,,,inactive
3510,Пермь,01/02/24,01/02/24,59,,,,inactive
3511,Уфа,01/02/24,01/02/24,59,,,,inactive
3512,Екатеринбург,01/02/24,01/02/24,59,1,4.356944444444444,2957.88,one_time
3513,Пермь,01/02/24,01/02/24,59,,,,inactive
3514,Пермь,01/02/24,01/02/24,59,,,,inactive
3515,Саратов,01/02/24,01/02/24,59,,,,inactive
3516,Ижевск,01/02/24,01/02/24,59,2,4.167013888888889,73704.88,one_time
3517,Нижний Новгород,01/02/24,01/02/24,59,,,,inactive
3518,Саратов,01/02/24,01/02/24,59,1,6.491666666666666,25906.77,one_time
3519,Саратов,01/02/24,01/02/24,59,,,,inactive
3520,Москва,01/02/24,01/02/24,59,,,,inactive
3521,Ростов-на-Дону,01/02/24,01/02/24,59,,,,inactive
3522,Саратов,01/02/24,01/02/24,59,,,,inactive
3523,Воронеж,01/02/24,01/02/24,59,,,,inactive
3524,Казань,01/02/24,01/02/24,59,,,,inactive
3525,Челябинск,01/02/24,01/02/24,59,,,,inactive
3526,Саратов,01/02/24,01/02/24,59,,,,inactive
3527,Омск,01/02/24,01/02/24,59,,,,inactive
3528,Тюмень,01/02/24,01/02/24,59,,,,inactive
3529,Санкт-Петербург,01/02/24,01/02/24,59,,,,inactive
3530,Пермь,01/02/24,01/02/24,59,,,,inactive
3531,Пермь,01/02/24,02/02/24,58,,,,inactive
3532,Волгоград,01/02/24,02/02/24,58,,,,inactive
3533,Волгоград,01/02/24,02/02/24,58,,,,inactive
3534,Красноярск,01/02/24,02/02/24,58,,,,inactive
3535,Ростов-на-Дону,01/02/24,02/02/24,58,,,,inactive
3536,Воронеж,01/02/24,02/02/24,58,,,,inactive
3537,Уфа,01/02/24,02/02/24,58,,,,inactive
3538,Санкт-Петербург,01/02/24,02/02/24,58,1,3.138888888888889,9168.44,one_time
3539,Саратов,01/02/24,02/02/24,58,,,,inactive
3540,Казань,01/02/24,02/02/24,58,,,,inactive
3541,Нижний Новгород,01/02/24,02/02/24,58,1,5.584722222222222,75067.61,one_time
3542,Новосибирск,01/02/24,02/02/24,58,,,,inactive
3543,Саратов,01/02/24,02/02/24,58,,,,inactive
3544,Омск,01/02/24,02/02/24,58,,,,inactive
3545,Краснодар,01/02/24,02/02/24,58,,,,inactive
3546,Саратов,01/02/24,02/02/24,58,1,2.7756944444444445,19207.79,one_time
3547,Ижевск,01/02/24,02/02/24,58,,,,inactive
3548,Волгоград,01/02/24,02/02/24,58,1,9.4125,21357.7,one_time
3549,Челябинск,01/02/24,02/02/24,58,,,,inactive
3550,Екатеринбург,01/02/24,02/02/24,58,,,,inactive
3551,Новосибирск,01/02/24,02/02/24,58,,,,inactive
3552,Омск,01/02/24,02/02/24,58,,,,inactive
3553,Казань,01/02/24,02/02/24,58,,,,inactive
3554,Казань,01/02/24,02/02/24,58,3,4.784953703703704,167345.64,regular
3555,Краснодар,01/02/24,02/02/24,58,,,,inactive
3556,Краснодар,01/02/24,02/02/24,58,,,,inactive
3557,Тюмень,01/02/24,02/02/24,58,1,6.24375,15430.13,one_time
3558,Самара,01/02/24,02/02/24,58,,,,inactive
3559,Москва,01/02/24,02/02/24,58,,,,inactive
3560,Казань,01/02/24,02/02/24,58,,,,inactive
3561,Саратов,01/02/24,02/02/24,58,,,,inactive
3562,Уфа,01/02/24,02/02/24,58,,,,inactive
3563,Ижевск,01/02/24,02/02/24,58,1,2.0388888888888888,31680.0,one_time
3564,Новосибирск,01/02/24,02/02/24,58,,,,inactive
3565,Ростов-на-Дону,01/02/24,02/02/24,58,1,0.9361111111111111,70317.14,one_time
3566,Екатеринбург,01/02/24,02/02/24,58,,,,inactive
3567,Уфа,01/02/24,02/02/24,58,1,4.6409722222222225,63845.47,one_time
3568,Ижевск,01/02/24,02/02/24,58,,,,inactive
3569,Ижевск,01/02/24,02/02/24,58,,,,inactive
3570,Омск,01/02/24,02/02/24,58,2,2.274652777777778,47134.24,one_time
3571,Москва,01/02/24,02/02/24,58,,,,inactive
3572,Новосибирск,01/02/24,02/02/24,58,,,,inactive
3573,Омск,01/02/24,02/02/24,58,,,,inactive
3574,Краснодар,01/02/24,02/02/24,58,,,,inactive
3575,Казань,01/02/24,02/02/24,58,,,,inactive
3576,Красноярск,01/02/24,02/02/24,58,2,8.076736111111112,63593.8,one_time
3577,Санкт-Петербург,01/02/24,02/02/24,58,,,,inactive
3578,Санкт-Петербург,01/02/24,02/02/24,58,,,,inactive
3579,Санкт-Петербург,01/02/24,02/02/24,58,1,4.524305555555555,14931.41,one_time
3580,Ростов-на-Дону,01/02/24,02/02/24,58,,,,inactive
3581,Волгоград,01/02/24,02/02/24,58,,,,inactive
3582,Пермь,01/02/24,02/02/24,58,,,,inactive
3583,Красноярск,01/02/24,02/02/24,58,2,4.458333333333334,76314.74,one_time
3584,Казань,01/02/24,02/02/24,58,,,,inactive
3585,Тольятти,01/02/24,02/02/24,58,,,,inactive
3586,Нижний Новгород,01/02/24,02/02/24,58,,,,inactive
3587,Волгоград,01/02/24,02/02/24,58,,,,inactive
3588,Санкт-Петербург,01/02/24,02/02/24,58,,,,inactive
3589,Омск,01/02/24,02/02/24,58,,,,inactive
3590,Москва,01/02/24,02/02/24,58,,,,inactive
3591,Казань,01/02/24,02/02/24,58,1,5.0625,30001.6,one_time
3592,Уфа,01/02/24,02/02/24,58,,,,inactive
3593,Тольятти,01/02/24,02/02/24,58,,,,inactive
3594,Москва,01/02/24,02/02/24,58,,,,inactive
3595,Санкт-Петербург,01/02/24,02/02/24,58,,,,inactive
3596,Ижевск,01/02/24,02/02/24,58,,,,inactive
3597,Омск,01/02/24,02/02/24,58,,,,inactive
3598,Воронеж,01/02/24,02/02/24,58,,,,inactive
3599,Воронеж,01/02/24,02/02/24,58,,,,inactive
3600,Москва,01/02/24,02/02/24,58,,,,inactive
3601,Санкт-Петербург,01/02/24,02/02/24,58,,,,inactive
3602,Уфа,01/02/24,02/02/24,58,2,6.267361111111111,42853.04,one_time
3603,Ростов-на-Дону,01/02/24,02/02/24,58,,,,inactive
3604,Красноярск,01/02/24,02/02/24,58,,,,inactive
3605,Казань,01/02/24,02/02/24,58,,,,inactive
3606,Волгоград,01/02/24,02/02/24,58,1,9.3125,18401.77,one_time
3607,Екатеринбург,01/02/24,02/02/24,58,1,2.8125,23294.32,one_time
3608,Волгоград,01/02/24,02/02/24,58,,,,inactive
3609,Казань,01/02/24,02/02/24,58,,,,inactive
3610,Уфа,01/02/24,02/02/24,58,,,,inactive
3611,Тольятти,01/02/24,02/02/24,58,,,,inactive
3612,Челябинск,01/02/24,02/02/24,58,,,,inactive
3613,Тюмень,01/02/24,02/02/24,58,,,,inactive
3614,Казань,01/02/24,02/02/24,58,,,,inactive
3615,Уфа,01/02/24,02/02/24,58,,,,inactive
3616,Воронеж,01/02/24,02/02/24,58,,,,inactive
3617,Новосибирск,01/02/24,02/02/24,58,,,,inactive
3618,Екатеринбург,01/02/24,02/02/24,58,2,3.770138888888889,81282.3,one_time
3619,Челябинск,01/02/24,02/02/24,58,1,4.999305555555556,30177.77,one_time
3620,Саратов,01/02/24,02/02/24,58,1,2.2472222222222222,79161.82,one_time
3621,Саратов,01/02/24,02/02/24,58,,,,inactive
3622,Уфа,01/02/24,02/02/24,58,,,,inactive
3623,Пермь,01/02/24,02/02/24,58,,,,inactive
3624,Самара,01/02/24,02/02/24,58,,,,inactive
3625,Тольятти,01/02/24,02/02/24,58,,,,inactive
3626,Тольятти,01/02/24,02/02/24,58,,,,inactive
3627,Челябинск,01/02/24,02/02/24,58,,,,inactive
3628,Пермь,01/02/24,02/02/24,58,,,,inactive
3629,Ижевск,01/02/24,02/02/24,58,,,,inactive
3630,Нижний Новгород,01/02/24,02/02/24,58,,,,inactive
3631,Волгоград,01/02/24,02/02/24,58,,,,inactive
3632,Москва,01/02/24,02/02/24,58,,,,inactive
3633,Краснодар,01/02/24,02/02/24,58,,,,inactive
3634,Санкт-Петербург,01/02/24,02/02/24,58,2,5.7965277777777775,188535.59,one_time
3635,Новосибирск,01/02/24,02/02/24,58,,,,inactive
3636,Ижевск,01/02/24,02/02/24,58,,,,inactive
3637,Саратов,01/02/24,02/02/24,58,1,3.5131944444444443,16692.15,one_time
3638,Челябинск,01/02/24,02/02/24,58,,,,inactive
3639,Краснодар,01/02/24,02/02/24,58,1,6.498611111111111,11652.91,one_time
3640,Екатеринбург,01/02/24,02/02/24,58,,,,inactive
3641,Волгоград,01/02/24,03/02/24,57,,,,inactive
3642,Казань,01/02/24,03/02/24,57,,,,inactive
3643,Екатеринбург,01/02/24,03/02/24,57,1,7.139583333333333,98560.68,one_time
3644,Москва,01/02/24,03/02/24,57,,,,inactive
3645,Красноярск,01/02/24,03/02/24,57,,,,inactive
3646,Пермь,01/02/24,03/02/24,57,,,,inactive
3647,Казань,01/02/24,03/02/24,57,1,2.5479166666666666,4925.43,one_time
3648,Самара,01/02/24,03/02/24,57,,,,inactive
3649,Ростов-на-Дону,01/02/24,03/02/24,57,,,,inactive
3650,Новосибирск,01/02/24,03/02/24,57,,,,inactive
3651,Новосибирск,01/02/24,03/02/24,57,,,,inactive
3652,Новосибирск,01/02/24,03/02/24,57,,,,inactive
3653,Челябинск,01/02/24,03/02/24,57,,,,inactive
3654,Ростов-на-Дону,01/02/24,03/02/24,57,,,,inactive
3655,Новосибирск,01/02/24,03/02/24,57,,,,inactive
3656,Казань,01/02/24,03/02/24,57,,,,inactive
3657,Краснодар,01/02/24,03/02/24,57,,,,inactive
3658,Москва,01/02/24,03/02/24,57,,,,inactive
3659,Москва,01/02/24,03/02/24,57,,,,inactive
3660,Челябинск,01/02/24,03/02/24,57,,,,inactive
3661,Саратов,01/02/24,03/02/24,57,1,1.7527777777777778,51414.71,one_time
3662,Тольятти,01/02/24,03/02/24,57,,,,inactive
3663,Санкт-Петербург,01/02/24,03/02/24,57,,,,inactive
3664,Самара,01/02/24,03/02/24,57,,,,inactive
3665,Ижевск,01/02/24,03/02/24,57,,,,inactive
3666,Новосибирск,01/02/24,03/02/24,57,1,2.1729166666666666,32649.17,one_time
3667,Воронеж,01/02/24,03/02/24,57,,,,inactive
3668,Красноярск,01/02/24,03/02/24,57,2,5.139236111111112,131074.81,one_time
3669,Тольятти,01/02/24,03/02/24,57,,,,inactive
3670,Екатеринбург,01/02/24,03/02/24,57,,,,inactive
3671,Тюмень,01/02/24,03/02/24,57,,,,inactive
3672,Казань,01/02/24,03/02/24,57,1,4.845833333333333,29869.55,one_time
3673,Москва,01/02/24,03/02/24,57,1,5.9215277777777775,24548.91,one_time
3674,Новосибирск,01/02/24,03/02/24,57,,,,inactive
3675,Санкт-Петербург,01/02/24,03/02/24,57,,,,inactive
3676,Краснодар,01/02/24,03/02/24,57,1,6.152083333333334,31775.08,one_time
3677,Нижний Новгород,01/02/24,03/02/24,57,,,,inactive
3678,Красноярск,01/02/24,03/02/24,57,,,,inactive
3679,Ростов-на-Дону,01/02/24,03/02/24,57,,,,inactive
3680,Екатеринбург,01/02/24,03/02/24,57,,,,inactive
3681,Нижний Новгород,01/02/24,03/02/24,57,1,4.955555555555556,16621.15,one_time
3682,Омск,01/02/24,03/02/24,57,,,,inactive
3683,Новосибирск,01/02/24,03/02/24,57,,,,inactive
3684,Омск,01/02/24,03/02/24,57,,,,inactive
3685,Екатеринбург,01/02/24,03/02/24,57,,,,inactive
3686,Ростов-на-Дону,01/02/24,03/02/24,57,1,6.8694444444444445,46332.1,one_time
3687,Челябинск,01/02/24,03/02/24,57,1,4.593055555555556,165113.27,one_time
3688,Тольятти,01/02/24,03/02/24,57,,,,inactive
3689,Новосибирск,01/02/24,03/02/24,57,,,,inactive
3690,Саратов,01/02/24,03/02/24,57,,,,inactive
3691,Саратов,01/02/24,03/02/24,57,,,,inactive
3692,Нижний Новгород,01/02/24,03/02/24,57,1,3.7152777777777777,35803.9,one_time
3693,Самара,01/02/24,03/02/24,57,,,,inactive
3694,Красноярск,01/02/24,03/02/24,57,,,,inactive
3695,Красноярск,01/02/24,03/02/24,57,,,,inactive
3696,Краснодар,01/02/24,03/02/24,57,,,,inactive
3697,Екатеринбург,01/02/24,03/02/24,57,,,,inactive
3698,Санкт-Петербург,01/02/24,03/02/24,57,2,6.935069444444444,38121.85,one_time
3699,Казань,01/02/24,03/02/24,57,1,5.611111111111111,40470.27,one_time
3700,Саратов,01/02/24,03/02/24,57,,,,inactive
3701,Москва,01/02/24,03/02/24,57,,,,inactive
3702,Москва,01/02/24,03/02/24,57,,,,inactive
3703,Уфа,01/02/24,03/02/24,57,,,,inactive
3704,Тольятти,01/02/24,03/02/24,57,1,6.173611111111111,4317.74,one_time
3705,Омск,01/02/24,03/02/24,57,2,4.184027777777778,59317.98,one_time
3706,Ростов-на-Дону,01/02/24,03/02/24,57,,,,inactive
3707,Самара,01/02/24,03/02/24,57,,,,inactive
3708,Тольятти,01/02/24,03/02/24,57,,,,inactive
3709,Волгоград,01/02/24,03/02/24,57,,,,inactive
3710,Санкт-Петербург,01/02/24,03/02/24,57,,,,inactive
3711,Москва,01/02/24,03/02/24,57,1,3.470138888888889,96327.94,one_time
3712,Челябинск,01/02/24,03/02/24,57,,,,inactive
3713,Санкт-Петербург,01/02/24,03/02/24,57,,,,inactive
3714,Ижевск,01/02/24,03/02/24,57,,,,inactive
3715,Саратов,01/02/24,03/02/24,57,,,,inactive
3716,Красноярск,01/02/24,03/02/24,57,,,,inactive
3717,Ростов-на-Дону,01/02/24,03/02/24,57,,,,inactive
3718,Новосибирск,01/02/24,03/02/24,57,,,,inactive
3719,Ростов-на-Дону,01/02/24,03/02/24,57,,,,inactive
3720,Омск,01/02/24,03/02/24,57,,,,inactive
3721,Ростов-на-Дону,01/02/24,03/02/24,57,,,,inactive
3722,Санкт-Петербург,01/02/24,03/02/24,57,,,,inactive
3723,Тюмень,01/02/24,03/02/24,57,1,4.972222222222222,49399.29,one_time
3724,Красноярск,01/02/24,03/02/24,57,2,3.9402777777777773,3652.25,one_time
3725,Санкт-Петербург,01/02/24,03/02/24,57,,,,inactive
3726,Краснодар,01/02/24,03/02/24,57,,,,inactive
3727,Ижевск,01/02/24,03/02/24,57,1,7.017361111111111,39932.76,one_time
3728,Казань,01/02/24,03/02/24,57,,,,inactive
3729,Пермь,01/02/24,03/02/24,57,1,5.071527777777778,21445.13,one_time
3730,Новосибирск,01/02/24,03/02/24,57,1,3.4520833333333334,10597.72,one_time
3731,Воронеж,01/02/24,03/02/24,57,,,,inactive
3732,Москва,01/02/24,03/02/24,57,1,0.1375,4762.94,one_time
3733,Омск,01/02/24,03/02/24,57,1,3.5902777777777777,12987.79,one_time
3734,Ижевск,01/02/24,03/02/24,57,1,1.0506944444444444,6934.89,one_time
3735,Красноярск,01/02/24,03/02/24,57,1,8.311805555555555,2002.53,one_time
3736,Москва,01/02/24,03/02/24,57,2,4.083333333333333,74963.69,one_time
3737,Ижевск,01/02/24,03/02/24,57,,,,inactive
3738,Омск,01/02/24,03/02/24,57,,,,inactive
3739,Краснодар,01/02/24,03/02/24,57,1,1.8909722222222223,19043.09,one_time
3740,Волгоград,01/02/24,03/02/24,57,,,,inactive
3741,Воронеж,01/02/24,03/02/24,57,,,,inactive
3742,Санкт-Петербург,01/02/24,03/02/24,57,,,,inactive
3743,Санкт-Петербург,01/02/24,03/02/24,57,,,,inactive
3744,Красноярск,01/02/24,03/02/24,57,,,,inactive
3745,Воронеж,01/02/24,03/02/24,57,2,6.258333333333333,42165.42,one_time
3746,Новосибирск,01/02/24,03/02/24,57,1,5.169444444444444,59049.53,one_time
3747,Тольятти,01/02/24,03/02/24,57,,,,inactive
3748,Красноярск,01/02/24,03/02/24,57,1,4.225694444444445,74745.18,one_time
3749,,01/02/24,03/02/24,57,1,7.313888888888889,22444.7,one_time
3750,Пермь,01/02/24,03/02/24,57,,,,inactive
3751,Красноярск,01/02/24,03/02/24,57,1,8.74236111111111,62018.51,one_time
3752,Новосибирск,01/02/24,03/02/24,57,,,,inactive
3753,Санкт-Петербург,01/02/24,03/02/24,57,,,,inactive
3754,Красноярск,01/02/24,03/02/24,57,,,,inactive
3755,Челябинск,01/02/24,03/02/24,57,,,,inactive
3756,Новосибирск,01/02/24,03/02/24,57,,,,inactive
3757,Ростов-на-Дону,01/02/24,03/02/24,57,1,6.522222222222222,19706.73,one_time
3758,Краснодар,01/02/24,03/02/24,57,,,,inactive
3759,Челябинск,01/02/24,03/02/24,57,,,,inactive
3760,Красноярск,01/02/24,03/02/24,57,,,,inactive
3761,Ростов-на-Дону,01/02/24,03/02/24,57,3,4.266898148148148,162087.15,regular
3762,Волгоград,01/02/24,03/02/24,57,,,,inactive
3763,Нижний Новгород,01/02/24,03/02/24,57,,,,inactive
3764,Саратов,01/02/24,03/02/24,57,,,,inactive
3765,Челябинск,01/02/24,04/02/24,56,1,1.7465277777777777,28231.66,one_time
3766,Саратов,01/02/24,04/02/24,56,,,,inactive
3767,Санкт-Петербург,01/02/24,04/02/24,56,,,,inactive
3768,Челябинск,01/02/24,04/02/24,56,,,,inactive
3769,Ижевск,01/02/24,04/02/24,56,,,,inactive
3770,Уфа,01/02/24,04/02/24,56,,,,inactive
3771,Красноярск,01/02/24,04/02/24,56,,,,inactive
3772,Тюмень,01/02/24,04/02/24,56,,,,inactive
3773,Тольятти,01/02/24,04/02/24,56,1,3.638888888888889,31318.87,one_time
3774,Казань,01/02/24,04/02/24,56,1,5.886111111111111,119307.87,one_time
3775,Омск,01/02/24,04/02/24,56,,,,inactive
3776,Уфа,01/02/24,04/02/24,56,,,,inactive
3777,Санкт-Петербург,01/02/24,04/02/24,56,,,,inactive
3778,Волгоград,01/02/24,04/02/24,56,,,,inactive
3779,Екатеринбург,01/02/24,04/02/24,56,,,,inactive
3780,Пермь,01/02/24,04/02/24,56,1,6.831944444444445,18890.04,one_time
3781,Нижний Новгород,01/02/24,04/02/24,56,,,,inactive
3782,Санкт-Петербург,01/02/24,04/02/24,56,,,,inactive
3783,Саратов,01/02/24,04/02/24,56,,,,inactive
3784,Уфа,01/02/24,04/02/24,56,,,,inactive
3785,Санкт-Петербург,01/02/24,04/02/24,56,,,,inactive
3786,Пермь,01/02/24,04/02/24,56,1,3.15,12836.67,one_time
3787,Казань,01/02/24,04/02/24,56,,,,inactive
3788,Новосибирск,01/02/24,04/02/24,56,2,3.6097222222222225,54931.21,one_time
3789,Ростов-на-Дону,01/02/24,04/02/24,56,,,,inactive
3790,Красноярск,01/02/24,04/02/24,56,,,,inactive
3791,Новосибирск,01/02/24,04/02/24,56,,,,inactive
3792,Самара,01/02/24,04/02/24,56,,,,inactive
3793,Пермь,01/02/24,04/02/24,56,,,,inactive
3794,Омск,01/02/24,04/02/24,56,,,,inactive
3795,Санкт-Петербург,01/02/24,04/02/24,56,,,,inactive
3796,Казань,01/02/24,04/02/24,56,,,,inactive
3797,Новосибирск,01/02/24,04/02/24,56,,,,inactive
3798,Тольятти,01/02/24,04/02/24,56,,,,inactive
3799,Красноярск,01/02/24,04/02/24,56,,,,inactive
3800,Нижний Новгород,01/02/24,04/02/24,56,1,0.35625,156416.9,one_time
3801,Новосибирск,01/02/24,04/02/24,56,,,,inactive
3802,Самара,01/02/24,04/02/24,56,,,,inactive
3803,Екатеринбург,01/02/24,04/02/24,56,,,,inactive
3804,Волгоград,01/02/24,04/02/24,56,,,,inactive
3805,Самара,01/02/24,04/02/24,56,,,,inactive
3806,Омск,01/02/24,04/02/24,56,,,,inactive
3807,Воронеж,01/02/24,04/02/24,56,,,,inactive
3808,Тольятти,01/02/24,04/02/24,56,,,,inactive
3809,Уфа,01/02/24,04/02/24,56,,,,inactive
3810,Краснодар,01/02/24,04/02/24,56,,,,inactive
3811,Казань,01/02/24,04/02/24,56,1,6.917361111111111,36536.12,one_time
3812,Тюмень,01/02/24,04/02/24,56,,,,inactive
3813,Краснодар,01/02/24,04/02/24,56,,,,inactive
3814,Казань,01/02/24,04/02/24,56,1,6.3597222222222225,34668.18,one_time
3815,Волгоград,01/02/24,04/02/24,56,,,,inactive
3816,Тюмень,01/02/24,04/02/24,56,,,,inactive
3817,Уфа,01/02/24,04/02/24,56,,,,inactive
3818,Омск,01/02/24,04/02/24,56,,,,inactive
3819,Казань,01/02/24,04/02/24,56,,,,inactive
3820,Нижний Новгород,01/02/24,04/02/24,56,1,7.709722222222222,28506.74,one_time
3821,Челябинск,01/02/24,04/02/24,56,,,,inactive
3822,Челябинск,01/02/24,04/02/24,56,1,2.2784722222222222,2329.3,one_time
3823,Красноярск,01/02/24,04/02/24,56,2,3.4065972222222225,197660.24,one_time
3824,Красноярск,01/02/24,04/02/24,56,,,,inactive
3825,Воронеж,01/02/24,04/02/24,56,,,,inactive
3826,Челябинск,01/02/24,04/02/24,56,,,,inactive
3827,Екатеринбург,01/02/24,04/02/24,56,,,,inactive
3828,Пермь,01/02/24,04/02/24,56,,,,inactive
3829,Нижний Новгород,01/02/24,04/02/24,56,3,4.394907407407407,81972.26,regular
3830,Уфа,01/02/24,04/02/24,56,,,,inactive
3831,Москва,01/02/24,04/02/24,56,1,5.291666666666667,56604.48,one_time
3832,Челябинск,01/02/24,04/02/24,56,1,4.389583333333333,14326.28,one_time
3833,Красноярск,01/02/24,04/02/24,56,2,4.620833333333334,52864.12,one_time
3834,Волгоград,01/02/24,04/02/24,56,,,,inactive
3835,Екатеринбург,01/02/24,04/02/24,56,,,,inactive
3836,Омск,01/02/24,04/02/24,56,4,6.455208333333333,151413.76,regular
3837,Саратов,01/02/24,04/02/24,56,1,3.59375,35921.7,one_time
3838,Ростов-на-Дону,01/02/24,04/02/24,56,1,6.986805555555556,18751.47,one_time
3839,Казань,01/02/24,04/02/24,56,,,,inactive
3840,Ростов-на-Дону,01/02/24,04/02/24,56,,,,inactive
3841,Уфа,01/02/24,04/02/24,56,,,,inactive
3842,Ростов-на-Дону,01/02/24,04/02/24,56,,,,inactive
3843,Челябинск,01/02/24,04/02/24,56,,,,inactive
3844,Москва,01/02/24,04/02/24,56,,,,inactive
3845,Нижний Новгород,01/02/24,04/02/24,56,,,,inactive
3846,Пермь,01/02/24,04/02/24,56,,,,inactive
3847,Волгоград,01/02/24,04/02/24,56,,,,inactive
3848,Москва,01/02/24,04/02/24,56,,,,inactive
3849,Москва,01/02/24,04/02/24,56,,,,inactive
3850,Казань,01/02/24,04/02/24,56,,,,inactive
3851,Волгоград,01/02/24,04/02/24,56,,,,inactive
3852,Пермь,01/02/24,04/02/24,56,,,,inactive
3853,Казань,01/02/24,04/02/24,56,2,5.678125,214870.94,one_time
3854,Санкт-Петербург,01/02/24,04/02/24,56,,,,inactive
3855,Уфа,01/02/24,04/02/24,56,,,,inactive
3856,Новосибирск,01/02/24,04/02/24,56,,,,inactive
3857,Омск,01/02/24,04/02/24,56,1,6.822222222222222,37645.25,one_time
3858,Саратов,01/02/24,04/02/24,56,,,,inactive
3859,Самара,01/02/24,04/02/24,56,,,,inactive
3860,Екатеринбург,01/02/24,04/02/24,56,,,,inactive
3861,Пермь,01/02/24,04/02/24,56,,,,inactive
3862,Тюмень,01/02/24,04/02/24,56,,,,inactive
3863,Воронеж,01/02/24,05/02/24,55,,,,inactive
3864,Москва,01/02/24,05/02/24,55,,,,inactive
3865,Пермь,01/02/24,05/02/24,55,,,,inactive
3866,Уфа,01/02/24,05/02/24,55,,,,inactive
3867,Самара,01/02/24,05/02/24,55,,,,inactive
3868,Екатеринбург,01/02/24,05/02/24,55,,,,inactive
3869,Краснодар,01/02/24,05/02/24,55,,,,inactive
3870,Волгоград,01/02/24,05/02/24,55,,,,inactive
3871,Ижевск,01/02/24,05/02/24,55,1,4.643055555555556,36324.63,one_time
3872,Нижний Новгород,01/02/24,05/02/24,55,,,,inactive
3873,Омск,01/02/24,05/02/24,55,,,,inactive
3874,Самара,01/02/24,05/02/24,55,,,,inactive
3875,Нижний Новгород,01/02/24,05/02/24,55,1,4.346527777777778,1478.41,one_time
3876,Красноярск,01/02/24,05/02/24,55,1,6.247916666666667,52639.02,one_time
3877,Челябинск,01/02/24,05/02/24,55,,,,inactive
3878,Саратов,01/02/24,05/02/24,55,,,,inactive
3879,Тюмень,01/02/24,05/02/24,55,,,,inactive
3880,Москва,01/02/24,05/02/24,55,1,6.658333333333333,63725.21,one_time
3881,Тольятти,01/02/24,05/02/24,55,1,4.504166666666666,26507.71,one_time
3882,Саратов,01/02/24,05/02/24,55,,,,inactive
3883,Пермь,01/02/24,05/02/24,55,1,5.002083333333333,55272.2,one_time
3884,Казань,01/02/24,05/02/24,55,,,,inactive
3885,Екатеринбург,01/02/24,05/02/24,55,,,,inactive
3886,Екатеринбург,01/02/24,05/02/24,55,1,3.689583333333333,722.46,one_time
3887,Санкт-Петербург,01/02/24,05/02/24,55,,,,inactive
3888,Краснодар,01/02/24,05/02/24,55,,,,inactive
3889,Москва,01/02/24,05/02/24,55,,,,inactive
3890,Ижевск,01/02/24,05/02/24,55,,,,inactive
3891,Тюмень,01/02/24,05/02/24,55,,,,inactive
3892,Тольятти,01/02/24,05/02/24,55,1,5.302083333333333,54807.86,one_time
3893,Екатеринбург,01/02/24,05/02/24,55,,,,inactive
3894,Санкт-Петербург,01/02/24,05/02/24,55,,,,inactive
3895,Уфа,01/02/24,05/02/24,55,1,4.85625,32387.27,one_time
3896,Казань,01/02/24,05/02/24,55,,,,inactive
3897,Челябинск,01/02/24,05/02/24,55,,,,inactive
3898,Екатеринбург,01/02/24,05/02/24,55,,,,inactive
3899,Красноярск,01/02/24,05/02/24,55,,,,inactive
3900,Тольятти,01/02/24,05/02/24,55,,,,inactive
3901,Уфа,01/02/24,05/02/24,55,1,2.213888888888889,41678.9,one_time
3902,Саратов,01/02/24,05/02/24,55,1,2.4291666666666667,8511.3,one_time
3903,Воронеж,01/02/24,05/02/24,55,,,,inactive
3904,Уфа,01/02/24,05/02/24,55,1,0.0125,19830.66,one_time
3905,Тюмень,01/02/24,05/02/24,55,,,,inactive
3906,Новосибирск,01/02/24,05/02/24,55,,,,inactive
3907,Челябинск,01/02/24,05/02/24,55,,,,inactive
3908,Санкт-Петербург,01/02/24,05/02/24,55,2,2.1663194444444445,109236.93,one_time
3909,Ижевск,01/02/24,05/02/24,55,,,,inactive
3910,Москва,01/02/24,05/02/24,55,,,,inactive
3911,Самара,01/02/24,05/02/24,55,,,,inactive
3912,Краснодар,01/02/24,05/02/24,55,,,,inactive
3913,Омск,01/02/24,05/02/24,55,1,3.9381944444444446,78332.3,one_time
3914,Волгоград,01/02/24,05/02/24,55,1,5.526388888888889,17378.88,one_time
3915,Тюмень,01/02/24,05/02/24,55,,,,inactive
3916,Нижний Новгород,01/02/24,05/02/24,55,,,,inactive
3917,Омск,01/02/24,05/02/24,55,,,,inactive
3918,Екатеринбург,01/02/24,05/02/24,55,1,4.0,43368.12,one_time
3919,Воронеж,01/02/24,05/02/24,55,,,,inactive
3920,Омск,01/02/24,05/02/24,55,,,,inactive
3921,Омск,01/02/24,05/02/24,55,,,,inactive
3922,Нижний Новгород,01/02/24,05/02/24,55,,,,inactive
3923,Ростов-на-Дону,01/02/24,05/02/24,55,,,,inactive
3924,Нижний Новгород,01/02/24,05/02/24,55,,,,inactive
3925,Ижевск,01/02/24,05/02/24,55,,,,inactive
3926,Москва,01/02/24,05/02/24,55,,,,inactive
3927,Тюмень,01/02/24,05/02/24,55,2,3.642361111111111,37673.62,one_time
3928,Омск,01/02/24,05/02/24,55,,,,inactive
3929,Самара,01/02/24,05/02/24,55,1,5.243055555555555,109327.89,one_time
3930,Казань,01/02/24,05/02/24,55,,,,inactive
3931,Уфа,01/02/24,05/02/24,55,,,,inactive
3932,Пермь,01/02/24,05/02/24,55,,,,inactive
3933,Волгоград,01/02/24,05/02/24,55,1,4.81875,23516.3,one_time
3934,Волгоград,01/02/24,05/02/24,55,,,,inactive
3935,Новосибирск,01/02/24,05/02/24,55,,,,inactive
3936,Уфа,01/02/24,05/02/24,55,,,,inactive
3937,Воронеж,01/02/24,05/02/24,55,,,,inactive
3938,Красноярск,01/02/24,05/02/24,55,1,3.3180555555555555,2681.33,one_time
3939,Казань,01/02/24,05/02/24,55,,,,inactive
3940,Воронеж,01/02/24,05/02/24,55,2,4.192013888888889,119800.02,one_time
3941,Самара,01/02/24,05/02/24,55,,,,inactive
3942,Москва,01/02/24,05/02/24,55,,,,inactive
3943,,01/02/24,05/02/24,55,,,,inactive
3944,Казань,01/02/24,05/02/24,55,,,,inactive
3945,Санкт-Петербург,01/02/24,05/02/24,55,,,,inactive
3946,Воронеж,01/02/24,05/02/24,55,1,8.653472222222222,89546.68,one_time
3947,Ижевск,01/02/24,05/02/24,55,,,,inactive
3948,Ростов-на-Дону,01/02/24,05/02/24,55,,,,inactive
3949,Тюмень,01/02/24,05/02/24,55,,,,inactive
3950,Москва,01/02/24,05/02/24,55,1,2.3881944444444443,15723.48,one_time
3951,Красноярск,01/02/24,05/02/24,55,,,,inactive
3952,Уфа,01/02/24,05/02/24,55,1,3.745138888888889,3883.39,one_time
3953,Омск,01/02/24,05/02/24,55,,,,inactive
3954,Челябинск,01/02/24,05/02/24,55,3,3.2273148148148145,34375.05,regular
3955,Тюмень,01/02/24,05/02/24,55,,,,inactive
3956,Самара,01/02/24,05/02/24,55,,,,inactive
3957,Челябинск,01/02/24,05/02/24,55,1,6.93125,77440.05,one_time
3958,Самара,01/02/24,05/02/24,55,,,,inactive
3959,Краснодар,01/02/24,05/02/24,55,,,,inactive
3960,Казань,01/02/24,05/02/24,55,1,5.538194444444445,49296.07,one_time
3961,Челябинск,01/02/24,05/02/24,55,,,,inactive
3962,Нижний Новгород,01/02/24,05/02/24,55,,,,inactive
3963,Ижевск,01/02/24,05/02/24,55,,,,inactive
3964,Новосибирск,01/02/24,05/02/24,55,,,,inactive
3965,Нижний Новгород,01/02/24,05/02/24,55,,,,inactive
3966,Самара,01/02/24,06/02/24,54,,,,inactive
3967,Красноярск,01/02/24,06/02/24,54,,,,inactive
3968,Казань,01/02/24,06/02/24,54,,,,inactive
3969,Пермь,01/02/24,06/02/24,54,,,,inactive
3970,Нижний Новгород,01/02/24,06/02/24,54,,,,inactive
3971,Санкт-Петербург,01/02/24,06/02/24,54,,,,inactive
3972,Самара,01/02/24,06/02/24,54,,,,inactive
3973,Ижевск,01/02/24,06/02/24,54,,,,inactive
3974,Саратов,01/02/24,06/02/24,54,,,,inactive
3975,Краснодар,01/02/24,06/02/24,54,,,,inactive
3976,Москва,01/02/24,06/02/24,54,,,,inactive
3977,Челябинск,01/02/24,06/02/24,54,1,7.167361111111111,62674.76,one_time
3978,Уфа,01/02/24,06/02/24,54,,,,inactive
3979,Казань,01/02/24,06/02/24,54,,,,inactive
3980,Казань,01/02/24,06/02/24,54,,,,inactive
3981,Ростов-на-Дону,01/02/24,06/02/24,54,,,,inactive
3982,Новосибирск,01/02/24,06/02/24,54,,,,inactive
3983,Краснодар,01/02/24,06/02/24,54,,,,inactive
3984,Челябинск,01/02/24,06/02/24,54,1,1.5319444444444446,32338.16,one_time
3985,Омск,01/02/24,06/02/24,54,,,,inactive
3986,Санкт-Петербург,01/02/24,06/02/24,54,,,,inactive
3987,Москва,01/02/24,06/02/24,54,,,,inactive
3988,Ижевск,01/02/24,06/02/24,54,,,,inactive
3989,Самара,01/02/24,06/02/24,54,1,3.977777777777778,31793.45,one_time
3990,Краснодар,01/02/24,06/02/24,54,,,,inactive
3991,Саратов,01/02/24,06/02/24,54,,,,inactive
3992,Казань,01/02/24,06/02/24,54,,,,inactive
3993,Омск,01/02/24,06/02/24,54,,,,inactive
3994,Волгоград,01/02/24,06/02/24,54,1,5.817361111111111,16223.89,one_time
3995,Воронеж,01/02/24,06/02/24,54,,,,inactive
3996,Самара,01/02/24,06/02/24,54,1,8.832638888888889,1959.06,one_time
3997,Казань,01/02/24,06/02/24,54,,,,inactive
3998,Челябинск,01/02/24,06/02/24,54,,,,inactive
3999,Красноярск,01/02/24,06/02/24,54,,,,inactive
4000,Краснодар,01/02/24,06/02/24,54,,,,inactive
4001,Новосибирск,01/02/24,06/02/24,54,2,1.9704861111111112,57212.42,one_time
4002,Ижевск,01/02/24,06/02/24,54,,,,inactive
4003,Краснодар,01/02/24,06/02/24,54,,,,inactive
4004,Санкт-Петербург,01/02/24,06/02/24,54,1,2.213888888888889,3033.12,one_time
4005,Уфа,01/02/24,06/02/24,54,,,,inactive
4006,Самара,01/02/24,06/02/24,54,,,,inactive
4007,Ижевск,01/02/24,06/02/24,54,2,5.070833333333333,12874.98,one_time
4008,Москва,01/02/24,06/02/24,54,,,,inactive
4009,Воронеж,01/02/24,06/02/24,54,,,,inactive
4010,Новосибирск,01/02/24,06/02/24,54,,,,inactive
4011,Пермь,01/02/24,06/02/24,54,1,4.291666666666667,8063.06,one_time
4012,Тольятти,01/02/24,06/02/24,54,,,,inactive
4013,Саратов,01/02/24,06/02/24,54,,,,inactive
4014,Новосибирск,01/02/24,06/02/24,54,,,,inactive
4015,Саратов,01/02/24,06/02/24,54,,,,inactive
4016,Казань,01/02/24,06/02/24,54,1,5.518055555555556,54570.34,one_time
4017,Краснодар,01/02/24,06/02/24,54,3,3.4905092592592593,75418.94,regular
4018,Екатеринбург,01/02/24,06/02/24,54,1,2.6034722222222224,4480.35,one_time
4019,Ростов-на-Дону,01/02/24,06/02/24,54,,,,inactive
4020,Уфа,01/02/24,06/02/24,54,,,,inactive
4021,Санкт-Петербург,01/02/24,06/02/24,54,,,,inactive
4022,Волгоград,01/02/24,06/02/24,54,,,,inactive
4023,Ростов-на-Дону,01/02/24,06/02/24,54,,,,inactive
4024,Уфа,01/02/24,06/02/24,54,,,,inactive
4025,Ижевск,01/02/24,06/02/24,54,,,,inactive
4026,Саратов,01/02/24,06/02/24,54,,,,inactive
4027,Москва,01/02/24,06/02/24,54,,,,inactive
4028,Уфа,01/02/24,06/02/24,54,,,,inactive
4029,Красноярск,01/02/24,06/02/24,54,,,,inactive
4030,Тольятти,01/02/24,06/02/24,54,3,4.1826388888888895,38938.67,regular
4031,Омск,01/02/24,06/02/24,54,,,,inactive
4032,Екатеринбург,01/02/24,06/02/24,54,1,4.726388888888889,30860.37,one_time
4033,Воронеж,01/02/24,06/02/24,54,,,,inactive
4034,Ижевск,01/02/24,06/02/24,54,,,,inactive
4035,Санкт-Петербург,01/02/24,06/02/24,54,,,,inactive
4036,Красноярск,01/02/24,06/02/24,54,1,2.5180555555555557,58340.35,one_time
4037,Саратов,01/02/24,06/02/24,54,,,,inactive
4038,Челябинск,01/02/24,06/02/24,54,1,4.004861111111111,27715.52,one_time
4039,Самара,01/02/24,06/02/24,54,,,,inactive
4040,Новосибирск,01/02/24,06/02/24,54,,,,inactive
4041,Краснодар,01/02/24,06/02/24,54,1,3.3048611111111112,26679.23,one_time
4042,Ростов-на-Дону,01/02/24,06/02/24,54,,,,inactive
4043,Екатеринбург,01/02/24,06/02/24,54,1,5.377777777777778,28030.73,one_time
4044,Тюмень,01/02/24,06/02/24,54,2,3.2444444444444445,45012.2,one_time
4045,Ростов-на-Дону,01/02/24,06/02/24,54,,,,inactive
4046,Новосибирск,01/02/24,06/02/24,54,,,,inactive
4047,Екатеринбург,01/02/24,06/02/24,54,,,,inactive
4048,Казань,01/02/24,06/02/24,54,,,,inactive
4049,Воронеж,01/02/24,06/02/24,54,,,,inactive
4050,Ростов-на-Дону,01/02/24,06/02/24,54,1,6.759722222222222,138463.44,one_time
4051,Омск,01/02/24,06/02/24,54,2,5.644791666666666,61799.54,one_time
4052,Ижевск,01/02/24,06/02/24,54,,,,inactive
4053,Санкт-Петербург,01/02/24,06/02/24,54,,,,inactive
4054,Тюмень,01/02/24,06/02/24,54,1,7.342361111111111,32858.04,one_time
4055,Ростов-на-Дону,01/02/24,06/02/24,54,,,,inactive
4056,Москва,01/02/24,06/02/24,54,,,,inactive
4057,Самара,01/02/24,06/02/24,54,,,,inactive
4058,Казань,01/02/24,06/02/24,54,,,,inactive
4059,Новосибирск,01/02/24,06/02/24,54,1,6.888194444444444,25577.86,one_time
4060,Москва,01/02/24,06/02/24,54,,,,inactive
4061,Казань,01/02/24,06/02/24,54,,,,inactive
4062,Нижний Новгород,01/02/24,06/02/24,54,1,6.560416666666667,29956.68,one_time
4063,Омск,01/02/24,06/02/24,54,,,,inactive
4064,Саратов,01/02/24,06/02/24,54,,,,inactive
4065,Челябинск,01/02/24,06/02/24,54,,,,inactive
4066,Ростов-на-Дону,01/02/24,06/02/24,54,3,5.383333333333333,201503.79,regular
4067,Санкт-Петербург,01/02/24,06/02/24,54,,,,inactive
4068,Красноярск,01/02/24,06/02/24,54,,,,inactive
4069,Тольятти,01/02/24,06/02/24,54,,,,inactive
4070,Уфа,01/02/24,06/02/24,54,,,,inactive
4071,Пермь,01/02/24,06/02/24,54,,,,inactive
4072,Тольятти,01/02/24,07/02/24,53,,,,inactive
4073,Тюмень,01/02/24,07/02/24,53,2,7.005555555555555,112561.89,one_time
4074,Казань,01/02/24,07/02/24,53,,,,inactive
4075,Новосибирск,01/02/24,07/02/24,53,,,,inactive
4076,Красноярск,01/02/24,07/02/24,53,,,,inactive
4077,Нижний Новгород,01/02/24,07/02/24,53,,,,inactive
4078,Саратов,01/02/24,07/02/24,53,,,,inactive
4079,Воронеж,01/02/24,07/02/24,53,,,,inactive
4080,Краснодар,01/02/24,07/02/24,53,2,5.267708333333333,98502.68,one_time
4081,Челябинск,01/02/24,07/02/24,53,,,,inactive
4082,Тюмень,01/02/24,07/02/24,53,,,,inactive
4083,Челябинск,01/02/24,07/02/24,53,4,4.580729166666667,174657.89,regular
4084,Воронеж,01/02/24,07/02/24,53,,,,inactive
4085,Волгоград,01/02/24,07/02/24,53,,,,inactive
4086,Тольятти,01/02/24,07/02/24,53,2,6.939583333333333,23017.12,one_time
4087,Тюмень,01/02/24,07/02/24,53,,,,inactive
4088,Краснодар,01/02/24,07/02/24,53,,,,inactive
4089,Нижний Новгород,01/02/24,07/02/24,53,,,,inactive
4090,Саратов,01/02/24,07/02/24,53,1,6.147916666666666,15138.51,one_time
4091,Новосибирск,01/02/24,07/02/24,53,,,,inactive
4092,Воронеж,01/02/24,07/02/24,53,,,,inactive
4093,Самара,01/02/24,07/02/24,53,,,,inactive
4094,Воронеж,01/02/24,07/02/24,53,,,,inactive
4095,Казань,01/02/24,07/02/24,53,2,5.319791666666667,50256.3,one_time
4096,Казань,01/02/24,07/02/24,53,,,,inactive
4097,Красноярск,01/02/24,07/02/24,53,,,,inactive
4098,Волгоград,01/02/24,07/02/24,53,,,,inactive
4099,Ростов-на-Дону,01/02/24,07/02/24,53,,,,inactive
4100,Уфа,01/02/24,07/02/24,53,,,,inactive
4101,Тольятти,01/02/24,07/02/24,53,,,,inactive
4102,Самара,01/02/24,07/02/24,53,1,6.784722222222222,16300.95,one_time
4103,Казань,01/02/24,07/02/24,53,,,,inactive
4104,Ижевск,01/02/24,07/02/24,53,,,,inactive
4105,Воронеж,01/02/24,07/02/24,53,,,,inactive
4106,Ижевск,01/02/24,07/02/24,53,1,4.477777777777778,7057.36,one_time
4107,Ижевск,01/02/24,07/02/24,53,1,2.8604166666666666,9800.22,one_time
4108,Уфа,01/02/24,07/02/24,53,,,,inactive
4109,Краснодар,01/02/24,07/02/24,53,1,2.60625,81824.05,one_time
4110,Екатеринбург,01/02/24,07/02/24,53,,,,inactive
4111,Волгоград,01/02/24,07/02/24,53,,,,inactive
4112,Самара,01/02/24,07/02/24,53,,,,inactive
4113,Новосибирск,01/02/24,07/02/24,53,1,7.0881944444444445,5552.32,one_time
4114,Тюмень,01/02/24,07/02/24,53,1,5.3180555555555555,59916.09,one_time
4115,Нижний Новгород,01/02/24,07/02/24,53,,,,inactive
4116,Новосибирск,01/02/24,07/02/24,53,,,,inactive
4117,Ижевск,01/02/24,07/02/24,53,,,,inactive
4118,Москва,01/02/24,07/02/24,53,1,2.35,58407.45,one_time
4119,Омск,01/02/24,07/02/24,53,,,,inactive
4120,Нижний Новгород,01/02/24,07/02/24,53,,,,inactive
4121,Екатеринбург,01/02/24,07/02/24,53,,,,inactive
4122,Красноярск,01/02/24,07/02/24,53,,,,inactive
4123,Новосибирск,01/02/24,07/02/24,53,,,,inactive
4124,Екатеринбург,01/02/24,07/02/24,53,,,,inactive
4125,Ижевск,01/02/24,07/02/24,53,2,4.2034722222222225,89487.42,one_time
4126,Тюмень,01/02/24,07/02/24,53,1,5.9847222222222225,15927.38,one_time
4127,Ижевск,01/02/24,07/02/24,53,1,9.494444444444444,21017.47,one_time
4128,Красноярск,01/02/24,07/02/24,53,,,,inactive
4129,Саратов,01/02/24,07/02/24,53,,,,inactive
4130,Саратов,01/02/24,07/02/24,53,,,,inactive
4131,Самара,01/02/24,07/02/24,53,,,,inactive
4132,Самара,01/02/24,07/02/24,53,,,,inactive
4133,Пермь,01/02/24,07/02/24,53,,,,inactive
4134,Уфа,01/02/24,07/02/24,53,,,,inactive
4135,Красноярск,01/02/24,07/02/24,53,,,,inactive
4136,Новосибирск,01/02/24,07/02/24,53,,,,inactive
4137,Тольятти,01/02/24,07/02/24,53,,,,inactive
4138,Екатеринбург,01/02/24,07/02/24,53,,,,inactive
4139,Санкт-Петербург,01/02/24,07/02/24,53,,,,inactive
4140,Саратов,01/02/24,07/02/24,53,,,,inactive
4141,Нижний Новгород,01/02/24,07/02/24,53,,,,inactive
4142,Челябинск,01/02/24,07/02/24,53,1,2.8493055555555555,19966.79,one_time
4143,,01/02/24,07/02/24,53,,,,inactive
4144,Екатеринбург,01/02/24,07/02/24,53,,,,inactive
4145,Уфа,01/02/24,07/02/24,53,,,,inactive
4146,Челябинск,01/02/24,07/02/24,53,,,,inactive
4147,Москва,01/02/24,07/02/24,53,,,,inactive
4148,Самара,01/02/24,07/02/24,53,1,5.064583333333333,62195.44,one_time
4149,Тольятти,01/02/24,07/02/24,53,,,,inactive
4150,Воронеж,01/02/24,07/02/24,53,,,,inactive
4151,Тюмень,01/02/24,07/02/24,53,1,4.054166666666666,41797.51,one_time
4152,Краснодар,01/02/24,07/02/24,53,,,,inactive
4153,Волгоград,01/02/24,07/02/24,53,,,,inactive
4154,Воронеж,01/02/24,07/02/24,53,,,,inactive
4155,Краснодар,01/02/24,07/02/24,53,,,,inactive
4156,Новосибирск,01/02/24,07/02/24,53,,,,inactive
4157,Омск,01/02/24,07/02/24,53,,,,inactive
4158,Нижний Новгород,01/02/24,07/02/24,53,,,,inactive
4159,Челябинск,01/02/24,07/02/24,53,,,,inactive
4160,Пермь,01/02/24,07/02/24,53,2,3.627083333333333,74547.92,one_time
4161,Казань,01/02/24,07/02/24,53,1,5.385416666666667,9160.85,one_time
4162,Ижевск,01/02/24,07/02/24,53,1,4.4527777777777775,64063.08,one_time
4163,Пермь,01/02/24,07/02/24,53,,,,inactive
4164,Краснодар,01/02/24,07/02/24,53,,,,inactive
4165,Волгоград,01/02/24,07/02/24,53,1,7.895833333333333,23703.83,one_time
4166,Нижний Новгород,01/02/24,07/02/24,53,,,,inactive
4167,Самара,01/02/24,07/02/24,53,,,,inactive
4168,Ижевск,01/02/24,07/02/24,53,,,,inactive
4169,Санкт-Петербург,01/02/24,07/02/24,53,,,,inactive
4170,Красноярск,01/02/24,07/02/24,53,,,,inactive
4171,Самара,01/02/24,07/02/24,53,,,,inactive
4172,Краснодар,01/02/24,07/02/24,53,,,,inactive
4173,Нижний Новгород,01/02/24,07/02/24,53,2,4.079513888888889,94200.65,one_time
4174,Нижний Новгород,01/02/24,07/02/24,53,1,1.9048611111111111,56342.07,one_time
4175,Тюмень,01/02/24,07/02/24,53,,,,inactive
4176,Уфа,01/02/24,07/02/24,53,,,,inactive
4177,Новосибирск,01/02/24,07/02/24,53,,,,inactive
4178,Пермь,01/02/24,07/02/24,53,,,,inactive
4179,Омск,01/02/24,07/02/24,53,,,,inactive
4180,Тюмень,01/02/24,07/02/24,53,,,,inactive
4181,Краснодар,01/02/24,07/02/24,53,,,,inactive
4182,Челябинск,01/02/24,07/02/24,53,,,,inactive
4183,Санкт-Петербург,01/02/24,07/02/24,53,,,,inactive
4184,Омск,01/02/24,07/02/24,53,,,,inactive
4185,Ижевск,01/02/24,07/02/24,53,,,,inactive
4186,Тольятти,01/02/24,07/02/24,53,1,4.027083333333334,488.06,one_time
4187,Воронеж,01/02/24,07/02/24,53,1,3.740972222222222,31020.96,one_time
4188,Казань,01/02/24,07/02/24,53,,,,inactive
4189,Москва,01/02/24,07/02/24,53,1,7.332638888888889,127842.9,one_time
4190,Новосибирск,01/02/24,07/02/24,53,1,3.3430555555555554,40878.69,one_time
4191,Омск,01/02/24,07/02/24,53,1,2.9965277777777777,20889.46,one_time
4192,Тюмень,01/02/24,07/02/24,53,,,,inactive
4193,Волгоград,01/02/24,07/02/24,53,,,,inactive
4194,Челябинск,01/02/24,08/02/24,52,,,,inactive
4195,Уфа,01/02/24,08/02/24,52,1,2.845833333333333,3534.47,one_time
4196,Красноярск,01/02/24,08/02/24,52,,,,inactive
4197,Красноярск,01/02/24,08/02/24,52,,,,inactive
4198,Краснодар,01/02/24,08/02/24,52,,,,inactive
4199,Новосибирск,01/02/24,08/02/24,52,1,3.451388888888889,122775.07,one_time
4200,Воронеж,01/02/24,08/02/24,52,,,,inactive
4201,Воронеж,01/02/24,08/02/24,52,,,,inactive
4202,Тюмень,01/02/24,08/02/24,52,,,,inactive
4203,Красноярск,01/02/24,08/02/24,52,,,,inactive
4204,Нижний Новгород,01/02/24,08/02/24,52,1,2.8743055555555554,85956.5,one_time
4205,Тюмень,01/02/24,08/02/24,52,,,,inactive
4206,Саратов,01/02/24,08/02/24,52,,,,inactive
4207,Москва,01/02/24,08/02/24,52,3,3.225462962962963,104694.47,regular
4208,Санкт-Петербург,01/02/24,08/02/24,52,,,,inactive
4209,Омск,01/02/24,08/02/24,52,,,,inactive
4210,Екатеринбург,01/02/24,08/02/24,52,1,4.889583333333333,13164.07,one_time
4211,Казань,01/02/24,08/02/24,52,1,6.772916666666666,58929.81,one_time
4212,Воронеж,01/02/24,08/02/24,52,,,,inactive
4213,Ижевск,01/02/24,08/02/24,52,,,,inactive
4214,Екатеринбург,01/02/24,08/02/24,52,,,,inactive
4215,Тольятти,01/02/24,08/02/24,52,,,,inactive
4216,Волгоград,01/02/24,08/02/24,52,,,,inactive
4217,Санкт-Петербург,01/02/24,08/02/24,52,,,,inactive
4218,Санкт-Петербург,01/02/24,08/02/24,52,,,,inactive
4219,Краснодар,01/02/24,08/02/24,52,,,,inactive
4220,Саратов,01/02/24,08/02/24,52,,,,inactive
4221,Красноярск,01/02/24,08/02/24,52,,,,inactive
4222,Саратов,01/02/24,08/02/24,52,2,2.2899305555555554,54042.06,one_time
4223,Москва,01/02/24,08/02/24,52,,,,inactive
4224,Ижевск,01/02/24,08/02/24,52,1,0.8048611111111111,59106.25,one_time
4225,Москва,01/02/24,08/02/24,52,,,,inactive
4226,Ижевск,01/02/24,08/02/24,52,,,,inactive
4227,Уфа,01/02/24,08/02/24,52,,,,inactive
4228,Ижевск,01/02/24,08/02/24,52,,,,inactive
4229,Москва,01/02/24,08/02/24,52,1,6.936805555555556,27165.68,one_time
4230,Самара,01/02/24,08/02/24,52,,,,inactive
4231,Екатеринбург,01/02/24,08/02/24,52,,,,inactive
4232,Тюмень,01/02/24,08/02/24,52,,,,inactive
4233,Ижевск,01/02/24,08/02/24,52,,,,inactive
4234,Санкт-Петербург,01/02/24,08/02/24,52,,,,inactive
4235,Тольятти,01/02/24,08/02/24,52,,,,inactive
4236,Красноярск,01/02/24,08/02/24,52,,,,inactive
4237,Новосибирск,01/02/24,08/02/24,52,2,6.018055555555556,21730.88,one_time
4238,Волгоград,01/02/24,08/02/24,52,,,,inactive
4239,Челябинск,01/02/24,08/02/24,52,,,,inactive
4240,Екатеринбург,01/02/24,08/02/24,52,,,,inactive
4241,Москва,01/02/24,08/02/24,52,1,5.013888888888889,25508.16,one_time
4242,Воронеж,01/02/24,08/02/24,52,1,2.8805555555555555,6807.61,one_time
4243,Екатеринбург,01/02/24,08/02/24,52,1,7.646527777777778,24590.71,one_time
4244,Красноярск,01/02/24,08/02/24,52,,,,inactive
4245,Уфа,01/02/24,08/02/24,52,,,,inactive
4246,Волгоград,01/02/24,08/02/24,52,,,,inactive
4247,Краснодар,01/02/24,08/02/24,52,,,,inactive
4248,Нижний Новгород,01/02/24,08/02/24,52,,,,inactive
4249,Ростов-на-Дону,01/02/24,08/02/24,52,,,,inactive
4250,Новосибирск,01/02/24,08/02/24,52,,,,inactive
4251,Ижевск,01/02/24,08/02/24,52,,,,inactive
4252,Челябинск,01/02/24,08/02/24,52,,,,inactive
4253,Челябинск,01/02/24,08/02/24,52,,,,inactive
4254,Ижевск,01/02/24,08/02/24,52,,,,inactive
4255,Красноярск,01/02/24,08/02/24,52,,,,inactive
4256,Пермь,01/02/24,08/02/24,52,,,,inactive
4257,Самара,01/02/24,08/02/24,52,,,,inactive
4258,Воронеж,01/02/24,08/02/24,52,,,,inactive
4259,Екатеринбург,01/02/24,08/02/24,52,,,,inactive
4260,Омск,01/02/24,08/02/24,52,1,4.627777777777778,45533.35,one_time
4261,Челябинск,01/02/24,08/02/24,52,,,,inactive
4262,Нижний Новгород,01/02/24,08/02/24,52,,,,inactive
4263,Омск,01/02/24,08/02/24,52,2,2.0340277777777778,137001.47,one_time
4264,Воронеж,01/02/24,08/02/24,52,,,,inactive
4265,Волгоград,01/02/24,08/02/24,52,,,,inactive
4266,Екатеринбург,01/02/24,08/02/24,52,1,0.8541666666666666,4012.02,one_time
4267,Омск,01/02/24,08/02/24,52,1,6.618055555555555,25068.06,one_time
4268,Самара,01/02/24,08/02/24,52,,,,inactive
4269,Казань,01/02/24,08/02/24,52,,,,inactive
4270,Санкт-Петербург,01/02/24,08/02/24,52,,,,inactive
4271,Нижний Новгород,01/02/24,08/02/24,52,1,1.8465277777777778,76040.12,one_time
4272,Пермь,01/02/24,08/02/24,52,,,,inactive
4273,,01/02/24,08/02/24,52,,,,inactive
4274,Челябинск,01/02/24,08/02/24,52,,,,inactive
4275,Ростов-на-Дону,01/02/24,08/02/24,52,,,,inactive
4276,Омск,01/02/24,08/02/24,52,1,5.488888888888889,6309.35,one_time
4277,Екатеринбург,01/02/24,08/02/24,52,1,4.947222222222222,58374.24,one_time
4278,Ижевск,01/02/24,08/02/24,52,,,,inactive
4279,Челябинск,01/02/24,08/02/24,52,,,,inactive
4280,Ижевск,01/02/24,08/02/24,52,,,,inactive
4281,Тольятти,01/02/24,08/02/24,52,1,2.0444444444444443,6810.64,one_time
4282,Нижний Новгород,01/02/24,08/02/24,52,,,,inactive
4283,Казань,01/02/24,08/02/24,52,,,,inactive
4284,Омск,01/02/24,08/02/24,52,,,,inactive
4285,Ростов-на-Дону,01/02/24,08/02/24,52,,,,inactive
4286,Омск,01/02/24,08/02/24,52,,,,inactive
4287,Омск,01/02/24,08/02/24,52,,,,inactive
4288,Екатеринбург,01/02/24,08/02/24,52,1,9.428472222222222,6837.75,one_time
4289,Красноярск,01/02/24,08/02/24,52,,,,inactive
4290,Нижний Новгород,01/02/24,08/02/24,52,,,,inactive
4291,Тюмень,01/02/24,08/02/24,52,,,,inactive
4292,Самара,01/02/24,08/02/24,52,,,,inactive
4293,Красноярск,01/02/24,08/02/24,52,,,,inactive
4294,Ростов-на-Дону,01/02/24,08/02/24,52,,,,inactive
4295,Нижний Новгород,01/02/24,08/02/24,52,,,,inactive
4296,Краснодар,01/02/24,08/02/24,52,,,,inactive
4297,Ижевск,01/02/24,08/02/24,52,,,,inactive
4298,Новосибирск,01/02/24,08/02/24,52,,,,inactive
4299,Саратов,01/02/24,08/02/24,52,,,,inactive
4300,Нижний Новгород,01/02/24,08/02/24,52,,,,inactive
4301,Краснодар,01/02/24,08/02/24,52,,,,inactive
4302,Ростов-на-Дону,01/02/24,08/02/24,52,1,3.379861111111111,113642.39,one_time
4303,Тольятти,01/02/24,08/02/24,52,,,,inactive
4304,Воронеж,01/02/24,08/02/24,52,,,,inactive
4305,Челябинск,01/02/24,08/02/24,52,,,,inactive
4306,Пермь,01/02/24,08/02/24,52,,,,inactive
4307,Краснодар,01/02/24,08/02/24,52,1,5.365972222222222,95137.97,one_time
4308,Пермь,01/02/24,08/02/24,52,,,,inactive
4309,Нижний Новгород,01/02/24,08/02/24,52,,,,inactive
4310,Санкт-Петербург,01/02/24,08/02/24,52,,,,inactive
4311,Ростов-на-Дону,01/02/24,08/02/24,52,2,5.0524305555555555,12043.55,one_time
4312,Ижевск,01/02/24,09/02/24,51,2,4.020486111111111,25106.85,one_time
4313,Уфа,01/02/24,09/02/24,51,,,,inactive
4314,Самара,01/02/24,09/02/24,51,,,,inactive
4315,Казань,01/02/24,09/02/24,51,,,,inactive
4316,Самара,01/02/24,09/02/24,51,1,3.3381944444444445,4370.55,one_time
4317,Саратов,01/02/24,09/02/24,51,1,5.06875,50687.77,one_time
4318,Краснодар,01/02/24,09/02/24,51,,,,inactive
4319,Воронеж,01/02/24,09/02/24,51,,,,inactive
4320,Уфа,01/02/24,09/02/24,51,,,,inactive
4321,Саратов,01/02/24,09/02/24,51,,,,inactive
4322,Тольятти,01/02/24,09/02/24,51,,,,inactive
4323,Новосибирск,01/02/24,09/02/24,51,1,5.440277777777778,20182.67,one_time
4324,Саратов,01/02/24,09/02/24,51,,,,inactive
4325,Казань,01/02/24,09/02/24,51,,,,inactive
4326,Тюмень,01/02/24,09/02/24,51,1,7.25625,2381.4,one_time
4327,Волгоград,01/02/24,09/02/24,51,,,,inactive
4328,Челябинск,01/02/24,09/02/24,51,1,7.247916666666667,109691.08,one_time
4329,Волгоград,01/02/24,09/02/24,51,,,,inactive
4330,Уфа,01/02/24,09/02/24,51,,,,inactive
4331,Новосибирск,01/02/24,09/02/24,51,,,,inactive
4332,Уфа,01/02/24,09/02/24,51,1,5.8875,68080.52,one_time
4333,Самара,01/02/24,09/02/24,51,,,,inactive
4334,Омск,01/02/24,09/02/24,51,,,,inactive
4335,Новосибирск,01/02/24,09/02/24,51,2,6.884375,99320.28,one_time
4336,Нижний Новгород,01/02/24,09/02/24,51,1,1.7,38982.09,one_time
4337,Самара,01/02/24,09/02/24,51,,,,inactive
4338,Тольятти,01/02/24,09/02/24,51,,,,inactive
4339,Красноярск,01/02/24,09/02/24,51,1,7.263888888888889,187003.84,one_time
4340,Омск,01/02/24,09/02/24,51,,,,inactive
4341,Уфа,01/02/24,09/02/24,51,,,,inactive
4342,Пермь,01/02/24,09/02/24,51,,,,inactive
4343,Тюмень,01/02/24,09/02/24,51,,,,inactive
4344,Уфа,01/02/24,09/02/24,51,,,,inactive
4345,Ижевск,01/02/24,09/02/24,51,,,,inactive
4346,Тольятти,01/02/24,09/02/24,51,,,,inactive
4347,Пермь,01/02/24,09/02/24,51,,,,inactive
4348,Ижевск,01/02/24,09/02/24,51,,,,inactive
4349,Самара,01/02/24,09/02/24,51,,,,inactive
4350,Уфа,01/02/24,09/02/24,51,1,6.545138888888889,106528.45,one_time
4351,Пермь,01/02/24,09/02/24,51,,,,inactive
4352,Пермь,01/02/24,09/02/24,51,1,2.95625,32527.0,one_time
4353,Воронеж,01/02/24,09/02/24,51,,,,inactive
4354,Новосибирск,01/02/24,09/02/24,51,,,,inactive
4355,Челябинск,01/02/24,09/02/24,51,,,,inactive
4356,Нижний Новгород,01/02/24,09/02/24,51,3,3.509490740740741,58020.32,regular
4357,Красноярск,01/02/24,09/02/24,51,,,,inactive
4358,Ижевск,01/02/24,09/02/24,51,,,,inactive
4359,Омск,01/02/24,09/02/24,51,1,5.873611111111111,20575.71,one_time
4360,Нижний Новгород,01/02/24,09/02/24,51,2,3.1486111111111112,116651.96,one_time
4361,Воронеж,01/02/24,09/02/24,51,,,,inactive
4362,Омск,01/02/24,09/02/24,51,,,,inactive
4363,Красноярск,01/02/24,09/02/24,51,,,,inactive
4364,Уфа,01/02/24,09/02/24,51,,,,inactive
4365,Челябинск,01/02/24,09/02/24,51,1,4.0,123869.48,one_time
4366,Екатеринбург,01/02/24,09/02/24,51,,,,inactive
4367,Тюмень,01/02/24,09/02/24,51,1,1.1027777777777779,889.14,one_time
4368,Воронеж,01/02/24,09/02/24,51,,,,inactive
4369,Омск,01/02/24,09/02/24,51,1,3.247916666666667,31488.68,one_time
4370,Казань,01/02/24,09/02/24,51,,,,inactive
4371,Красноярск,01/02/24,09/02/24,51,,,,inactive
4372,Уфа,01/02/24,09/02/24,51,,,,inactive
4373,Нижний Новгород,01/02/24,09/02/24,51,,,,inactive
4374,Тюмень,01/02/24,09/02/24,51,,,,inactive
4375,Нижний Новгород,01/02/24,09/02/24,51,2,3.9538194444444446,182078.82,one_time
4376,Волгоград,01/02/24,09/02/24,51,,,,inactive
4377,Тольятти,01/02/24,09/02/24,51,,,,inactive
4378,Самара,01/02/24,09/02/24,51,,,,inactive
4379,Екатеринбург,01/02/24,09/02/24,51,,,,inactive
4380,Новосибирск,01/02/24,09/02/24,51,1,7.411111111111111,45797.79,one_time
4381,Москва,01/02/24,09/02/24,51,,,,inactive
4382,Воронеж,01/02/24,09/02/24,51,,,,inactive
4383,Волгоград,01/02/24,09/02/24,51,,,,inactive
4384,Москва,01/02/24,09/02/24,51,,,,inactive
4385,Саратов,01/02/24,09/02/24,51,,,,inactive
4386,Ижевск,01/02/24,09/02/24,51,,,,inactive
4387,Пермь,01/02/24,09/02/24,51,,,,inactive
4388,Челябинск,01/02/24,09/02/24,51,,,,inactive
4389,,01/02/24,09/02/24,51,,,,inactive
4390,Екатеринбург,01/02/24,09/02/24,51,,,,inactive
4391,Пермь,01/02/24,09/02/24,51,,,,inactive
4392,Воронеж,01/02/24,09/02/24,51,,,,inactive
4393,Челябинск,01/02/24,09/02/24,51,1,6.204166666666667,63222.6,one_time
4394,Тюмень,01/02/24,09/02/24,51,,,,inactive
4395,Самара,01/02/24,09/02/24,51,,,,inactive
4396,Казань,01/02/24,09/02/24,51,,,,inactive
4397,Нижний Новгород,01/02/24,09/02/24,51,2,5.393402777777778,78768.22,one_time
4398,Нижний Новгород,01/02/24,09/02/24,51,,,,inactive
4399,Казань,01/02/24,09/02/24,51,1,7.238888888888889,37562.09,one_time
4400,Саратов,01/02/24,09/02/24,51,,,,inactive
4401,Тюмень,01/02/24,09/02/24,51,,,,inactive
4402,Уфа,01/02/24,09/02/24,51,2,5.711111111111111,58444.38,one_time
4403,Казань,01/02/24,09/02/24,51,,,,inactive
4404,Воронеж,01/02/24,09/02/24,51,,,,inactive
4405,Ростов-на-Дону,01/02/24,09/02/24,51,,,,inactive
4406,Уфа,01/02/24,09/02/24,51,,,,inactive
4407,Омск,01/02/24,09/02/24,51,,,,inactive
4408,Ижевск,01/02/24,09/02/24,51,,,,inactive
4409,Краснодар,01/02/24,09/02/24,51,,,,inactive
4410,Волгоград,01/02/24,09/02/24,51,1,6.927083333333333,13870.01,one_time
4411,Казань,01/02/24,09/02/24,51,1,4.3597222222222225,16940.53,one_time
4412,Самара,01/02/24,09/02/24,51,,,,inactive
4413,Нижний Новгород,01/02/24,10/02/24,50,,,,inactive
4414,Краснодар,01/02/24,10/02/24,50,,,,inactive
4415,Казань,01/02/24,10/02/24,50,,,,inactive
4416,Волгоград,01/02/24,10/02/24,50,,,,inactive
4417,Ростов-на-Дону,01/02/24,10/02/24,50,,,,inactive
4418,Казань,01/02/24,10/02/24,50,,,,inactive
4419,Воронеж,01/02/24,10/02/24,50,1,3.5909722222222222,41380.88,one_time
4420,Уфа,01/02/24,10/02/24,50,,,,inactive
4421,Ижевск,01/02/24,10/02/24,50,,,,inactive
4422,Самара,01/02/24,10/02/24,50,,,,inactive
4423,Санкт-Петербург,01/02/24,10/02/24,50,,,,inactive
4424,Волгоград,01/02/24,10/02/24,50,2,3.4350694444444443,93620.17,one_time
4425,Ижевск,01/02/24,10/02/24,50,2,4.376041666666667,105915.69,one_time
4426,Новосибирск,01/02/24,10/02/24,50,,,,inactive
4427,Омск,01/02/24,10/02/24,50,,,,inactive
4428,Тюмень,01/02/24,10/02/24,50,,,,inactive
4429,Пермь,01/02/24,10/02/24,50,,,,inactive
4430,Саратов,01/02/24,10/02/24,50,,,,inactive
4431,Пермь,01/02/24,10/02/24,50,,,,inactive
4432,Саратов,01/02/24,10/02/24,50,1,6.134027777777778,69479.03,one_time
4433,Москва,01/02/24,10/02/24,50,2,4.532638888888889,235717.36,one_time
4434,Уфа,01/02/24,10/02/24,50,1,5.603472222222222,36186.67,one_time
4435,Тольятти,01/02/24,10/02/24,50,,,,inactive
4436,Тольятти,01/02/24,10/02/24,50,,,,inactive
4437,Самара,01/02/24,10/02/24,50,1,5.440277777777778,40843.83,one_time
4438,Саратов,01/02/24,10/02/24,50,,,,inactive
4439,Москва,01/02/24,10/02/24,50,,,,inactive
4440,Красноярск,01/02/24,10/02/24,50,,,,inactive
4441,Санкт-Петербург,01/02/24,10/02/24,50,,,,inactive
4442,Санкт-Петербург,01/02/24,10/02/24,50,,,,inactive
4443,Нижний Новгород,01/02/24,10/02/24,50,,,,inactive
4444,Тольятти,01/02/24,10/02/24,50,,,,inactive
4445,Красноярск,01/02/24,10/02/24,50,1,5.104861111111111,18747.88,one_time
4446,Саратов,01/02/24,10/02/24,50,,,,inactive
4447,Волгоград,01/02/24,10/02/24,50,,,,inactive
4448,Тольятти,01/02/24,10/02/24,50,,,,inactive
4449,Нижний Новгород,01/02/24,10/02/24,50,3,6.305555555555556,164407.86,regular
4450,Новосибирск,01/02/24,10/02/24,50,1,7.097222222222222,34840.83,one_time
4451,Екатеринбург,01/02/24,10/02/24,50,1,7.740277777777778,23513.12,one_time
4452,Пермь,01/02/24,10/02/24,50,,,,inactive
4453,Красноярск,01/02/24,10/02/24,50,,,,inactive
4454,Саратов,01/02/24,10/02/24,50,,,,inactive
4455,Краснодар,01/02/24,10/02/24,50,1,6.252083333333333,28449.74,one_time
4456,Самара,01/02/24,10/02/24,50,,,,inactive
4457,Новосибирск,01/02/24,10/02/24,50,,,,inactive
4458,Новосибирск,01/02/24,10/02/24,50,1,2.8916666666666666,24124.83,one_time
4459,Ижевск,01/02/24,10/02/24,50,1,4.0,90666.67,one_time
4460,Нижний Новгород,01/02/24,10/02/24,50,,,,inactive
4461,Уфа,01/02/24,10/02/24,50,,,,inactive
4462,Казань,01/02/24,10/02/24,50,,,,inactive
4463,Тюмень,01/02/24,10/02/24,50,,,,inactive
4464,Саратов,01/02/24,10/02/24,50,,,,inactive
4465,Тюмень,01/02/24,10/02/24,50,,,,inactive
4466,Санкт-Петербург,01/02/24,10/02/24,50,,,,inactive
4467,Самара,01/02/24,10/02/24,50,,,,inactive
4468,Тюмень,01/02/24,10/02/24,50,1,1.957638888888889,10864.36,one_time
4469,Уфа,01/02/24,10/02/24,50,,,,inactive
4470,Ижевск,01/02/24,10/02/24,50,,,,inactive
4471,Тюмень,01/02/24,10/02/24,50,,,,inactive
4472,Уфа,01/02/24,10/02/24,50,,,,inactive
4473,Красноярск,01/02/24,10/02/24,50,1,2.2402777777777776,2311.19,one_time
4474,Самара,01/02/24,10/02/24,50,,,,inactive
4475,Омск,01/02/24,10/02/24,50,,,,inactive
4476,Екатеринбург,01/02/24,10/02/24,50,,,,inactive
4477,Самара,01/02/24,10/02/24,50,,,,inactive
4478,Москва,01/02/24,10/02/24,50,,,,inactive
4479,Москва,01/02/24,10/02/24,50,,,,inactive
4480,Тольятти,01/02/24,10/02/24,50,,,,inactive
4481,Тюмень,01/02/24,10/02/24,50,1,3.454861111111111,28320.61,one_time
4482,Новосибирск,01/02/24,10/02/24,50,,,,inactive
4483,Санкт-Петербург,01/02/24,10/02/24,50,,,,inactive
4484,Волгоград,01/02/24,10/02/24,50,,,,inactive
4485,Пермь,01/02/24,10/02/24,50,,,,inactive
4486,Красноярск,01/02/24,10/02/24,50,1,3.952777777777778,37903.99,one_time
4487,Тюмень,01/02/24,10/02/24,50,,,,inactive
4488,Волгоград,01/02/24,10/02/24,50,,,,inactive
4489,Самара,01/02/24,10/02/24,50,,,,inactive
4490,Санкт-Петербург,01/02/24,10/02/24,50,,,,inactive
4491,Новосибирск,01/02/24,10/02/24,50,,,,inactive
4492,,01/02/24,10/02/24,50,,,,inactive
4493,Самара,01/02/24,10/02/24,50,,,,inactive
4494,Омск,01/02/24,10/02/24,50,,,,inactive
4495,Воронеж,01/02/24,10/02/24,50,,,,inactive
4496,Тольятти,01/02/24,10/02/24,50,1,2.442361111111111,6348.59,one_time
4497,Тюмень,01/02/24,10/02/24,50,,,,inactive
4498,Екатеринбург,01/02/24,10/02/24,50,,,,inactive
4499,Новосибирск,01/02/24,10/02/24,50,1,3.8756944444444446,17907.42,one_time
4500,Самара,01/02/24,10/02/24,50,1,4.3902777777777775,9353.79,one_time
4501,Омск,01/02/24,10/02/24,50,1,2.3430555555555554,30605.12,one_time
4502,Нижний Новгород,01/02/24,10/02/24,50,,,,inactive
4503,Омск,01/02/24,10/02/24,50,,,,inactive
4504,Пермь,01/02/24,10/02/24,50,1,1.6958333333333333,12996.39,one_time
4505,Санкт-Петербург,01/02/24,10/02/24,50,,,,inactive
4506,Новосибирск,01/02/24,10/02/24,50,,,,inactive
4507,Ижевск,01/02/24,10/02/24,50,,,,inactive
4508,Пермь,01/02/24,10/02/24,50,,,,inactive
4509,Тюмень,01/02/24,10/02/24,50,,,,inactive
4510,Саратов,01/02/24,10/02/24,50,,,,inactive
4511,Воронеж,01/02/24,10/02/24,50,,,,inactive
4512,Воронеж,01/02/24,10/02/24,50,,,,inactive
4513,Тюмень,01/02/24,10/02/24,50,,,,inactive
4514,Челябинск,01/02/24,10/02/24,50,,,,inactive
4515,Пермь,01/02/24,10/02/24,50,,,,inactive
4516,Челябинск,01/02/24,10/02/24,50,,,,inactive
4517,Омск,01/02/24,10/02/24,50,,,,inactive
4518,Воронеж,01/02/24,11/02/24,49,,,,inactive
4519,Уфа,01/02/24,11/02/24,49,,,,inactive
4520,Казань,01/02/24,11/02/24,49,,,,inactive
4521,Казань,01/02/24,11/02/24,49,,,,inactive
4522,Челябинск,01/02/24,11/02/24,49,,,,inactive
4523,Краснодар,01/02/24,11/02/24,49,,,,inactive
4524,Ижевск,01/02/24,11/02/24,49,,,,inactive
4525,Пермь,01/02/24,11/02/24,49,,,,inactive
4526,Самара,01/02/24,11/02/24,49,1,6.402083333333334,60075.31,one_time
4527,Казань,01/02/24,11/02/24,49,,,,inactive
4528,Омск,01/02/24,11/02/24,49,1,6.457638888888889,56409.88,one_time
4529,Тюмень,01/02/24,11/02/24,49,,,,inactive
4530,Новосибирск,01/02/24,11/02/24,49,,,,inactive
4531,Воронеж,01/02/24,11/02/24,49,1,5.461111111111111,35757.42,one_time
4532,Челябинск,01/02/24,11/02/24,49,,,,inactive
4533,Челябинск,01/02/24,11/02/24,49,,,,inactive
4534,Ижевск,01/02/24,11/02/24,49,,,,inactive
4535,Волгоград,01/02/24,11/02/24,49,,,,inactive
4536,Самара,01/02/24,11/02/24,49,,,,inactive
4537,Новосибирск,01/02/24,11/02/24,49,1,6.30625,93261.33,one_time
4538,Челябинск,01/02/24,11/02/24,49,,,,inactive
4539,Челябинск,01/02/24,11/02/24,49,,,,inactive
4540,Тольятти,01/02/24,11/02/24,49,,,,inactive
4541,Воронеж,01/02/24,11/02/24,49,2,3.5555555555555554,98836.88,one_time
4542,Челябинск,01/02/24,11/02/24,49,,,,inactive
4543,Новосибирск,01/02/24,11/02/24,49,,,,inactive
4544,Пермь,01/02/24,11/02/24,49,,,,inactive
4545,Новосибирск,01/02/24,11/02/24,49,,,,inactive
4546,Нижний Новгород,01/02/24,11/02/24,49,,,,inactive
4547,Воронеж,01/02/24,11/02/24,49,,,,inactive
4548,Нижний Новгород,01/02/24,11/02/24,49,,,,inactive
4549,Москва,01/02/24,11/02/24,49,1,3.1145833333333335,40367.09,one_time
4550,Новосибирск,01/02/24,11/02/24,49,2,2.9,35098.3,one_time
4551,Саратов,01/02/24,11/02/24,49,1,2.314583333333333,10761.34,one_time
4552,Красноярск,01/02/24,11/02/24,49,,,,inactive
4553,Москва,01/02/24,11/02/24,49,,,,inactive
4554,Нижний Новгород,01/02/24,11/02/24,49,,,,inactive
4555,Самара,01/02/24,11/02/24,49,,,,inactive
4556,Ижевск,01/02/24,11/02/24,49,1,5.476388888888889,9950.04,one_time
4557,Волгоград,01/02/24,11/02/24,49,3,5.5874999999999995,150018.18,regular
4558,Самара,01/02/24,11/02/24,49,,,,inactive
4559,Волгоград,01/02/24,11/02/24,49,,,,inactive
4560,Самара,01/02/24,11/02/24,49,1,5.814583333333333,135325.29,one_time
4561,Волгоград,01/02/24,11/02/24,49,1,7.4222222222222225,59158.13,one_time
4562,Казань,01/02/24,11/02/24,49,,,,inactive
4563,Самара,01/02/24,11/02/24,49,1,2.15625,52802.51,one_time
4564,Уфа,01/02/24,11/02/24,49,,,,inactive
4565,Санкт-Петербург,01/02/24,11/02/24,49,,,,inactive
4566,Волгоград,01/02/24,11/02/24,49,,,,inactive
4567,Москва,01/02/24,11/02/24,49,2,4.784722222222222,24977.31,one_time
4568,Тюмень,01/02/24,11/02/24,49,2,4.56875,22820.83,one_time
4569,Пермь,01/02/24,11/02/24,49,,,,inactive
4570,Омск,01/02/24,11/02/24,49,,,,inactive
4571,Тюмень,01/02/24,11/02/24,49,,,,inactive
4572,Ижевск,01/02/24,11/02/24,49,,,,inactive
4573,Краснодар,01/02/24,11/02/24,49,1,7.5152777777777775,18316.74,one_time
4574,Челябинск,01/02/24,11/02/24,49,,,,inactive
4575,Краснодар,01/02/24,11/02/24,49,1,5.190277777777778,20648.35,one_time
4576,Ижевск,01/02/24,11/02/24,49,,,,inactive
4577,Новосибирск,01/02/24,11/02/24,49,,,,inactive
4578,Красноярск,01/02/24,11/02/24,49,,,,inactive
4579,Волгоград,01/02/24,11/02/24,49,,,,inactive
4580,Тольятти,01/02/24,11/02/24,49,,,,inactive
4581,Омск,01/02/24,11/02/24,49,,,,inactive
4582,Краснодар,01/02/24,11/02/24,49,,,,inactive
4583,Тюмень,01/02/24,11/02/24,49,,,,inactive
4584,Челябинск,01/02/24,11/02/24,49,,,,inactive
4585,Уфа,01/02/24,11/02/24,49,,,,inactive
4586,Москва,01/02/24,11/02/24,49,,,,inactive
4587,Красноярск,01/02/24,11/02/24,49,1,7.1409722222222225,69919.39,one_time
4588,Тюмень,01/02/24,11/02/24,49,,,,inactive
4589,Нижний Новгород,01/02/24,11/02/24,49,,,,inactive
4590,Челябинск,01/02/24,11/02/24,49,,,,inactive
4591,Краснодар,01/02/24,11/02/24,49,,,,inactive
4592,Тюмень,01/02/24,11/02/24,49,,,,inactive
4593,Красноярск,01/02/24,11/02/24,49,,,,inactive
4594,Москва,01/02/24,11/02/24,49,,,,inactive
4595,Тольятти,01/02/24,11/02/24,49,,,,inactive
4596,Тюмень,01/02/24,11/02/24,49,,,,inactive
4597,Санкт-Петербург,01/02/24,11/02/24,49,,,,inactive
4598,Саратов,01/02/24,11/02/24,49,,,,inactive
4599,Красноярск,01/02/24,11/02/24,49,,,,inactive
4600,Екатеринбург,01/02/24,11/02/24,49,,,,inactive
4601,Волгоград,01/02/24,11/02/24,49,1,3.9069444444444446,6481.89,one_time
4602,Уфа,01/02/24,11/02/24,49,1,3.676388888888889,58816.17,one_time
4603,Ростов-на-Дону,01/02/24,11/02/24,49,,,,inactive
4604,Волгоград,01/02/24,11/02/24,49,1,5.288888888888889,83263.47,one_time
4605,Тюмень,01/02/24,11/02/24,49,1,4.815972222222222,2962.18,one_time
4606,Уфа,01/02/24,11/02/24,49,,,,inactive
4607,Казань,01/02/24,11/02/24,49,,,,inactive
4608,Пермь,01/02/24,11/02/24,49,,,,inactive
4609,Ростов-на-Дону,01/02/24,12/02/24,48,,,,inactive
4610,Красноярск,01/02/24,12/02/24,48,,,,inactive
4611,Санкт-Петербург,01/02/24,12/02/24,48,,,,inactive
4612,Ростов-на-Дону,01/02/24,12/02/24,48,1,7.347916666666666,30545.75,one_time
4613,Ижевск,01/02/24,12/02/24,48,,,,inactive
4614,Ростов-на-Дону,01/02/24,12/02/24,48,,,,inactive
4615,Екатеринбург,01/02/24,12/02/24,48,,,,inactive
4616,Красноярск,01/02/24,12/02/24,48,,,,inactive
4617,Воронеж,01/02/24,12/02/24,48,,,,inactive
4618,Тольятти,01/02/24,12/02/24,48,,,,inactive
4619,Саратов,01/02/24,12/02/24,48,2,3.8760416666666666,24442.31,one_time
4620,Тюмень,01/02/24,12/02/24,48,,,,inactive
4621,Нижний Новгород,01/02/24,12/02/24,48,,,,inactive
4622,Тольятти,01/02/24,12/02/24,48,,,,inactive
4623,Новосибирск,01/02/24,12/02/24,48,,,,inactive
4624,Краснодар,01/02/24,12/02/24,48,,,,inactive
4625,Волгоград,01/02/24,12/02/24,48,,,,inactive
4626,Тольятти,01/02/24,12/02/24,48,,,,inactive
4627,Санкт-Петербург,01/02/24,12/02/24,48,,,,inactive
4628,Новосибирск,01/02/24,12/02/24,48,1,5.186805555555556,12366.89,one_time
4629,Санкт-Петербург,01/02/24,12/02/24,48,1,0.41944444444444445,85212.33,one_time
4630,Волгоград,01/02/24,12/02/24,48,,,,inactive
4631,Тюмень,01/02/24,12/02/24,48,,,,inactive
4632,Ижевск,01/02/24,12/02/24,48,,,,inactive
4633,Омск,01/02/24,12/02/24,48,,,,inactive
4634,Тюмень,01/02/24,12/02/24,48,,,,inactive
4635,Казань,01/02/24,12/02/24,48,,,,inactive
4636,Ростов-на-Дону,01/02/24,12/02/24,48,,,,inactive
4637,Казань,01/02/24,12/02/24,48,,,,inactive
4638,Казань,01/02/24,12/02/24,48,,,,inactive
4639,Екатеринбург,01/02/24,12/02/24,48,,,,inactive
4640,Воронеж,01/02/24,12/02/24,48,,,,inactive
4641,Краснодар,01/02/24,12/02/24,48,,,,inactive
4642,Ижевск,01/02/24,12/02/24,48,,,,inactive
4643,Екатеринбург,01/02/24,12/02/24,48,1,5.516666666666667,49522.73,one_time
4644,Волгоград,01/02/24,12/02/24,48,,,,inactive
4645,Омск,01/02/24,12/02/24,48,1,4.415972222222222,31804.82,one_time
4646,Челябинск,01/02/24,12/02/24,48,,,,inactive
4647,Уфа,01/02/24,12/02/24,48,,,,inactive
4648,Нижний Новгород,01/02/24,12/02/24,48,,,,inactive
4649,Саратов,01/02/24,12/02/24,48,,,,inactive
4650,Санкт-Петербург,01/02/24,12/02/24,48,,,,inactive
4651,Краснодар,01/02/24,12/02/24,48,,,,inactive
4652,Казань,01/02/24,12/02/24,48,,,,inactive
4653,Краснодар,01/02/24,12/02/24,48,,,,inactive
4654,Ростов-на-Дону,01/02/24,12/02/24,48,1,4.88125,114702.73,one_time
4655,Казань,01/02/24,12/02/24,48,,,,inactive
4656,Ростов-на-Дону,01/02/24,12/02/24,48,,,,inactive
4657,Пермь,01/02/24,12/02/24,48,,,,inactive
4658,Красноярск,01/02/24,12/02/24,48,,,,inactive
4659,Омск,01/02/24,12/02/24,48,,,,inactive
4660,Краснодар,01/02/24,12/02/24,48,1,5.1819444444444445,57514.32,one_time
4661,Тюмень,01/02/24,12/02/24,48,,,,inactive
4662,Ижевск,01/02/24,12/02/24,48,,,,inactive
4663,Нижний Новгород,01/02/24,12/02/24,48,,,,inactive
4664,Москва,01/02/24,12/02/24,48,,,,inactive
4665,Ростов-на-Дону,01/02/24,12/02/24,48,,,,inactive
4666,Тольятти,01/02/24,12/02/24,48,1,4.848611111111111,94643.24,one_time
4667,Омск,01/02/24,12/02/24,48,,,,inactive
4668,Тольятти,01/02/24,12/02/24,48,,,,inactive
4669,Пермь,01/02/24,12/02/24,48,1,5.263194444444444,12706.85,one_time
4670,Тольятти,01/02/24,12/02/24,48,,,,inactive
4671,Волгоград,01/02/24,12/02/24,48,,,,inactive
4672,Ростов-на-Дону,01/02/24,12/02/24,48,,,,inactive
4673,Тюмень,01/02/24,12/02/24,48,1,3.9833333333333334,147982.13,one_time
4674,Тюмень,01/02/24,12/02/24,48,1,2.5652777777777778,2721.7,one_time
4675,Омск,01/02/24,12/02/24,48,,,,inactive
4676,Челябинск,01/02/24,12/02/24,48,,,,inactive
4677,Уфа,01/02/24,12/02/24,48,,,,inactive
4678,Ростов-на-Дону,01/02/24,12/02/24,48,,,,inactive
4679,Нижний Новгород,01/02/24,12/02/24,48,,,,inactive
4680,Омск,01/02/24,12/02/24,48,,,,inactive
4681,Челябинск,01/02/24,12/02/24,48,,,,inactive
4682,Краснодар,01/02/24,12/02/24,48,,,,inactive
4683,Пермь,01/02/24,12/02/24,48,,,,inactive
4684,Санкт-Петербург,01/02/24,12/02/24,48,,,,inactive
4685,Ижевск,01/02/24,12/02/24,48,,,,inactive
4686,Нижний Новгород,01/02/24,12/02/24,48,,,,inactive
4687,Саратов,01/02/24,12/02/24,48,,,,inactive
4688,Омск,01/02/24,12/02/24,48,,,,inactive
4689,Санкт-Петербург,01/02/24,12/02/24,48,1,3.826388888888889,20500.38,one_time
4690,Челябинск,01/02/24,12/02/24,48,,,,inactive
4691,Красноярск,01/02/24,12/02/24,48,,,,inactive
4692,Новосибирск,01/02/24,12/02/24,48,,,,inactive
4693,Ижевск,01/02/24,12/02/24,48,,,,inactive
4694,Нижний Новгород,01/02/24,12/02/24,48,,,,inactive
4695,Нижний Новгород,01/02/24,12/02/24,48,,,,inactive
4696,Новосибирск,01/02/24,12/02/24,48,,,,inactive
4697,Краснодар,01/02/24,12/02/24,48,,,,inactive
4698,Красноярск,01/02/24,12/02/24,48,,,,inactive
4699,Саратов,01/02/24,12/02/24,48,,,,inactive
4700,Казань,01/02/24,12/02/24,48,,,,inactive
4701,Омск,01/02/24,12/02/24,48,1,2.933333333333333,111644.76,one_time
4702,Челябинск,01/02/24,12/02/24,48,,,,inactive
4703,Уфа,01/02/24,12/02/24,48,1,5.381944444444445,32252.47,one_time
4704,Омск,01/02/24,12/02/24,48,,,,inactive
4705,Москва,01/02/24,12/02/24,48,1,5.052777777777778,280.11,one_time
4706,Казань,01/02/24,12/02/24,48,,,,inactive
4707,Казань,01/02/24,12/02/24,48,,,,inactive
4708,Тольятти,01/02/24,12/02/24,48,,,,inactive
4709,Санкт-Петербург,01/02/24,12/02/24,48,,,,inactive
4710,Нижний Новгород,01/02/24,12/02/24,48,,,,inactive
4711,Красноярск,01/02/24,12/02/24,48,,,,inactive
4712,Волгоград,01/02/24,12/02/24,48,,,,inactive
4713,Ижевск,01/02/24,13/02/24,47,,,,inactive
4714,Самара,01/02/24,13/02/24,47,,,,inactive
4715,Санкт-Петербург,01/02/24,13/02/24,47,,,,inactive
4716,Ижевск,01/02/24,13/02/24,47,,,,inactive
4717,Тюмень,01/02/24,13/02/24,47,,,,inactive
4718,Саратов,01/02/24,13/02/24,47,1,5.6930555555555555,1361.81,one_time
4719,Челябинск,01/02/24,13/02/24,47,,,,inactive
4720,Новосибирск,01/02/24,13/02/24,47,,,,inactive
4721,Волгоград,01/02/24,13/02/24,47,1,5.625694444444444,25466.13,one_time
4722,Красноярск,01/02/24,13/02/24,47,,,,inactive
4723,Тюмень,01/02/24,13/02/24,47,,,,inactive
4724,Омск,01/02/24,13/02/24,47,,,,inactive
4725,Уфа,01/02/24,13/02/24,47,,,,inactive
4726,Саратов,01/02/24,13/02/24,47,1,8.379861111111111,29081.4,one_time
4727,Нижний Новгород,01/02/24,13/02/24,47,,,,inactive
4728,Нижний Новгород,01/02/24,13/02/24,47,1,2.004166666666667,34129.34,one_time
4729,Казань,01/02/24,13/02/24,47,,,,inactive
4730,Тольятти,01/02/24,13/02/24,47,,,,inactive
4731,Уфа,01/02/24,13/02/24,47,1,3.8673611111111112,152729.9,one_time
4732,Волгоград,01/02/24,13/02/24,47,,,,inactive
4733,Тюмень,01/02/24,13/02/24,47,,,,inactive
4734,Москва,01/02/24,13/02/24,47,,,,inactive
4735,Красноярск,01/02/24,13/02/24,47,,,,inactive
4736,Казань,01/02/24,13/02/24,47,,,,inactive
4737,Ижевск,01/02/24,13/02/24,47,,,,inactive
4738,Уфа,01/02/24,13/02/24,47,,,,inactive
4739,Самара,01/02/24,13/02/24,47,,,,inactive
4740,Уфа,01/02/24,13/02/24,47,2,2.8479166666666664,50719.1,one_time
4741,Челябинск,01/02/24,13/02/24,47,,,,inactive
4742,Екатеринбург,01/02/24,13/02/24,47,,,,inactive
4743,Омск,01/02/24,13/02/24,47,,,,inactive
4744,Омск,01/02/24,13/02/24,47,1,4.96875,109120.68,one_time
4745,Краснодар,01/02/24,13/02/24,47,,,,inactive
4746,Нижний Новгород,01/02/24,13/02/24,47,,,,inactive
4747,Тюмень,01/02/24,13/02/24,47,,,,inactive
4748,Воронеж,01/02/24,13/02/24,47,,,,inactive
4749,Краснодар,01/02/24,13/02/24,47,,,,inactive
4750,Екатеринбург,01/02/24,13/02/24,47,,,,inactive
4751,Волгоград,01/02/24,13/02/24,47,,,,inactive
4752,Уфа,01/02/24,13/02/24,47,,,,inactive
4753,Санкт-Петербург,01/02/24,13/02/24,47,1,3.845833333333333,103808.94,one_time
4754,Ижевск,01/02/24,13/02/24,47,,,,inactive
4755,Уфа,01/02/24,13/02/24,47,,,,inactive
4756,Саратов,01/02/24,13/02/24,47,,,,inactive
4757,Ижевск,01/02/24,13/02/24,47,,,,inactive
4758,Волгоград,01/02/24,13/02/24,47,,,,inactive
4759,Казань,01/02/24,13/02/24,47,,,,inactive
4760,Тюмень,01/02/24,13/02/24,47,,,,inactive
4761,Нижний Новгород,01/02/24,13/02/24,47,,,,inactive
4762,Тольятти,01/02/24,13/02/24,47,1,7.457638888888889,99881.55,one_time
4763,Санкт-Петербург,01/02/24,13/02/24,47,1,2.9375,22963.88,one_time
4764,Самара,01/02/24,13/02/24,47,,,,inactive
4765,Санкт-Петербург,01/02/24,13/02/24,47,,,,inactive
4766,Уфа,01/02/24,13/02/24,47,,,,inactive
4767,Ижевск,01/02/24,13/02/24,47,,,,inactive
4768,Волгоград,01/02/24,13/02/24,47,,,,inactive
4769,Самара,01/02/24,13/02/24,47,,,,inactive
4770,Омск,01/02/24,13/02/24,47,,,,inactive
4771,Омск,01/02/24,13/02/24,47,,,,inactive
4772,Казань,01/02/24,13/02/24,47,,,,inactive
4773,Тольятти,01/02/24,13/02/24,47,,,,inactive
4774,Краснодар,01/02/24,13/02/24,47,1,7.840277777777778,1624.42,one_time
4775,Новосибирск,01/02/24,13/02/24,47,,,,inactive
4776,Краснодар,01/02/24,13/02/24,47,,,,inactive
4777,Санкт-Петербург,01/02/24,13/02/24,47,,,,inactive
4778,Нижний Новгород,01/02/24,13/02/24,47,,,,inactive
4779,Самара,01/02/24,13/02/24,47,,,,inactive
4780,Саратов,01/02/24,13/02/24,47,,,,inactive
4781,Новосибирск,01/02/24,13/02/24,47,,,,inactive
4782,Нижний Новгород,01/02/24,13/02/24,47,,,,inactive
4783,Екатеринбург,01/02/24,13/02/24,47,,,,inactive
4784,Москва,01/02/24,13/02/24,47,,,,inactive
4785,Волгоград,01/02/24,13/02/24,47,,,,inactive
4786,Краснодар,01/02/24,13/02/24,47,1,5.736111111111111,84728.35,one_time
4787,Ростов-на-Дону,01/02/24,13/02/24,47,,,,inactive
4788,Новосибирск,01/02/24,13/02/24,47,,,,inactive
4789,Краснодар,01/02/24,13/02/24,47,,,,inactive
4790,Москва,01/02/24,13/02/24,47,1,6.061111111111111,52318.29,one_time
4791,Пермь,01/02/24,13/02/24,47,,,,inactive
4792,Воронеж,01/02/24,13/02/24,47,,,,inactive
4793,Волгоград,01/02/24,13/02/24,47,,,,inactive
4794,Саратов,01/02/24,13/02/24,47,,,,inactive
4795,Нижний Новгород,01/02/24,13/02/24,47,1,3.5993055555555555,2128.84,one_time
4796,Омск,01/02/24,13/02/24,47,,,,inactive
4797,Москва,01/02/24,13/02/24,47,,,,inactive
4798,Воронеж,01/02/24,13/02/24,47,,,,inactive
4799,Нижний Новгород,01/02/24,13/02/24,47,,,,inactive
4800,Москва,01/02/24,13/02/24,47,,,,inactive
4801,Казань,01/02/24,13/02/24,47,,,,inactive
4802,Уфа,01/02/24,13/02/24,47,,,,inactive
4803,Тюмень,01/02/24,13/02/24,47,,,,inactive
4804,Волгоград,01/02/24,13/02/24,47,,,,inactive
4805,Москва,01/02/24,13/02/24,47,,,,inactive
4806,Самара,01/02/24,13/02/24,47,2,3.9916666666666667,56967.9,one_time
4807,Челябинск,01/02/24,13/02/24,47,,,,inactive
4808,Ростов-на-Дону,01/02/24,13/02/24,47,1,6.642361111111111,65618.0,one_time
4809,Омск,01/02/24,13/02/24,47,,,,inactive
4810,Тольятти,01/02/24,13/02/24,47,1,2.0034722222222223,66068.28,one_time
4811,Волгоград,01/02/24,13/02/24,47,1,7.3,25176.12,one_time
4812,Казань,01/02/24,13/02/24,47,,,,inactive
4813,Новосибирск,01/02/24,13/02/24,47,,,,inactive
4814,Красноярск,01/02/24,13/02/24,47,1,6.410416666666666,88815.25,one_time
4815,Санкт-Петербург,01/02/24,13/02/24,47,,,,inactive
4816,Санкт-Петербург,01/02/24,13/02/24,47,,,,inactive
4817,Пермь,01/02/24,13/02/24,47,,,,inactive
4818,Красноярск,01/02/24,14/02/24,46,2,2.4767361111111112,23003.58,one_time
4819,Санкт-Петербург,01/02/24,14/02/24,46,,,,inactive
4820,Новосибирск,01/02/24,14/02/24,46,,,,inactive
4821,Екатеринбург,01/02/24,14/02/24,46,,,,inactive
4822,Нижний Новгород,01/02/24,14/02/24,46,1,5.191666666666666,46880.0,one_time
4823,Санкт-Петербург,01/02/24,14/02/24,46,,,,inactive
4824,Самара,01/02/24,14/02/24,46,,,,inactive
4825,Саратов,01/02/24,14/02/24,46,,,,inactive
4826,Санкт-Петербург,01/02/24,14/02/24,46,,,,inactive
4827,Москва,01/02/24,14/02/24,46,,,,inactive
4828,Нижний Новгород,01/02/24,14/02/24,46,,,,inactive
4829,Москва,01/02/24,14/02/24,46,1,5.790277777777778,12621.64,one_time
4830,Ижевск,01/02/24,14/02/24,46,,,,inactive
4831,Тюмень,01/02/24,14/02/24,46,,,,inactive
4832,Самара,01/02/24,14/02/24,46,,,,inactive
4833,Екатеринбург,01/02/24,14/02/24,46,1,0.7770833333333333,28084.58,one_time
4834,Екатеринбург,01/02/24,14/02/24,46,,,,inactive
4835,Воронеж,01/02/24,14/02/24,46,,,,inactive
4836,Казань,01/02/24,14/02/24,46,1,7.5256944444444445,61498.46,one_time
4837,Уфа,01/02/24,14/02/24,46,,,,inactive
4838,Нижний Новгород,01/02/24,14/02/24,46,1,1.9826388888888888,23198.5,one_time
4839,Екатеринбург,01/02/24,14/02/24,46,,,,inactive
4840,Ижевск,01/02/24,14/02/24,46,1,6.325694444444444,40389.96,one_time
4841,Уфа,01/02/24,14/02/24,46,,,,inactive
4842,Воронеж,01/02/24,14/02/24,46,,,,inactive
4843,Нижний Новгород,01/02/24,14/02/24,46,,,,inactive
4844,Нижний Новгород,01/02/24,14/02/24,46,,,,inactive
4845,Санкт-Петербург,01/02/24,14/02/24,46,,,,inactive
4846,Воронеж,01/02/24,14/02/24,46,,,,inactive
4847,Нижний Новгород,01/02/24,14/02/24,46,2,4.822222222222223,27781.15,one_time
4848,Нижний Новгород,01/02/24,14/02/24,46,,,,inactive
4849,,01/02/24,14/02/24,46,,,,inactive
4850,Красноярск,01/02/24,14/02/24,46,,,,inactive
4851,Красноярск,01/02/24,14/02/24,46,,,,inactive
4852,Ростов-на-Дону,01/02/24,14/02/24,46,,,,inactive
4853,Красноярск,01/02/24,14/02/24,46,,,,inactive
4854,Екатеринбург,01/02/24,14/02/24,46,,,,inactive
4855,Тюмень,01/02/24,14/02/24,46,,,,inactive
4856,Саратов,01/02/24,14/02/24,46,,,,inactive
4857,Тюмень,01/02/24,14/02/24,46,,,,inactive
4858,Ростов-на-Дону,01/02/24,14/02/24,46,1,2.71875,31889.2,one_time
4859,Красноярск,01/02/24,14/02/24,46,,,,inactive
4860,Екатеринбург,01/02/24,14/02/24,46,1,7.916666666666667,86778.8,one_time
4861,Ростов-на-Дону,01/02/24,14/02/24,46,1,7.586111111111111,1293.84,one_time
4862,Тюмень,01/02/24,14/02/24,46,,,,inactive
4863,Тольятти,01/02/24,14/02/24,46,,,,inactive
4864,Пермь,01/02/24,14/02/24,46,1,6.9125,13445.64,one_time
4865,Москва,01/02/24,14/02/24,46,,,,inactive
4866,Самара,01/02/24,14/02/24,46,,,,inactive
4867,Красноярск,01/02/24,14/02/24,46,,,,inactive
4868,Тольятти,01/02/24,14/02/24,46,,,,inactive
4869,Москва,01/02/24,14/02/24,46,,,,inactive
4870,Тольятти,01/02/24,14/02/24,46,,,,inactive
4871,Воронеж,01/02/24,14/02/24,46,,,,inactive
4872,Ростов-на-Дону,01/02/24,14/02/24,46,2,4.66875,152994.48,one_time
4873,Краснодар,01/02/24,14/02/24,46,,,,inactive
4874,Воронеж,01/02/24,14/02/24,46,,,,inactive
4875,Уфа,01/02/24,14/02/24,46,,,,inactive
4876,Тольятти,01/02/24,14/02/24,46,,,,inactive
4877,Краснодар,01/02/24,14/02/24,46,,,,inactive
4878,Новосибирск,01/02/24,14/02/24,46,,,,inactive
4879,Уфа,01/02/24,14/02/24,46,,,,inactive
4880,Санкт-Петербург,01/02/24,14/02/24,46,,,,inactive
4881,Ижевск,01/02/24,14/02/24,46,2,5.1149305555555555,94074.68,one_time
4882,Новосибирск,01/02/24,14/02/24,46,,,,inactive
4883,Самара,01/02/24,14/02/24,46,,,,inactive
4884,Волгоград,01/02/24,14/02/24,46,,,,inactive
4885,Воронеж,01/02/24,14/02/24,46,,,,inactive
4886,Волгоград,01/02/24,14/02/24,46,,,,inactive
4887,Москва,01/02/24,14/02/24,46,,,,inactive
4888,Самара,01/02/24,14/02/24,46,,,,inactive
4889,Ростов-на-Дону,01/02/24,14/02/24,46,,,,inactive
4890,Москва,01/02/24,14/02/24,46,,,,inactive
4891,Омск,01/02/24,14/02/24,46,,,,inactive
4892,Волгоград,01/02/24,14/02/24,46,1,8.297222222222222,114217.1,one_time
4893,Волгоград,01/02/24,14/02/24,46,,,,inactive
4894,Нижний Новгород,01/02/24,14/02/24,46,,,,inactive
4895,Саратов,01/02/24,14/02/24,46,,,,inactive
4896,Волгоград,01/02/24,14/02/24,46,,,,inactive
4897,Ижевск,01/02/24,14/02/24,46,,,,inactive
4898,Волгоград,01/02/24,14/02/24,46,,,,inactive
4899,Тюмень,01/02/24,14/02/24,46,,,,inactive
4900,Саратов,01/02/24,14/02/24,46,,,,inactive
4901,Волгоград,01/02/24,14/02/24,46,1,5.197916666666667,9246.4,one_time
4902,Ижевск,01/02/24,14/02/24,46,,,,inactive
4903,Волгоград,01/02/24,14/02/24,46,1,3.6694444444444443,36908.07,one_time
4904,Омск,01/02/24,14/02/24,46,,,,inactive
4905,Тольятти,01/02/24,14/02/24,46,1,3.7291666666666665,133185.12,one_time
4906,Санкт-Петербург,01/02/24,14/02/24,46,2,4.108333333333333,118582.96,one_time
4907,Нижний Новгород,01/02/24,14/02/24,46,,,,inactive
4908,Санкт-Петербург,01/02/24,14/02/24,46,,,,inactive
4909,Екатеринбург,01/02/24,14/02/24,46,,,,inactive
4910,Новосибирск,01/02/24,14/02/24,46,1,3.3784722222222223,18064.03,one_time
4911,Москва,01/02/24,14/02/24,46,1,2.5340277777777778,32778.43,one_time
4912,Ижевск,01/02/24,14/02/24,46,,,,inactive
4913,Ижевск,01/02/24,14/02/24,46,,,,inactive
4914,Омск,01/02/24,14/02/24,46,2,4.036111111111111,33877.83,one_time
4915,Нижний Новгород,01/02/24,14/02/24,46,,,,inactive
4916,Тюмень,01/02/24,14/02/24,46,,,,inactive
4917,Омск,01/02/24,14/02/24,46,,,,inactive
4918,Москва,01/02/24,14/02/24,46,,,,inactive
4919,Екатеринбург,01/02/24,14/02/24,46,1,5.047916666666667,70646.95,one_time
4920,Челябинск,01/02/24,14/02/24,46,1,5.897916666666666,41628.19,one_time
4921,Уфа,01/02/24,14/02/24,46,,,,inactive
4922,Омск,01/02/24,14/02/24,46,,,,inactive
4923,Саратов,01/02/24,14/02/24,46,,,,inactive
4924,Краснодар,01/02/24,14/02/24,46,1,4.075,97779.98,one_time
4925,Тольятти,01/02/24,14/02/24,46,,,,inactive
4926,Волгоград,01/02/24,14/02/24,46,,,,inactive
4927,Санкт-Петербург,01/02/24,14/02/24,46,,,,inactive
4928,Омск,01/02/24,14/02/24,46,,,,inactive
4929,Волгоград,01/02/24,14/02/24,46,,,,inactive
4930,Тольятти,01/02/24,14/02/24,46,,,,inactive
4931,Екатеринбург,01/02/24,14/02/24,46,,,,inactive
4932,Нижний Новгород,01/02/24,14/02/24,46,,,,inactive
4933,Краснодар,01/02/24,14/02/24,46,,,,inactive
4934,Тольятти,01/02/24,14/02/24,46,,,,inactive
4935,Воронеж,01/02/24,14/02/24,46,,,,inactive
4936,Екатеринбург,01/02/24,14/02/24,46,1,5.972222222222222,1948.74,one_time
4937,Тюмень,01/02/24,14/02/24,46,1,4.0,13963.15,one_time
4938,Омск,01/02/24,14/02/24,46,,,,inactive
4939,Уфа,01/02/24,14/02/24,46,,,,inactive
4940,Новосибирск,01/02/24,14/02/24,46,1,1.9645833333333333,29496.01,one_time
4941,Волгоград,01/02/24,14/02/24,46,,,,inactive
4942,Волгоград,01/02/24,14/02/24,46,,,,inactive
4943,Ростов-на-Дону,01/02/24,14/02/24,46,1,5.733333333333333,17916.42,one_time
4944,Пермь,01/02/24,15/02/24,45,,,,inactive
4945,Омск,01/02/24,15/02/24,45,,,,inactive
4946,Воронеж,01/02/24,15/02/24,45,,,,inactive
4947,Новосибирск,01/02/24,15/02/24,45,,,,inactive
4948,Москва,01/02/24,15/02/24,45,1,4.547916666666667,5176.91,one_time
4949,Казань,01/02/24,15/02/24,45,,,,inactive
4950,Ростов-на-Дону,01/02/24,15/02/24,45,,,,inactive
4951,Красноярск,01/02/24,15/02/24,45,4,4.947048611111111,196399.45,regular
4952,Екатеринбург,01/02/24,15/02/24,45,,,,inactive
4953,Красноярск,01/02/24,15/02/24,45,,,,inactive
4954,Ижевск,01/02/24,15/02/24,45,,,,inactive
4955,Тольятти,01/02/24,15/02/24,45,,,,inactive
4956,Тюмень,01/02/24,15/02/24,45,,,,inactive
4957,Екатеринбург,01/02/24,15/02/24,45,,,,inactive
4958,Санкт-Петербург,01/02/24,15/02/24,45,,,,inactive
4959,Ижевск,01/02/24,15/02/24,45,,,,inactive
4960,Екатеринбург,01/02/24,15/02/24,45,,,,inactive
4961,Самара,01/02/24,15/02/24,45,,,,inactive
4962,Ижевск,01/02/24,15/02/24,45,,,,inactive
4963,Ростов-на-Дону,01/02/24,15/02/24,45,,,,inactive
4964,Москва,01/02/24,15/02/24,45,,,,inactive
4965,Казань,01/02/24,15/02/24,45,,,,inactive
4966,Красноярск,01/02/24,15/02/24,45,,,,inactive
4967,Красноярск,01/02/24,15/02/24,45,,,,inactive
4968,Краснодар,01/02/24,15/02/24,45,,,,inactive
4969,Воронеж,01/02/24,15/02/24,45,,,,inactive
4970,Краснодар,01/02/24,15/02/24,45,,,,inactive
4971,Екатеринбург,01/02/24,15/02/24,45,1,3.24375,85646.02,one_time
4972,Новосибирск,01/02/24,15/02/24,45,1,5.427777777777778,51796.36,one_time
4973,Казань,01/02/24,15/02/24,45,,,,inactive
4974,Волгоград,01/02/24,15/02/24,45,,,,inactive
4975,Казань,01/02/24,15/02/24,45,,,,inactive
4976,Красноярск,01/02/24,15/02/24,45,,,,inactive
4977,Москва,01/02/24,15/02/24,45,,,,inactive
4978,Волгоград,01/02/24,15/02/24,45,,,,inactive
4979,Уфа,01/02/24,15/02/24,45,,,,inactive
4980,Новосибирск,01/02/24,15/02/24,45,,,,inactive
4981,Екатеринбург,01/02/24,15/02/24,45,,,,inactive
4982,Волгоград,01/02/24,15/02/24,45,,,,inactive
4983,Санкт-Петербург,01/02/24,15/02/24,45,1,3.23125,19841.38,one_time
4984,Краснодар,01/02/24,15/02/24,45,2,3.3517361111111112,67021.88,one_time
4985,Тюмень,01/02/24,15/02/24,45,,,,inactive
4986,Екатеринбург,01/02/24,15/02/24,45,,,,inactive
4987,Пермь,01/02/24,15/02/24,45,,,,inactive
4988,Санкт-Петербург,01/02/24,15/02/24,45,,,,inactive
4989,Ростов-на-Дону,01/02/24,15/02/24,45,,,,inactive
4990,Красноярск,01/02/24,15/02/24,45,,,,inactive
4991,Уфа,01/02/24,15/02/24,45,,,,inactive
4992,Саратов,01/02/24,15/02/24,45,,,,inactive
4993,Ижевск,01/02/24,15/02/24,45,3,4.941898148148148,80985.98,regular
4994,Нижний Новгород,01/02/24,15/02/24,45,,,,inactive
4995,Екатеринбург,01/02/24,15/02/24,45,,,,inactive
4996,Казань,01/02/24,15/02/24,45,,,,inactive
4997,Екатеринбург,01/02/24,15/02/24,45,,,,inactive
4998,Ростов-на-Дону,01/02/24,15/02/24,45,,,,inactive
4999,Новосибирск,01/02/24,15/02/24,45,,,,inactive
5000,Ижевск,01/02/24,15/02/24,45,,,,inactive
5001,Саратов,01/02/24,15/02/24,45,1,3.9770833333333333,183959.45,one_time
5002,Красноярск,01/02/24,15/02/24,45,1,6.739583333333333,31797.22,one_time
5003,Саратов,01/02/24,15/02/24,45,1,4.213888888888889,23361.35,one_time
5004,Красноярск,01/02/24,15/02/24,45,3,5.972222222222222,163089.96,regular
5005,Ростов-на-Дону,01/02/24,15/02/24,45,,,,inactive
5006,Самара,01/02/24,15/02/24,45,,,,inactive
5007,Красноярск,01/02/24,15/02/24,45,,,,inactive
5008,Саратов,01/02/24,15/02/24,45,,,,inactive
5009,Воронеж,01/02/24,15/02/24,45,,,,inactive
5010,Уфа,01/02/24,15/02/24,45,1,6.180555555555555,5453.96,one_time
5011,Челябинск,01/02/24,15/02/24,45,,,,inactive
5012,Нижний Новгород,01/02/24,15/02/24,45,1,1.8569444444444445,43087.71,one_time
5013,Краснодар,01/02/24,15/02/24,45,2,6.097916666666666,41406.3,one_time
5014,Нижний Новгород,01/02/24,15/02/24,45,,,,inactive
5015,Саратов,01/02/24,15/02/24,45,,,,inactive
5016,Санкт-Петербург,01/02/24,15/02/24,45,,,,inactive
5017,Ростов-на-Дону,01/02/24,15/02/24,45,1,5.667361111111111,46319.59,one_time
5018,Екатеринбург,01/02/24,15/02/24,45,,,,inactive
5019,Екатеринбург,01/02/24,15/02/24,45,,,,inactive
5020,Челябинск,01/02/24,15/02/24,45,,,,inactive
5021,Воронеж,01/02/24,15/02/24,45,,,,inactive
5022,Ижевск,01/02/24,15/02/24,45,1,4.821527777777778,12399.46,one_time
5023,Воронеж,01/02/24,15/02/24,45,1,7.803472222222222,39374.97,one_time
5024,Пермь,01/02/24,15/02/24,45,,,,inactive
5025,Тюмень,01/02/24,15/02/24,45,,,,inactive
5026,Челябинск,01/02/24,15/02/24,45,1,5.798611111111111,82577.84,one_time
5027,Екатеринбург,01/02/24,15/02/24,45,,,,inactive
5028,Санкт-Петербург,01/02/24,15/02/24,45,,,,inactive
5029,Нижний Новгород,01/02/24,15/02/24,45,2,4.589583333333334,129674.15,one_time
5030,Волгоград,01/02/24,15/02/24,45,,,,inactive
5031,Казань,01/02/24,15/02/24,45,,,,inactive
5032,Ростов-на-Дону,01/02/24,15/02/24,45,,,,inactive
5033,Тюмень,01/02/24,15/02/24,45,,,,inactive
5034,Уфа,01/02/24,15/02/24,45,,,,inactive
5035,Краснодар,01/02/24,15/02/24,45,2,3.8225694444444445,160582.15,one_time
5036,Челябинск,01/02/24,15/02/24,45,1,1.2034722222222223,5589.36,one_time
5037,Воронеж,01/02/24,15/02/24,45,,,,inactive
5038,Краснодар,01/02/24,15/02/24,45,,,,inactive
5039,Уфа,01/02/24,15/02/24,45,,,,inactive
5040,Тольятти,01/02/24,15/02/24,45,,,,inactive
5041,Уфа,01/02/24,15/02/24,45,,,,inactive
5042,Омск,01/02/24,15/02/24,45,1,4.405555555555556,81369.46,one_time
5043,Уфа,01/02/24,15/02/24,45,1,7.775,60581.44,one_time
5044,Челябинск,01/02/24,15/02/24,45,,,,inactive
5045,Самара,01/02/24,15/02/24,45,,,,inactive
5046,Саратов,01/02/24,15/02/24,45,,,,inactive
5047,Новосибирск,01/02/24,15/02/24,45,,,,inactive
5048,Ростов-на-Дону,01/02/24,15/02/24,45,1,3.1416666666666666,34456.63,one_time
5049,Тюмень,01/02/24,15/02/24,45,,,,inactive
5050,Новосибирск,01/02/24,15/02/24,45,,,,inactive
5051,Тольятти,01/02/24,15/02/24,45,,,,inactive
5052,Краснодар,01/02/24,15/02/24,45,,,,inactive
5053,Москва,01/02/24,15/02/24,45,,,,inactive
5054,Нижний Новгород,01/02/24,15/02/24,45,,,,inactive
5055,Челябинск,01/02/24,15/02/24,45,,,,inactive
5056,Казань,01/02/24,15/02/24,45,,,,inactive
5057,Москва,01/02/24,15/02/24,45,,,,inactive
5058,Красноярск,01/02/24,15/02/24,45,,,,inactive
5059,Нижний Новгород,01/02/24,15/02/24,45,2,5.288888888888889,132346.94,one_time
5060,Тольятти,01/02/24,15/02/24,45,,,,inactive
5061,Екатеринбург,01/02/24,15/02/24,45,,,,inactive
5062,Волгоград,01/02/24,16/02/24,44,1,7.261805555555555,80433.8,one_time
5063,Краснодар,01/02/24,16/02/24,44,,,,inactive
5064,Ижевск,01/02/24,16/02/24,44,,,,inactive
5065,Ростов-на-Дону,01/02/24,16/02/24,44,,,,inactive
5066,Уфа,01/02/24,16/02/24,44,,,,inactive
5067,Москва,01/02/24,16/02/24,44,,,,inactive
5068,Саратов,01/02/24,16/02/24,44,,,,inactive
5069,Воронеж,01/02/24,16/02/24,44,2,6.308333333333334,80912.4,one_time
5070,Новосибирск,01/02/24,16/02/24,44,,,,inactive
5071,Казань,01/02/24,16/02/24,44,1,4.196527777777778,141980.51,one_time
5072,Нижний Новгород,01/02/24,16/02/24,44,,,,inactive
5073,Самара,01/02/24,16/02/24,44,2,2.3583333333333334,36835.41,one_time
5074,Омск,01/02/24,16/02/24,44,,,,inactive
5075,Новосибирск,01/02/24,16/02/24,44,1,6.09375,39727.76,one_time
5076,Москва,01/02/24,16/02/24,44,,,,inactive
5077,Саратов,01/02/24,16/02/24,44,,,,inactive
5078,Казань,01/02/24,16/02/24,44,2,4.25,158456.63,one_time
5079,Новосибирск,01/02/24,16/02/24,44,,,,inactive
5080,Уфа,01/02/24,16/02/24,44,,,,inactive
5081,Волгоград,01/02/24,16/02/24,44,,,,inactive
5082,Пермь,01/02/24,16/02/24,44,,,,inactive
5083,Санкт-Петербург,01/02/24,16/02/24,44,,,,inactive
5084,Санкт-Петербург,01/02/24,16/02/24,44,,,,inactive
5085,Москва,01/02/24,16/02/24,44,,,,inactive
5086,Краснодар,01/02/24,16/02/24,44,,,,inactive
5087,Омск,01/02/24,16/02/24,44,,,,inactive
5088,Самара,01/02/24,16/02/24,44,,,,inactive
5089,Уфа,01/02/24,16/02/24,44,,,,inactive
5090,Ростов-на-Дону,01/02/24,16/02/24,44,,,,inactive
5091,Казань,01/02/24,16/02/24,44,,,,inactive
5092,Екатеринбург,01/02/24,16/02/24,44,,,,inactive
5093,Нижний Новгород,01/02/24,16/02/24,44,,,,inactive
5094,Ижевск,01/02/24,16/02/24,44,,,,inactive
5095,Тольятти,01/02/24,16/02/24,44,,,,inactive
5096,Волгоград,01/02/24,16/02/24,44,3,5.531018518518518,150280.53,regular
5097,Ижевск,01/02/24,16/02/24,44,,,,inactive
5098,Омск,01/02/24,16/02/24,44,,,,inactive
5099,Челябинск,01/02/24,16/02/24,44,,,,inactive
5100,Тольятти,01/02/24,16/02/24,44,,,,inactive
5101,Новосибирск,01/02/24,16/02/24,44,,,,inactive
5102,Пермь,01/02/24,16/02/24,44,,,,inactive
5103,Новосибирск,01/02/24,16/02/24,44,,,,inactive
5104,Челябинск,01/02/24,16/02/24,44,1,5.117361111111111,22010.19,one_time
5105,Челябинск,01/02/24,16/02/24,44,1,4.799305555555556,4721.41,one_time
5106,Омск,01/02/24,16/02/24,44,,,,inactive
5107,Воронеж,01/02/24,16/02/24,44,,,,inactive
5108,Тольятти,01/02/24,16/02/24,44,,,,inactive
5109,Омск,01/02/24,16/02/24,44,,,,inactive
5110,Уфа,01/02/24,16/02/24,44,1,4.260416666666667,53247.37,one_time
5111,Нижний Новгород,01/02/24,16/02/24,44,,,,inactive
5112,Новосибирск,01/02/24,16/02/24,44,,,,inactive
5113,Санкт-Петербург,01/02/24,16/02/24,44,,,,inactive
5114,Самара,01/02/24,16/02/24,44,,,,inactive
5115,Краснодар,01/02/24,16/02/24,44,1,4.768055555555556,7527.73,one_time
5116,Нижний Новгород,01/02/24,16/02/24,44,,,,inactive
5117,Уфа,01/02/24,16/02/24,44,,,,inactive
5118,Тольятти,01/02/24,16/02/24,44,,,,inactive
5119,Омск,01/02/24,16/02/24,44,2,5.675694444444444,43674.55,one_time
5120,Уфа,01/02/24,16/02/24,44,,,,inactive
5121,Санкт-Петербург,01/02/24,16/02/24,44,1,6.28125,2252.07,one_time
5122,Самара,01/02/24,16/02/24,44,,,,inactive
5123,Краснодар,01/02/24,16/02/24,44,,,,inactive
5124,Уфа,01/02/24,16/02/24,44,,,,inactive
5125,Ижевск,01/02/24,16/02/24,44,,,,inactive
5126,Ростов-на-Дону,01/02/24,16/02/24,44,1,4.0,47837.34,one_time
5127,Саратов,01/02/24,16/02/24,44,,,,inactive
5128,Уфа,01/02/24,16/02/24,44,,,,inactive
5129,Самара,01/02/24,16/02/24,44,,,,inactive
5130,Новосибирск,01/02/24,16/02/24,44,,,,inactive
5131,Новосибирск,01/02/24,16/02/24,44,,,,inactive
5132,Краснодар,01/02/24,16/02/24,44,,,,inactive
5133,Казань,01/02/24,16/02/24,44,,,,inactive
5134,Москва,01/02/24,16/02/24,44,,,,inactive
5135,Тольятти,01/02/24,16/02/24,44,,,,inactive
5136,Самара,01/02/24,16/02/24,44,1,6.75625,198212.47,one_time
5137,Волгоград,01/02/24,16/02/24,44,,,,inactive
5138,Нижний Новгород,01/02/24,16/02/24,44,,,,inactive
5139,Ижевск,01/02/24,16/02/24,44,,,,inactive
5140,Самара,01/02/24,16/02/24,44,1,5.659027777777778,13565.03,one_time
5141,Красноярск,01/02/24,16/02/24,44,,,,inactive
5142,Нижний Новгород,01/02/24,16/02/24,44,,,,inactive
5143,Санкт-Петербург,01/02/24,16/02/24,44,,,,inactive
5144,Ижевск,01/02/24,16/02/24,44,,,,inactive
5145,Ростов-на-Дону,01/02/24,16/02/24,44,,,,inactive
5146,Екатеринбург,01/02/24,16/02/24,44,,,,inactive
5147,Екатеринбург,01/02/24,16/02/24,44,1,2.1777777777777776,10107.47,one_time
5148,Ростов-на-Дону,01/02/24,16/02/24,44,,,,inactive
5149,Екатеринбург,01/02/24,16/02/24,44,,,,inactive
5150,Краснодар,01/02/24,16/02/24,44,,,,inactive
5151,Красноярск,01/02/24,16/02/24,44,,,,inactive
5152,Саратов,01/02/24,16/02/24,44,,,,inactive
5153,Саратов,01/02/24,16/02/24,44,,,,inactive
5154,Пермь,01/02/24,16/02/24,44,,,,inactive
5155,Самара,01/02/24,16/02/24,44,1,3.033333333333333,23750.93,one_time
5156,Волгоград,01/02/24,16/02/24,44,1,3.1791666666666667,63536.34,one_time
5157,Уфа,01/02/24,16/02/24,44,2,4.652430555555556,49247.93,one_time
5158,Казань,01/02/24,16/02/24,44,,,,inactive
5159,Воронеж,01/02/24,16/02/24,44,,,,inactive
5160,Пермь,01/02/24,16/02/24,44,,,,inactive
5161,Тюмень,01/02/24,16/02/24,44,,,,inactive
5162,Омск,01/02/24,16/02/24,44,1,4.347916666666666,1288.64,one_time
5163,Красноярск,01/02/24,16/02/24,44,,,,inactive
5164,Новосибирск,01/02/24,16/02/24,44,,,,inactive
5165,Санкт-Петербург,01/02/24,16/02/24,44,2,3.7743055555555554,127088.68,one_time
5166,Ижевск,01/02/24,16/02/24,44,,,,inactive
5167,Воронеж,01/02/24,16/02/24,44,,,,inactive
5168,Самара,01/02/24,16/02/24,44,,,,inactive
5169,Тольятти,01/02/24,16/02/24,44,,,,inactive
5170,Москва,01/02/24,16/02/24,44,,,,inactive
5171,Екатеринбург,01/02/24,16/02/24,44,,,,inactive
5172,Ижевск,01/02/24,16/02/24,44,,,,inactive
5173,Волгоград,01/02/24,16/02/24,44,,,,inactive
5174,Нижний Новгород,01/02/24,17/02/24,43,,,,inactive
5175,Москва,01/02/24,17/02/24,43,,,,inactive
5176,Пермь,01/02/24,17/02/24,43,,,,inactive
5177,Красноярск,01/02/24,17/02/24,43,,,,inactive
5178,Москва,01/02/24,17/02/24,43,,,,inactive
5179,Екатеринбург,01/02/24,17/02/24,43,1,3.627083333333333,47456.32,one_time
5180,Нижний Новгород,01/02/24,17/02/24,43,,,,inactive
5181,Санкт-Петербург,01/02/24,17/02/24,43,,,,inactive
5182,Санкт-Петербург,01/02/24,17/02/24,43,2,5.214236111111111,88095.71,one_time
5183,Москва,01/02/24,17/02/24,43,1,2.6743055555555557,100438.42,one_time
5184,Саратов,01/02/24,17/02/24,43,,,,inactive
5185,Самара,01/02/24,17/02/24,43,,,,inactive
5186,Санкт-Петербург,01/02/24,17/02/24,43,,,,inactive
5187,Самара,01/02/24,17/02/24,43,,,,inactive
5188,Воронеж,01/02/24,17/02/24,43,1,3.9166666666666665,18106.73,one_time
5189,Новосибирск,01/02/24,17/02/24,43,,,,inactive
5190,Москва,01/02/24,17/02/24,43,,,,inactive
5191,Воронеж,01/02/24,17/02/24,43,,,,inactive
5192,Тюмень,01/02/24,17/02/24,43,,,,inactive
5193,Челябинск,01/02/24,17/02/24,43,1,2.6375,181.29,one_time
5194,Уфа,01/02/24,17/02/24,43,,,,inactive
5195,Тольятти,01/02/24,17/02/24,43,,,,inactive
5196,Ростов-на-Дону,01/02/24,17/02/24,43,,,,inactive
5197,Москва,01/02/24,17/02/24,43,,,,inactive
5198,Нижний Новгород,01/02/24,17/02/24,43,,,,inactive
5199,Самара,01/02/24,17/02/24,43,,,,inactive
5200,Уфа,01/02/24,17/02/24,43,,,,inactive
5201,Краснодар,01/02/24,17/02/24,43,,,,inactive
5202,Омск,01/02/24,17/02/24,43,1,4.0,40828.8,one_time
5203,Екатеринбург,01/02/24,17/02/24,43,,,,inactive
5204,Омск,01/02/24,17/02/24,43,,,,inactive
5205,Нижний Новгород,01/02/24,17/02/24,43,,,,inactive
5206,Волгоград,01/02/24,17/02/24,43,,,,inactive
5207,Самара,01/02/24,17/02/24,43,,,,inactive
5208,Воронеж,01/02/24,17/02/24,43,,,,inactive
5209,Казань,01/02/24,17/02/24,43,1,4.490972222222222,40205.85,one_time
5210,Омск,01/02/24,17/02/24,43,,,,inactive
5211,Нижний Новгород,01/02/24,17/02/24,43,,,,inactive
5212,Тюмень,01/02/24,17/02/24,43,1,4.427083333333333,11916.28,one_time
5213,Екатеринбург,01/02/24,17/02/24,43,,,,inactive
5214,Екатеринбург,01/02/24,17/02/24,43,,,,inactive
5215,Новосибирск,01/02/24,17/02/24,43,,,,inactive
5216,Тольятти,01/02/24,17/02/24,43,1,3.8979166666666667,31611.77,one_time
5217,Воронеж,01/02/24,17/02/24,43,,,,inactive
5218,Санкт-Петербург,01/02/24,17/02/24,43,,,,inactive
5219,Тольятти,01/02/24,17/02/24,43,,,,inactive
5220,Казань,01/02/24,17/02/24,43,,,,inactive
5221,Казань,01/02/24,17/02/24,43,,,,inactive
5222,Уфа,01/02/24,17/02/24,43,,,,inactive
5223,Тольятти,01/02/24,17/02/24,43,,,,inactive
5224,Челябинск,01/02/24,17/02/24,43,,,,inactive
5225,Казань,01/02/24,17/02/24,43,1,5.714583333333334,54991.61,one_time
5226,Волгоград,01/02/24,17/02/24,43,1,2.592361111111111,29785.48,one_time
5227,Москва,01/02/24,17/02/24,43,,,,inactive
5228,Казань,01/02/24,17/02/24,43,1,7.161111111111111,6589.64,one_time
5229,Тюмень,01/02/24,17/02/24,43,,,,inactive
5230,Красноярск,01/02/24,17/02/24,43,1,6.160416666666666,13938.08,one_time
5231,Ростов-на-Дону,01/02/24,17/02/24,43,,,,inactive
5232,Тольятти,01/02/24,17/02/24,43,,,,inactive
5233,Красноярск,01/02/24,17/02/24,43,,,,inactive
5234,Красноярск,01/02/24,17/02/24,43,1,5.957638888888889,12920.14,one_time
5235,Москва,01/02/24,17/02/24,43,,,,inactive
5236,Ижевск,01/02/24,17/02/24,43,,,,inactive
5237,Уфа,01/02/24,17/02/24,43,,,,inactive
5238,Волгоград,01/02/24,17/02/24,43,,,,inactive
5239,Уфа,01/02/24,17/02/24,43,1,4.268055555555556,3051.12,one_time
5240,Воронеж,01/02/24,17/02/24,43,,,,inactive
5241,Саратов,01/02/24,17/02/24,43,,,,inactive
5242,Краснодар,01/02/24,17/02/24,43,,,,inactive
5243,Самара,01/02/24,17/02/24,43,,,,inactive
5244,Казань,01/02/24,17/02/24,43,,,,inactive
5245,Воронеж,01/02/24,17/02/24,43,,,,inactive
5246,Самара,01/02/24,17/02/24,43,,,,inactive
5247,Краснодар,01/02/24,17/02/24,43,,,,inactive
5248,Красноярск,01/02/24,17/02/24,43,1,5.116666666666666,2773.44,one_time
5249,Омск,01/02/24,17/02/24,43,,,,inactive
5250,Ижевск,01/02/24,17/02/24,43,,,,inactive
5251,Москва,01/02/24,17/02/24,43,,,,inactive
5252,Нижний Новгород,01/02/24,17/02/24,43,1,2.6243055555555554,4936.98,one_time
5253,Тюмень,01/02/24,17/02/24,43,,,,inactive
5254,Воронеж,01/02/24,17/02/24,43,,,,inactive
5255,Тольятти,01/02/24,17/02/24,43,,,,inactive
5256,Пермь,01/02/24,17/02/24,43,,,,inactive
5257,Саратов,01/02/24,17/02/24,43,,,,inactive
5258,Новосибирск,01/02/24,17/02/24,43,1,4.076388888888889,14723.96,one_time
5259,Ижевск,01/02/24,17/02/24,43,,,,inactive
5260,Воронеж,01/02/24,17/02/24,43,,,,inactive
5261,Саратов,01/02/24,17/02/24,43,,,,inactive
5262,Екатеринбург,01/02/24,17/02/24,43,2,4.416666666666667,50082.37,one_time
5263,Екатеринбург,01/02/24,17/02/24,43,,,,inactive
5264,Самара,01/02/24,17/02/24,43,,,,inactive
5265,Самара,01/02/24,17/02/24,43,,,,inactive
5266,Казань,01/02/24,17/02/24,43,,,,inactive
5267,Саратов,01/02/24,17/02/24,43,,,,inactive
5268,Санкт-Петербург,01/02/24,17/02/24,43,,,,inactive
5269,Ростов-на-Дону,01/02/24,17/02/24,43,,,,inactive
5270,Омск,01/02/24,17/02/24,43,,,,inactive
5271,Омск,01/02/24,17/02/24,43,,,,inactive
5272,Воронеж,01/02/24,17/02/24,43,1,3.85,27274.93,one_time
5273,Екатеринбург,01/02/24,17/02/24,43,,,,inactive
5274,Екатеринбург,01/02/24,17/02/24,43,,,,inactive
5275,Тюмень,01/02/24,17/02/24,43,,,,inactive
5276,Волгоград,01/02/24,17/02/24,43,,,,inactive
5277,Пермь,01/02/24,18/02/24,42,1,3.9930555555555554,122966.14,one_time
5278,Уфа,01/02/24,18/02/24,42,,,,inactive
5279,Самара,01/02/24,18/02/24,42,,,,inactive
5280,Челябинск,01/02/24,18/02/24,42,,,,inactive
5281,Санкт-Петербург,01/02/24,18/02/24,42,,,,inactive
5282,Омск,01/02/24,18/02/24,42,,,,inactive
5283,Екатеринбург,01/02/24,18/02/24,42,,,,inactive
5284,Самара,01/02/24,18/02/24,42,,,,inactive
5285,Краснодар,01/02/24,18/02/24,42,,,,inactive
5286,Красноярск,01/02/24,18/02/24,42,,,,inactive
5287,Тольятти,01/02/24,18/02/24,42,,,,inactive
5288,Челябинск,01/02/24,18/02/24,42,,,,inactive
5289,Воронеж,01/02/24,18/02/24,42,,,,inactive
5290,Саратов,01/02/24,18/02/24,42,,,,inactive
5291,Красноярск,01/02/24,18/02/24,42,,,,inactive
5292,Краснодар,01/02/24,18/02/24,42,,,,inactive
5293,Ростов-на-Дону,01/02/24,18/02/24,42,,,,inactive
5294,Екатеринбург,01/02/24,18/02/24,42,,,,inactive
5295,Ижевск,01/02/24,18/02/24,42,1,4.3902777777777775,40118.49,one_time
5296,Пермь,01/02/24,18/02/24,42,,,,inactive
5297,Новосибирск,01/02/24,18/02/24,42,,,,inactive
5298,Санкт-Петербург,01/02/24,18/02/24,42,,,,inactive
5299,Волгоград,01/02/24,18/02/24,42,,,,inactive
5300,Уфа,01/02/24,18/02/24,42,,,,inactive
5301,Ростов-на-Дону,01/02/24,18/02/24,42,1,2.5861111111111112,110218.07,one_time
5302,Уфа,01/02/24,18/02/24,42,,,,inactive
5303,Челябинск,01/02/24,18/02/24,42,,,,inactive
5304,Саратов,01/02/24,18/02/24,42,,,,inactive
5305,Санкт-Петербург,01/02/24,18/02/24,42,1,3.8222222222222224,1331.66,one_time
5306,Красноярск,01/02/24,18/02/24,42,,,,inactive
5307,Самара,01/02/24,18/02/24,42,,,,inactive
5308,Краснодар,01/02/24,18/02/24,42,,,,inactive
5309,Волгоград,01/02/24,18/02/24,42,,,,inactive
5310,Москва,01/02/24,18/02/24,42,,,,inactive
5311,Тюмень,01/02/24,18/02/24,42,,,,inactive
5312,Тольятти,01/02/24,18/02/24,42,,,,inactive
5313,Краснодар,01/02/24,18/02/24,42,,,,inactive
5314,Нижний Новгород,01/02/24,18/02/24,42,,,,inactive
5315,Нижний Новгород,01/02/24,18/02/24,42,,,,inactive
5316,Нижний Новгород,01/02/24,18/02/24,42,,,,inactive
5317,Новосибирск,01/02/24,18/02/24,42,2,4.136111111111111,68566.47,one_time
5318,Самара,01/02/24,18/02/24,42,2,4.2868055555555555,15086.49,one_time
5319,Ростов-на-Дону,01/02/24,18/02/24,42,,,,inactive
5320,Челябинск,01/02/24,18/02/24,42,1,4.459027777777778,73985.89,one_time
5321,Челябинск,01/02/24,18/02/24,42,,,,inactive
5322,Саратов,01/02/24,18/02/24,42,,,,inactive
5323,Пермь,01/02/24,18/02/24,42,2,5.259722222222222,207403.94,one_time
5324,Челябинск,01/02/24,18/02/24,42,,,,inactive
5325,Саратов,01/02/24,18/02/24,42,,,,inactive
5326,Омск,01/02/24,18/02/24,42,,,,inactive
5327,Тольятти,01/02/24,18/02/24,42,,,,inactive
5328,Красноярск,01/02/24,18/02/24,42,,,,inactive
5329,Казань,01/02/24,18/02/24,42,,,,inactive
5330,Самара,01/02/24,18/02/24,42,,,,inactive
5331,Ростов-на-Дону,01/02/24,18/02/24,42,2,8.46909722222222,206508.46,one_time
5332,Красноярск,01/02/24,18/02/24,42,,,,inactive
5333,Нижний Новгород,01/02/24,18/02/24,42,,,,inactive
5334,Пермь,01/02/24,18/02/24,42,,,,inactive
5335,Омск,01/02/24,18/02/24,42,1,3.560416666666667,17956.67,one_time
5336,Тольятти,01/02/24,18/02/24,42,,,,inactive
5337,Самара,01/02/24,18/02/24,42,,,,inactive
5338,Казань,01/02/24,18/02/24,42,,,,inactive
5339,Омск,01/02/24,18/02/24,42,,,,inactive
5340,Воронеж,01/02/24,18/02/24,42,1,5.908333333333333,20179.12,one_time
5341,Пермь,01/02/24,18/02/24,42,,,,inactive
5342,Краснодар,01/02/24,18/02/24,42,2,6.060416666666667,142402.4,one_time
5343,Саратов,01/02/24,18/02/24,42,,,,inactive
5344,Воронеж,01/02/24,18/02/24,42,,,,inactive
5345,Волгоград,01/02/24,18/02/24,42,,,,inactive
5346,Волгоград,01/02/24,18/02/24,42,,,,inactive
5347,Краснодар,01/02/24,18/02/24,42,,,,inactive
5348,Санкт-Петербург,01/02/24,18/02/24,42,,,,inactive
5349,Омск,01/02/24,18/02/24,42,,,,inactive
5350,Волгоград,01/02/24,18/02/24,42,,,,inactive
5351,Уфа,01/02/24,18/02/24,42,,,,inactive
5352,Казань,01/02/24,18/02/24,42,,,,inactive
5353,Красноярск,01/02/24,18/02/24,42,,,,inactive
5354,Екатеринбург,01/02/24,18/02/24,42,,,,inactive
5355,Екатеринбург,01/02/24,18/02/24,42,,,,inactive
5356,Санкт-Петербург,01/02/24,18/02/24,42,,,,inactive
5357,Волгоград,01/02/24,18/02/24,42,,,,inactive
5358,Тюмень,01/02/24,18/02/24,42,,,,inactive
5359,Саратов,01/02/24,18/02/24,42,,,,inactive
5360,Пермь,01/02/24,18/02/24,42,,,,inactive
5361,Саратов,01/02/24,18/02/24,42,,,,inactive
5362,Красноярск,01/02/24,18/02/24,42,1,6.2340277777777775,57952.75,one_time
5363,Уфа,01/02/24,18/02/24,42,,,,inactive
5364,Самара,01/02/24,18/02/24,42,,,,inactive
5365,Воронеж,01/02/24,18/02/24,42,1,1.6805555555555556,105706.75,one_time
5366,Новосибирск,01/02/24,18/02/24,42,,,,inactive
5367,Санкт-Петербург,01/02/24,18/02/24,42,,,,inactive
5368,Казань,01/02/24,18/02/24,42,1,2.732638888888889,22077.66,one_time
5369,Пермь,01/02/24,18/02/24,42,,,,inactive
5370,Челябинск,01/02/24,18/02/24,42,,,,inactive
5371,Уфа,01/02/24,18/02/24,42,1,4.833333333333333,41858.9,one_time
5372,Омск,01/02/24,18/02/24,42,,,,inactive
5373,Екатеринбург,01/02/24,18/02/24,42,,,,inactive
5374,Саратов,01/02/24,18/02/24,42,,,,inactive
5375,,01/02/24,18/02/24,42,,,,inactive
5376,Санкт-Петербург,01/02/24,18/02/24,42,,,,inactive
5377,Омск,01/02/24,18/02/24,42,,,,inactive
5378,Нижний Новгород,01/02/24,18/02/24,42,2,1.5034722222222223,130574.66,one_time
5379,Уфа,01/02/24,18/02/24,42,,,,inactive
5380,Нижний Новгород,01/02/24,18/02/24,42,,,,inactive
5381,Тюмень,01/02/24,18/02/24,42,,,,inactive
5382,Волгоград,01/02/24,18/02/24,42,1,3.1875,7923.64,one_time
5383,,01/02/24,18/02/24,42,,,,inactive
5384,Самара,01/02/24,18/02/24,42,1,7.822916666666667,44793.33,one_time
5385,Москва,01/02/24,18/02/24,42,,,,inactive
5386,,01/02/24,18/02/24,42,,,,inactive
5387,Казань,01/02/24,18/02/24,42,,,,inactive
5388,Воронеж,01/02/24,18/02/24,42,,,,inactive
5389,Саратов,01/02/24,18/02/24,42,2,4.995486111111111,63495.8,one_time
5390,Санкт-Петербург,01/02/24,18/02/24,42,,,,inactive
5391,Екатеринбург,01/02/24,18/02/24,42,1,7.665277777777778,35190.47,one_time
5392,Самара,01/02/24,19/02/24,41,,,,inactive
5393,Нижний Новгород,01/02/24,19/02/24,41,,,,inactive
5394,Екатеринбург,01/02/24,19/02/24,41,,,,inactive
5395,Казань,01/02/24,19/02/24,41,1,3.9034722222222222,61349.17,one_time
5396,Самара,01/02/24,19/02/24,41,,,,inactive
5397,Красноярск,01/02/24,19/02/24,41,,,,inactive
5398,Ростов-на-Дону,01/02/24,19/02/24,41,,,,inactive
5399,Тюмень,01/02/24,19/02/24,41,,,,inactive
5400,Пермь,01/02/24,19/02/24,41,,,,inactive
5401,Санкт-Петербург,01/02/24,19/02/24,41,,,,inactive
5402,Нижний Новгород,01/02/24,19/02/24,41,,,,inactive
5403,Воронеж,01/02/24,19/02/24,41,,,,inactive
5404,Уфа,01/02/24,19/02/24,41,,,,inactive
5405,Уфа,01/02/24,19/02/24,41,,,,inactive
5406,Воронеж,01/02/24,19/02/24,41,1,4.286111111111111,11143.07,one_time
5407,Ростов-на-Дону,01/02/24,19/02/24,41,,,,inactive
5408,Красноярск,01/02/24,19/02/24,41,,,,inactive
5409,Москва,01/02/24,19/02/24,41,,,,inactive
5410,Красноярск,01/02/24,19/02/24,41,,,,inactive
5411,Ижевск,01/02/24,19/02/24,41,,,,inactive
5412,Нижний Новгород,01/02/24,19/02/24,41,,,,inactive
5413,Нижний Новгород,01/02/24,19/02/24,41,,,,inactive
5414,Уфа,01/02/24,19/02/24,41,,,,inactive
5415,Самара,01/02/24,19/02/24,41,1,7.303472222222222,13851.87,one_time
5416,Ростов-на-Дону,01/02/24,19/02/24,41,,,,inactive
5417,Ижевск,01/02/24,19/02/24,41,2,1.6690972222222222,68710.91,one_time
5418,Челябинск,01/02/24,19/02/24,41,,,,inactive
5419,Омск,01/02/24,19/02/24,41,,,,inactive
5420,Нижний Новгород,01/02/24,19/02/24,41,,,,inactive
5421,Санкт-Петербург,01/02/24,19/02/24,41,,,,inactive
5422,Пермь,01/02/24,19/02/24,41,,,,inactive
5423,Екатеринбург,01/02/24,19/02/24,41,,,,inactive
5424,Самара,01/02/24,19/02/24,41,,,,inactive
5425,Санкт-Петербург,01/02/24,19/02/24,41,,,,inactive
5426,Пермь,01/02/24,19/02/24,41,1,5.404861111111111,46687.98,one_time
5427,Екатеринбург,01/02/24,19/02/24,41,,,,inactive
5428,Волгоград,01/02/24,19/02/24,41,,,,inactive
5429,Красноярск,01/02/24,19/02/24,41,,,,inactive
5430,Екатеринбург,01/02/24,19/02/24,41,,,,inactive
5431,Воронеж,01/02/24,19/02/24,41,,,,inactive
5432,Нижний Новгород,01/02/24,19/02/24,41,,,,inactive
5433,Пермь,01/02/24,19/02/24,41,,,,inactive
5434,Казань,01/02/24,19/02/24,41,,,,inactive
5435,Тольятти,01/02/24,19/02/24,41,,,,inactive
5436,Омск,01/02/24,19/02/24,41,,,,inactive
5437,Ижевск,01/02/24,19/02/24,41,1,7.247916666666667,87169.69,one_time
5438,Санкт-Петербург,01/02/24,19/02/24,41,,,,inactive
5439,Самара,01/02/24,19/02/24,41,,,,inactive
5440,Екатеринбург,01/02/24,19/02/24,41,,,,inactive
5441,Красноярск,01/02/24,19/02/24,41,1,2.7291666666666665,1026.71,one_time
5442,Новосибирск,01/02/24,19/02/24,41,1,2.9055555555555554,10812.9,one_time
5443,Волгоград,01/02/24,19/02/24,41,,,,inactive
5444,Новосибирск,01/02/24,19/02/24,41,,,,inactive
5445,Тольятти,01/02/24,19/02/24,41,,,,inactive
5446,Новосибирск,01/02/24,19/02/24,41,,,,inactive
5447,Новосибирск,01/02/24,19/02/24,41,,,,inactive
5448,Челябинск,01/02/24,19/02/24,41,,,,inactive
5449,Воронеж,01/02/24,19/02/24,41,1,0.5784722222222223,94679.96,one_time
5450,Красноярск,01/02/24,19/02/24,41,,,,inactive
5451,Нижний Новгород,01/02/24,19/02/24,41,,,,inactive
5452,Москва,01/02/24,19/02/24,41,,,,inactive
5453,Омск,01/02/24,19/02/24,41,,,,inactive
5454,Тольятти,01/02/24,19/02/24,41,,,,inactive
5455,Самара,01/02/24,19/02/24,41,,,,inactive
5456,Краснодар,01/02/24,19/02/24,41,,,,inactive
5457,Уфа,01/02/24,19/02/24,41,,,,inactive
5458,Казань,01/02/24,19/02/24,41,1,5.7444444444444445,24020.51,one_time
5459,Саратов,01/02/24,19/02/24,41,,,,inactive
5460,Краснодар,01/02/24,19/02/24,41,,,,inactive
5461,Волгоград,01/02/24,19/02/24,41,,,,inactive
5462,Нижний Новгород,01/02/24,19/02/24,41,,,,inactive
5463,Саратов,01/02/24,19/02/24,41,,,,inactive
5464,Омск,01/02/24,19/02/24,41,,,,inactive
5465,Воронеж,01/02/24,19/02/24,41,1,3.45625,62064.0,one_time
5466,Ижевск,01/02/24,19/02/24,41,1,6.045833333333333,9524.29,one_time
5467,Пермь,01/02/24,19/02/24,41,2,1.8020833333333335,132178.79,one_time
5468,Омск,01/02/24,19/02/24,41,,,,inactive
5469,Челябинск,01/02/24,19/02/24,41,1,6.763888888888889,10687.3,one_time
5470,Тюмень,01/02/24,19/02/24,41,,,,inactive
5471,Нижний Новгород,01/02/24,19/02/24,41,,,,inactive
5472,Москва,01/02/24,19/02/24,41,,,,inactive
5473,Воронеж,01/02/24,19/02/24,41,,,,inactive
5474,Красноярск,01/02/24,19/02/24,41,,,,inactive
5475,Ростов-на-Дону,01/02/24,19/02/24,41,,,,inactive
5476,Пермь,01/02/24,19/02/24,41,1,6.355555555555555,8066.32,one_time
5477,Санкт-Петербург,01/02/24,19/02/24,41,,,,inactive
5478,Тюмень,01/02/24,19/02/24,41,,,,inactive
5479,Воронеж,01/02/24,19/02/24,41,1,4.8180555555555555,33693.76,one_time
5480,Москва,01/02/24,19/02/24,41,1,3.6555555555555554,32353.4,one_time
5481,Волгоград,01/02/24,19/02/24,41,,,,inactive
5482,Пермь,01/02/24,19/02/24,41,,,,inactive
5483,Москва,01/02/24,19/02/24,41,,,,inactive
5484,Тюмень,01/02/24,19/02/24,41,,,,inactive
5485,Омск,01/02/24,19/02/24,41,,,,inactive
5486,Омск,01/02/24,19/02/24,41,,,,inactive
5487,Москва,01/02/24,19/02/24,41,,,,inactive
5488,,01/02/24,19/02/24,41,1,2.0083333333333333,8746.22,one_time
5489,Воронеж,01/02/24,19/02/24,41,,,,inactive
5490,Волгоград,01/02/24,19/02/24,41,,,,inactive
5491,Краснодар,01/02/24,19/02/24,41,,,,inactive
5492,Челябинск,01/02/24,19/02/24,41,1,3.704861111111111,9894.2,one_time
5493,Тольятти,01/02/24,19/02/24,41,,,,inactive
5494,Саратов,01/02/24,19/02/24,41,,,,inactive
5495,Екатеринбург,01/02/24,19/02/24,41,,,,inactive
5496,Челябинск,01/02/24,19/02/24,41,,,,inactive
5497,Самара,01/02/24,19/02/24,41,,,,inactive
5498,Саратов,01/02/24,20/02/24,40,,,,inactive
5499,Ростов-на-Дону,01/02/24,20/02/24,40,,,,inactive
5500,Ростов-на-Дону,01/02/24,20/02/24,40,,,,inactive
5501,Краснодар,01/02/24,20/02/24,40,,,,inactive
5502,Нижний Новгород,01/02/24,20/02/24,40,1,4.754861111111111,41674.84,one_time
5503,Санкт-Петербург,01/02/24,20/02/24,40,,,,inactive
5504,Самара,01/02/24,20/02/24,40,,,,inactive
5505,Красноярск,01/02/24,20/02/24,40,,,,inactive
5506,Тюмень,01/02/24,20/02/24,40,,,,inactive
5507,Екатеринбург,01/02/24,20/02/24,40,,,,inactive
5508,Нижний Новгород,01/02/24,20/02/24,40,,,,inactive
5509,Омск,01/02/24,20/02/24,40,,,,inactive
5510,Воронеж,01/02/24,20/02/24,40,,,,inactive
5511,Омск,01/02/24,20/02/24,40,1,1.7118055555555556,97406.21,one_time
5512,Красноярск,01/02/24,20/02/24,40,,,,inactive
5513,Красноярск,01/02/24,20/02/24,40,,,,inactive
5514,Воронеж,01/02/24,20/02/24,40,,,,inactive
5515,Уфа,01/02/24,20/02/24,40,,,,inactive
5516,Омск,01/02/24,20/02/24,40,,,,inactive
5517,Красноярск,01/02/24,20/02/24,40,,,,inactive
5518,Краснодар,01/02/24,20/02/24,40,,,,inactive
5519,Нижний Новгород,01/02/24,20/02/24,40,1,4.175694444444445,2596.46,one_time
5520,Саратов,01/02/24,20/02/24,40,,,,inactive
5521,Волгоград,01/02/24,20/02/24,40,,,,inactive
5522,Казань,01/02/24,20/02/24,40,,,,inactive
5523,Тольятти,01/02/24,20/02/24,40,,,,inactive
5524,Екатеринбург,01/02/24,20/02/24,40,,,,inactive
5525,Уфа,01/02/24,20/02/24,40,,,,inactive
5526,Красноярск,01/02/24,20/02/24,40,,,,inactive
5527,Тюмень,01/02/24,20/02/24,40,,,,inactive
5528,Новосибирск,01/02/24,20/02/24,40,,,,inactive
5529,Уфа,01/02/24,20/02/24,40,3,3.7180555555555554,132542.36,regular
5530,Ижевск,01/02/24,20/02/24,40,,,,inactive
5531,Новосибирск,01/02/24,20/02/24,40,,,,inactive
5532,Саратов,01/02/24,20/02/24,40,,,,inactive
5533,Санкт-Петербург,01/02/24,20/02/24,40,,,,inactive
5534,Самара,01/02/24,20/02/24,40,1,8.129861111111111,6920.87,one_time
5535,,01/02/24,20/02/24,40,,,,inactive
5536,Москва,01/02/24,20/02/24,40,,,,inactive
5537,Воронеж,01/02/24,20/02/24,40,,,,inactive
5538,Новосибирск,01/02/24,20/02/24,40,,,,inactive
5539,Самара,01/02/24,20/02/24,40,,,,inactive
5540,Воронеж,01/02/24,20/02/24,40,,,,inactive
5541,Уфа,01/02/24,20/02/24,40,,,,inactive
5542,Омск,01/02/24,20/02/24,40,,,,inactive
5543,Тольятти,01/02/24,20/02/24,40,1,2.467361111111111,13442.27,one_time
5544,Уфа,01/02/24,20/02/24,40,,,,inactive
5545,Нижний Новгород,01/02/24,20/02/24,40,,,,inactive
5546,Екатеринбург,01/02/24,20/02/24,40,,,,inactive
5547,Нижний Новгород,01/02/24,20/02/24,40,,,,inactive
5548,Екатеринбург,01/02/24,20/02/24,40,,,,inactive
5549,Саратов,01/02/24,20/02/24,40,,,,inactive
5550,Тюмень,01/02/24,20/02/24,40,,,,inactive
5551,Пермь,01/02/24,20/02/24,40,,,,inactive
5552,Нижний Новгород,01/02/24,20/02/24,40,1,4.659722222222222,52369.33,one_time
5553,Челябинск,01/02/24,20/02/24,40,,,,inactive
5554,Ижевск,01/02/24,20/02/24,40,1,6.355555555555555,24146.79,one_time
5555,Ижевск,01/02/24,20/02/24,40,,,,inactive
5556,Екатеринбург,01/02/24,20/02/24,40,,,,inactive
5557,Челябинск,01/02/24,20/02/24,40,,,,inactive
5558,Самара,01/02/24,20/02/24,40,,,,inactive
5559,Воронеж,01/02/24,20/02/24,40,2,4.793055555555556,86520.18,one_time
5560,Санкт-Петербург,01/02/24,20/02/24,40,,,,inactive
5561,Москва,01/02/24,20/02/24,40,,,,inactive
5562,Екатеринбург,01/02/24,20/02/24,40,,,,inactive
5563,Волгоград,01/02/24,20/02/24,40,,,,inactive
5564,Волгоград,01/02/24,20/02/24,40,,,,inactive
5565,Омск,01/02/24,20/02/24,40,,,,inactive
5566,Саратов,01/02/24,20/02/24,40,,,,inactive
5567,Санкт-Петербург,01/02/24,20/02/24,40,,,,inactive
5568,Ростов-на-Дону,01/02/24,20/02/24,40,,,,inactive
5569,Казань,01/02/24,20/02/24,40,,,,inactive
5570,Новосибирск,01/02/24,20/02/24,40,,,,inactive
5571,Пермь,01/02/24,20/02/24,40,,,,inactive
5572,Омск,01/02/24,20/02/24,40,,,,inactive
5573,Волгоград,01/02/24,20/02/24,40,,,,inactive
5574,Ижевск,01/02/24,20/02/24,40,,,,inactive
5575,Челябинск,01/02/24,20/02/24,40,,,,inactive
5576,Казань,01/02/24,20/02/24,40,,,,inactive
5577,Краснодар,01/02/24,20/02/24,40,1,2.9965277777777777,7557.84,one_time
5578,Челябинск,01/02/24,20/02/24,40,,,,inactive
5579,Москва,01/02/24,20/02/24,40,,,,inactive
5580,Воронеж,01/02/24,20/02/24,40,,,,inactive
5581,Ростов-на-Дону,01/02/24,20/02/24,40,1,3.5236111111111112,23354.63,one_time
5582,,01/02/24,20/02/24,40,,,,inactive
5583,Новосибирск,01/02/24,20/02/24,40,,,,inactive
5584,Екатеринбург,01/02/24,20/02/24,40,,,,inactive
5585,Воронеж,01/02/24,20/02/24,40,,,,inactive
5586,Москва,01/02/24,20/02/24,40,1,7.231944444444444,1667.88,one_time
5587,Москва,01/02/24,20/02/24,40,,,,inactive
5588,,01/02/24,20/02/24,40,,,,inactive
5589,Москва,01/02/24,20/02/24,40,1,6.345138888888889,16678.26,one_time
5590,Нижний Новгород,01/02/24,20/02/24,40,,,,inactive
5591,Ростов-на-Дону,01/02/24,20/02/24,40,,,,inactive
5592,Уфа,01/02/24,20/02/24,40,,,,inactive
5593,Тюмень,01/02/24,20/02/24,40,,,,inactive
5594,Санкт-Петербург,01/02/24,20/02/24,40,,,,inactive
5595,Краснодар,01/02/24,20/02/24,40,1,6.356944444444444,582.25,one_time
5596,Пермь,01/02/24,20/02/24,40,,,,inactive
5597,Уфа,01/02/24,20/02/24,40,2,4.738888888888889,169012.96,one_time
5598,Волгоград,01/02/24,20/02/24,40,,,,inactive
5599,Москва,01/02/24,20/02/24,40,,,,inactive
5600,Краснодар,01/02/24,20/02/24,40,,,,inactive
5601,Саратов,01/02/24,20/02/24,40,,,,inactive
5602,Красноярск,01/02/24,20/02/24,40,,,,inactive
5603,Омск,01/02/24,20/02/24,40,,,,inactive
5604,Волгоград,01/02/24,20/02/24,40,1,4.620138888888889,7921.46,one_time
5605,Волгоград,01/02/24,20/02/24,40,,,,inactive
5606,Новосибирск,01/02/24,20/02/24,40,,,,inactive
5607,Пермь,01/02/24,20/02/24,40,,,,inactive
5608,Пермь,01/02/24,20/02/24,40,,,,inactive
5609,Ижевск,01/02/24,20/02/24,40,,,,inactive
5610,Новосибирск,01/02/24,20/02/24,40,,,,inactive
5611,Самара,01/02/24,21/02/24,39,,,,inactive
5612,Краснодар,01/02/24,21/02/24,39,2,4.1565972222222225,65128.96,one_time
5613,Ростов-на-Дону,01/02/24,21/02/24,39,,,,inactive
5614,Уфа,01/02/24,21/02/24,39,1,4.960416666666666,47477.79,one_time
5615,Нижний Новгород,01/02/24,21/02/24,39,,,,inactive
5616,Челябинск,01/02/24,21/02/24,39,,,,inactive
5617,Челябинск,01/02/24,21/02/24,39,1,3.54375,33032.11,one_time
5618,Омск,01/02/24,21/02/24,39,,,,inactive
5619,Воронеж,01/02/24,21/02/24,39,1,3.4375,29672.03,one_time
5620,Екатеринбург,01/02/24,21/02/24,39,,,,inactive
5621,Самара,01/02/24,21/02/24,39,,,,inactive
5622,Казань,01/02/24,21/02/24,39,,,,inactive
5623,Екатеринбург,01/02/24,21/02/24,39,,,,inactive
5624,Нижний Новгород,01/02/24,21/02/24,39,,,,inactive
5625,Ростов-на-Дону,01/02/24,21/02/24,39,,,,inactive
5626,Ростов-на-Дону,01/02/24,21/02/24,39,2,4.220833333333333,131519.75,one_time
5627,Тольятти,01/02/24,21/02/24,39,,,,inactive
5628,Уфа,01/02/24,21/02/24,39,,,,inactive
5629,Новосибирск,01/02/24,21/02/24,39,,,,inactive
5630,Уфа,01/02/24,21/02/24,39,,,,inactive
5631,Тюмень,01/02/24,21/02/24,39,1,5.152777777777778,139251.78,one_time
5632,Челябинск,01/02/24,21/02/24,39,,,,inactive
5633,Саратов,01/02/24,21/02/24,39,1,7.127083333333333,18995.72,one_time
5634,Омск,01/02/24,21/02/24,39,,,,inactive
5635,Самара,01/02/24,21/02/24,39,1,5.367361111111111,46599.91,one_time
5636,Уфа,01/02/24,21/02/24,39,,,,inactive
5637,Тюмень,01/02/24,21/02/24,39,,,,inactive
5638,Ростов-на-Дону,01/02/24,21/02/24,39,1,3.7680555555555557,29146.56,one_time
5639,Уфа,01/02/24,21/02/24,39,,,,inactive
5640,Екатеринбург,01/02/24,21/02/24,39,,,,inactive
5641,Волгоград,01/02/24,21/02/24,39,,,,inactive
5642,Уфа,01/02/24,21/02/24,39,,,,inactive
5643,Екатеринбург,01/02/24,21/02/24,39,,,,inactive
5644,Воронеж,01/02/24,21/02/24,39,,,,inactive
5645,Красноярск,01/02/24,21/02/24,39,,,,inactive
5646,Ижевск,01/02/24,21/02/24,39,,,,inactive
5647,Красноярск,01/02/24,21/02/24,39,,,,inactive
5648,Омск,01/02/24,21/02/24,39,1,4.604861111111111,66051.37,one_time
5649,Санкт-Петербург,01/02/24,21/02/24,39,,,,inactive
5650,Волгоград,01/02/24,21/02/24,39,1,2.745833333333333,77119.62,one_time
5651,Новосибирск,01/02/24,21/02/24,39,1,5.115277777777778,14666.12,one_time
5652,Санкт-Петербург,01/02/24,21/02/24,39,,,,inactive
5653,Воронеж,01/02/24,21/02/24,39,,,,inactive
5654,Самара,01/02/24,21/02/24,39,,,,inactive
5655,Саратов,01/02/24,21/02/24,39,1,2.2243055555555555,62566.96,one_time
5656,Москва,01/02/24,21/02/24,39,,,,inactive
5657,Новосибирск,01/02/24,21/02/24,39,,,,inactive
5658,Челябинск,01/02/24,21/02/24,39,1,8.308333333333334,50755.02,one_time
5659,Самара,01/02/24,21/02/24,39,1,2.0590277777777777,24842.3,one_time
5660,Тюмень,01/02/24,21/02/24,39,,,,inactive
5661,Челябинск,01/02/24,21/02/24,39,,,,inactive
5662,,01/02/24,21/02/24,39,,,,inactive
5663,Новосибирск,01/02/24,21/02/24,39,,,,inactive
5664,Ижевск,01/02/24,21/02/24,39,,,,inactive
5665,Уфа,01/02/24,21/02/24,39,1,6.177777777777778,5909.59,one_time
5666,Челябинск,01/02/24,21/02/24,39,2,4.082291666666666,120016.69,one_time
5667,Красноярск,01/02/24,21/02/24,39,,,,inactive
5668,Пермь,01/02/24,21/02/24,39,,,,inactive
5669,Тольятти,01/02/24,21/02/24,39,,,,inactive
5670,Омск,01/02/24,21/02/24,39,,,,inactive
5671,Челябинск,01/02/24,21/02/24,39,,,,inactive
5672,Новосибирск,01/02/24,21/02/24,39,,,,inactive
5673,Пермь,01/02/24,21/02/24,39,,,,inactive
5674,Казань,01/02/24,21/02/24,39,,,,inactive
5675,Пермь,01/02/24,21/02/24,39,1,6.673611111111111,33382.36,one_time
5676,Уфа,01/02/24,21/02/24,39,,,,inactive
5677,Екатеринбург,01/02/24,21/02/24,39,,,,inactive
5678,Омск,01/02/24,21/02/24,39,,,,inactive
5679,Новосибирск,01/02/24,21/02/24,39,1,2.515972222222222,64519.25,one_time
5680,Челябинск,01/02/24,21/02/24,39,,,,inactive
5681,Нижний Новгород,01/02/24,21/02/24,39,,,,inactive
5682,Волгоград,01/02/24,21/02/24,39,,,,inactive
5683,Уфа,01/02/24,21/02/24,39,,,,inactive
5684,Красноярск,01/02/24,21/02/24,39,,,,inactive
5685,Санкт-Петербург,01/02/24,21/02/24,39,,,,inactive
5686,Воронеж,01/02/24,21/02/24,39,1,1.9840277777777777,5605.86,one_time
5687,Нижний Новгород,01/02/24,21/02/24,39,,,,inactive
5688,Нижний Новгород,01/02/24,21/02/24,39,,,,inactive
5689,Красноярск,01/02/24,21/02/24,39,,,,inactive
5690,Тольятти,01/02/24,21/02/24,39,,,,inactive
5691,Москва,01/02/24,21/02/24,39,,,,inactive
5692,Новосибирск,01/02/24,21/02/24,39,,,,inactive
5693,Краснодар,01/02/24,21/02/24,39,,,,inactive
5694,Ижевск,01/02/24,21/02/24,39,,,,inactive
5695,Санкт-Петербург,01/02/24,21/02/24,39,,,,inactive
5696,Москва,01/02/24,21/02/24,39,,,,inactive
5697,Москва,01/02/24,21/02/24,39,,,,inactive
5698,Екатеринбург,01/02/24,21/02/24,39,1,1.475,38053.88,one_time
5699,Ростов-на-Дону,01/02/24,21/02/24,39,,,,inactive
5700,Ростов-на-Дону,01/02/24,21/02/24,39,,,,inactive
5701,Челябинск,01/02/24,21/02/24,39,,,,inactive
5702,Ростов-на-Дону,01/02/24,21/02/24,39,,,,inactive
5703,Саратов,01/02/24,21/02/24,39,1,5.604861111111111,3646.26,one_time
5704,Ростов-на-Дону,01/02/24,22/02/24,38,,,,inactive
5705,Ростов-на-Дону,01/02/24,22/02/24,38,,,,inactive
5706,Пермь,01/02/24,22/02/24,38,,,,inactive
5707,Ижевск,01/02/24,22/02/24,38,,,,inactive
5708,Ростов-на-Дону,01/02/24,22/02/24,38,,,,inactive
5709,Тольятти,01/02/24,22/02/24,38,,,,inactive
5710,Волгоград,01/02/24,22/02/24,38,,,,inactive
5711,Нижний Новгород,01/02/24,22/02/24,38,,,,inactive
5712,Санкт-Петербург,01/02/24,22/02/24,38,,,,inactive
5713,Ростов-на-Дону,01/02/24,22/02/24,38,,,,inactive
5714,Волгоград,01/02/24,22/02/24,38,,,,inactive
5715,Красноярск,01/02/24,22/02/24,38,,,,inactive
5716,Тюмень,01/02/24,22/02/24,38,,,,inactive
5717,Нижний Новгород,01/02/24,22/02/24,38,,,,inactive
5718,Санкт-Петербург,01/02/24,22/02/24,38,,,,inactive
5719,Казань,01/02/24,22/02/24,38,,,,inactive
5720,Уфа,01/02/24,22/02/24,38,,,,inactive
5721,Ижевск,01/02/24,22/02/24,38,,,,inactive
5722,Пермь,01/02/24,22/02/24,38,,,,inactive
5723,Тюмень,01/02/24,22/02/24,38,1,3.4055555555555554,15998.44,one_time
5724,Москва,01/02/24,22/02/24,38,,,,inactive
5725,Москва,01/02/24,22/02/24,38,,,,inactive
5726,Красноярск,01/02/24,22/02/24,38,,,,inactive
5727,Тюмень,01/02/24,22/02/24,38,1,4.0,82359.34,one_time
5728,Красноярск,01/02/24,22/02/24,38,,,,inactive
5729,Ростов-на-Дону,01/02/24,22/02/24,38,,,,inactive
5730,Краснодар,01/02/24,22/02/24,38,,,,inactive
5731,Омск,01/02/24,22/02/24,38,,,,inactive
5732,Тольятти,01/02/24,22/02/24,38,,,,inactive
5733,Казань,01/02/24,22/02/24,38,,,,inactive
5734,Красноярск,01/02/24,22/02/24,38,,,,inactive
5735,Волгоград,01/02/24,22/02/24,38,1,2.579861111111111,34221.37,one_time
5736,Новосибирск,01/02/24,22/02/24,38,,,,inactive
5737,Челябинск,01/02/24,22/02/24,38,,,,inactive
5738,Воронеж,01/02/24,22/02/24,38,1,4.64375,85807.85,one_time
5739,Екатеринбург,01/02/24,22/02/24,38,,,,inactive
5740,,01/02/24,22/02/24,38,,,,inactive
5741,Пермь,01/02/24,22/02/24,38,,,,inactive
5742,Саратов,01/02/24,22/02/24,38,,,,inactive
5743,Тюмень,01/02/24,22/02/24,38,,,,inactive
5744,Пермь,01/02/24,22/02/24,38,,,,inactive
5745,Нижний Новгород,01/02/24,22/02/24,38,,,,inactive
5746,Екатеринбург,01/02/24,22/02/24,38,,,,inactive
5747,Нижний Новгород,01/02/24,22/02/24,38,,,,inactive
5748,Екатеринбург,01/02/24,22/02/24,38,1,2.8270833333333334,13664.72,one_time
5749,Казань,01/02/24,22/02/24,38,,,,inactive
5750,Саратов,01/02/24,22/02/24,38,,,,inactive
5751,Красноярск,01/02/24,22/02/24,38,2,5.830902777777778,191313.9,one_time
5752,Нижний Новгород,01/02/24,22/02/24,38,,,,inactive
5753,Ростов-на-Дону,01/02/24,22/02/24,38,,,,inactive
5754,Пермь,01/02/24,22/02/24,38,1,3.7756944444444445,2036.32,one_time
5755,Саратов,01/02/24,22/02/24,38,,,,inactive
5756,,01/02/24,22/02/24,38,,,,inactive
5757,Воронеж,01/02/24,22/02/24,38,1,7.698611111111111,30485.4,one_time
5758,Самара,01/02/24,22/02/24,38,,,,inactive
5759,Екатеринбург,01/02/24,22/02/24,38,,,,inactive
5760,Новосибирск,01/02/24,22/02/24,38,1,6.041666666666667,66701.74,one_time
5761,Самара,01/02/24,22/02/24,38,,,,inactive
5762,Красноярск,01/02/24,22/02/24,38,,,,inactive
5763,Казань,01/02/24,22/02/24,38,,,,inactive
5764,Саратов,01/02/24,22/02/24,38,,,,inactive
5765,Омск,01/02/24,22/02/24,38,,,,inactive
5766,Москва,01/02/24,22/02/24,38,1,2.4069444444444446,93760.84,one_time
5767,Воронеж,01/02/24,22/02/24,38,,,,inactive
5768,Нижний Новгород,01/02/24,22/02/24,38,,,,inactive
5769,Ростов-на-Дону,01/02/24,22/02/24,38,1,2.892361111111111,7911.8,one_time
5770,Москва,01/02/24,22/02/24,38,,,,inactive
5771,Челябинск,01/02/24,22/02/24,38,,,,inactive
5772,Ростов-на-Дону,01/02/24,22/02/24,38,,,,inactive
5773,Уфа,01/02/24,22/02/24,38,,,,inactive
5774,Тюмень,01/02/24,22/02/24,38,,,,inactive
5775,Воронеж,01/02/24,22/02/24,38,,,,inactive
5776,Пермь,01/02/24,22/02/24,38,,,,inactive
5777,Краснодар,01/02/24,22/02/24,38,,,,inactive
5778,Уфа,01/02/24,22/02/24,38,,,,inactive
5779,Москва,01/02/24,22/02/24,38,,,,inactive
5780,Челябинск,01/02/24,22/02/24,38,,,,inactive
5781,Пермь,01/02/24,22/02/24,38,,,,inactive
5782,Пермь,01/02/24,22/02/24,38,,,,inactive
5783,Ижевск,01/02/24,22/02/24,38,,,,inactive
5784,Уфа,01/02/24,22/02/24,38,,,,inactive
5785,Красноярск,01/02/24,22/02/24,38,1,6.677083333333333,48826.21,one_time
5786,Воронеж,01/02/24,22/02/24,38,,,,inactive
5787,Тольятти,01/02/24,22/02/24,38,,,,inactive
5788,Екатеринбург,01/02/24,22/02/24,38,,,,inactive
5789,Нижний Новгород,01/02/24,22/02/24,38,3,2.6747685185185186,119578.45,regular
5790,,01/02/24,22/02/24,38,,,,inactive
5791,Ижевск,01/02/24,22/02/24,38,,,,inactive
5792,Москва,01/02/24,22/02/24,38,1,6.208333333333333,76619.97,one_time
5793,Самара,01/02/24,22/02/24,38,,,,inactive
5794,Саратов,01/02/24,22/02/24,38,,,,inactive
5795,Самара,01/02/24,22/02/24,38,,,,inactive
5796,Тюмень,01/02/24,22/02/24,38,,,,inactive
5797,Екатеринбург,01/02/24,22/02/24,38,,,,inactive
5798,Тольятти,01/02/24,22/02/24,38,,,,inactive
5799,Ижевск,01/02/24,22/02/24,38,,,,inactive
5800,Нижний Новгород,01/02/24,22/02/24,38,,,,inactive
5801,Нижний Новгород,01/02/24,22/02/24,38,,,,inactive
5802,,01/02/24,22/02/24,38,,,,inactive
5803,Саратов,01/02/24,22/02/24,38,,,,inactive
5804,Красноярск,01/02/24,22/02/24,38,1,6.658333333333333,81594.45,one_time
5805,Пермь,01/02/24,23/02/24,37,,,,inactive
5806,Пермь,01/02/24,23/02/24,37,,,,inactive
5807,Самара,01/02/24,23/02/24,37,,,,inactive
5808,Омск,01/02/24,23/02/24,37,,,,inactive
5809,Челябинск,01/02/24,23/02/24,37,,,,inactive
5810,Нижний Новгород,01/02/24,23/02/24,37,,,,inactive
5811,Саратов,01/02/24,23/02/24,37,1,5.522916666666666,40479.33,one_time
5812,Уфа,01/02/24,23/02/24,37,1,0.9736111111111111,27962.63,one_time
5813,Омск,01/02/24,23/02/24,37,,,,inactive
5814,Уфа,01/02/24,23/02/24,37,,,,inactive
5815,Ижевск,01/02/24,23/02/24,37,,,,inactive
5816,Самара,01/02/24,23/02/24,37,1,6.1819444444444445,40843.26,one_time
5817,Екатеринбург,01/02/24,23/02/24,37,1,4.5125,57128.13,one_time
5818,Челябинск,01/02/24,23/02/24,37,,,,inactive
5819,Волгоград,01/02/24,23/02/24,37,,,,inactive
5820,Екатеринбург,01/02/24,23/02/24,37,,,,inactive
5821,Краснодар,01/02/24,23/02/24,37,,,,inactive
5822,Саратов,01/02/24,23/02/24,37,,,,inactive
5823,Москва,01/02/24,23/02/24,37,1,5.489583333333333,38747.35,one_time
5824,Самара,01/02/24,23/02/24,37,,,,inactive
5825,Челябинск,01/02/24,23/02/24,37,1,5.426388888888889,53763.42,one_time
5826,Казань,01/02/24,23/02/24,37,1,5.747916666666667,3975.23,one_time
5827,Ростов-на-Дону,01/02/24,23/02/24,37,,,,inactive
5828,Пермь,01/02/24,23/02/24,37,,,,inactive
5829,Челябинск,01/02/24,23/02/24,37,1,2.984027777777778,5396.9,one_time
5830,Новосибирск,01/02/24,23/02/24,37,1,2.7736111111111112,40815.16,one_time
5831,Казань,01/02/24,23/02/24,37,,,,inactive
5832,Тольятти,01/02/24,23/02/24,37,2,4.7347222222222225,190727.15,one_time
5833,Москва,01/02/24,23/02/24,37,,,,inactive
5834,Казань,01/02/24,23/02/24,37,,,,inactive
5835,Краснодар,01/02/24,23/02/24,37,2,5.022222222222222,137116.59,one_time
5836,Ростов-на-Дону,01/02/24,23/02/24,37,,,,inactive
5837,Ростов-на-Дону,01/02/24,23/02/24,37,,,,inactive
5838,Самара,01/02/24,23/02/24,37,,,,inactive
5839,Екатеринбург,01/02/24,23/02/24,37,,,,inactive
5840,Ижевск,01/02/24,23/02/24,37,,,,inactive
5841,Казань,01/02/24,23/02/24,37,,,,inactive
5842,Омск,01/02/24,23/02/24,37,,,,inactive
5843,Новосибирск,01/02/24,23/02/24,37,,,,inactive
5844,Екатеринбург,01/02/24,23/02/24,37,,,,inactive
5845,Ростов-на-Дону,01/02/24,23/02/24,37,,,,inactive
5846,Нижний Новгород,01/02/24,23/02/24,37,,,,inactive
5847,Уфа,01/02/24,23/02/24,37,1,4.910416666666666,6513.73,one_time
5848,Ростов-на-Дону,01/02/24,23/02/24,37,,,,inactive
5849,Челябинск,01/02/24,23/02/24,37,,,,inactive
5850,Самара,01/02/24,23/02/24,37,,,,inactive
5851,Нижний Новгород,01/02/24,23/02/24,37,,,,inactive
5852,Самара,01/02/24,23/02/24,37,,,,inactive
5853,Самара,01/02/24,23/02/24,37,,,,inactive
5854,Красноярск,01/02/24,23/02/24,37,,,,inactive
5855,Нижний Новгород,01/02/24,23/02/24,37,,,,inactive
5856,Пермь,01/02/24,23/02/24,37,,,,inactive
5857,Челябинск,01/02/24,23/02/24,37,,,,inactive
5858,Самара,01/02/24,23/02/24,37,,,,inactive
5859,Уфа,01/02/24,23/02/24,37,,,,inactive
5860,Челябинск,01/02/24,23/02/24,37,,,,inactive
5861,Красноярск,01/02/24,23/02/24,37,,,,inactive
5862,Челябинск,01/02/24,23/02/24,37,,,,inactive
5863,Уфа,01/02/24,23/02/24,37,1,1.6902777777777778,23695.06,one_time
5864,Омск,01/02/24,23/02/24,37,1,3.191666666666667,60967.55,one_time
5865,Тольятти,01/02/24,23/02/24,37,,,,inactive
5866,Уфа,01/02/24,23/02/24,37,,,,inactive
5867,Омск,01/02/24,23/02/24,37,,,,inactive
5868,Самара,01/02/24,23/02/24,37,,,,inactive
5869,Пермь,01/02/24,23/02/24,37,,,,inactive
5870,Тюмень,01/02/24,23/02/24,37,,,,inactive
5871,Саратов,01/02/24,23/02/24,37,,,,inactive
5872,Красноярск,01/02/24,23/02/24,37,,,,inactive
5873,Екатеринбург,01/02/24,23/02/24,37,,,,inactive
5874,Волгоград,01/02/24,23/02/24,37,,,,inactive
5875,Краснодар,01/02/24,23/02/24,37,,,,inactive
5876,Челябинск,01/02/24,23/02/24,37,,,,inactive
5877,Казань,01/02/24,23/02/24,37,,,,inactive
5878,Самара,01/02/24,23/02/24,37,1,5.23125,28673.89,one_time
5879,Волгоград,01/02/24,23/02/24,37,,,,inactive
5880,Пермь,01/02/24,23/02/24,37,1,3.104861111111111,47851.09,one_time
5881,Ростов-на-Дону,01/02/24,23/02/24,37,,,,inactive
5882,Красноярск,01/02/24,23/02/24,37,,,,inactive
5883,Москва,01/02/24,23/02/24,37,,,,inactive
5884,Санкт-Петербург,01/02/24,23/02/24,37,,,,inactive
5885,Красноярск,01/02/24,23/02/24,37,,,,inactive
5886,Ижевск,01/02/24,24/02/24,36,,,,inactive
5887,Омск,01/02/24,24/02/24,36,,,,inactive
5888,Москва,01/02/24,24/02/24,36,,,,inactive
5889,Екатеринбург,01/02/24,24/02/24,36,,,,inactive
5890,Екатеринбург,01/02/24,24/02/24,36,,,,inactive
5891,Екатеринбург,01/02/24,24/02/24,36,,,,inactive
5892,Омск,01/02/24,24/02/24,36,1,5.317361111111111,11273.07,one_time
5893,Ростов-на-Дону,01/02/24,24/02/24,36,1,4.248611111111111,60397.09,one_time
5894,,01/02/24,24/02/24,36,,,,inactive
5895,Челябинск,01/02/24,24/02/24,36,1,6.091666666666667,2995.16,one_time
5896,Пермь,01/02/24,24/02/24,36,,,,inactive
5897,Москва,01/02/24,24/02/24,36,,,,inactive
5898,Тольятти,01/02/24,24/02/24,36,2,6.248958333333333,205094.64,one_time
5899,Новосибирск,01/02/24,24/02/24,36,,,,inactive
5900,Самара,01/02/24,24/02/24,36,,,,inactive
5901,Москва,01/02/24,24/02/24,36,1,5.591666666666667,72903.51,one_time
5902,Новосибирск,01/02/24,24/02/24,36,,,,inactive
5903,Тольятти,01/02/24,24/02/24,36,,,,inactive
5904,Тюмень,01/02/24,24/02/24,36,,,,inactive
5905,Омск,01/02/24,24/02/24,36,,,,inactive
5906,Пермь,01/02/24,24/02/24,36,,,,inactive
5907,Омск,01/02/24,24/02/24,36,,,,inactive
5908,Москва,01/02/24,24/02/24,36,,,,inactive
5909,Ростов-на-Дону,01/02/24,24/02/24,36,,,,inactive
5910,Ижевск,01/02/24,24/02/24,36,,,,inactive
5911,Воронеж,01/02/24,24/02/24,36,1,3.740972222222222,37606.84,one_time
5912,Новосибирск,01/02/24,24/02/24,36,,,,inactive
5913,Екатеринбург,01/02/24,24/02/24,36,,,,inactive
5914,Нижний Новгород,01/02/24,24/02/24,36,,,,inactive
5915,Волгоград,01/02/24,24/02/24,36,1,5.379861111111111,3732.7,one_time
5916,Тольятти,01/02/24,24/02/24,36,1,7.715972222222222,133056.0,one_time
5917,Казань,01/02/24,24/02/24,36,,,,inactive
5918,Екатеринбург,01/02/24,24/02/24,36,,,,inactive
5919,Волгоград,01/02/24,24/02/24,36,,,,inactive
5920,Уфа,01/02/24,24/02/24,36,,,,inactive
5921,Нижний Новгород,01/02/24,24/02/24,36,,,,inactive
5922,Красноярск,01/02/24,24/02/24,36,,,,inactive
5923,Самара,01/02/24,24/02/24,36,,,,inactive
5924,Ижевск,01/02/24,24/02/24,36,,,,inactive
5925,Самара,01/02/24,24/02/24,36,,,,inactive
5926,Тольятти,01/02/24,24/02/24,36,,,,inactive
5927,Челябинск,01/02/24,24/02/24,36,,,,inactive
5928,Нижний Новгород,01/02/24,24/02/24,36,,,,inactive
5929,Новосибирск,01/02/24,24/02/24,36,,,,inactive
5930,Красноярск,01/02/24,24/02/24,36,,,,inactive
5931,Тольятти,01/02/24,24/02/24,36,,,,inactive
5932,Ростов-на-Дону,01/02/24,24/02/24,36,,,,inactive
5933,Казань,01/02/24,24/02/24,36,,,,inactive
5934,Саратов,01/02/24,24/02/24,36,,,,inactive
5935,Ижевск,01/02/24,24/02/24,36,,,,inactive
5936,Новосибирск,01/02/24,24/02/24,36,,,,inactive
5937,Красноярск,01/02/24,24/02/24,36,,,,inactive
5938,Челябинск,01/02/24,24/02/24,36,1,4.870833333333334,59725.72,one_time
5939,Нижний Новгород,01/02/24,24/02/24,36,,,,inactive
5940,Нижний Новгород,01/02/24,24/02/24,36,,,,inactive
5941,Новосибирск,01/02/24,24/02/24,36,1,6.907638888888889,11406.85,one_time
5942,Красноярск,01/02/24,24/02/24,36,,,,inactive
5943,Самара,01/02/24,24/02/24,36,,,,inactive
5944,Ростов-на-Дону,01/02/24,24/02/24,36,,,,inactive
5945,Новосибирск,01/02/24,24/02/24,36,,,,inactive
5946,Казань,01/02/24,24/02/24,36,,,,inactive
5947,Омск,01/02/24,24/02/24,36,,,,inactive
5948,Тюмень,01/02/24,24/02/24,36,,,,inactive
5949,Екатеринбург,01/02/24,24/02/24,36,,,,inactive
5950,Самара,01/02/24,24/02/24,36,1,2.5166666666666666,14325.12,one_time
5951,Саратов,01/02/24,24/02/24,36,3,6.4631944444444445,207974.76,regular
5952,Москва,01/02/24,24/02/24,36,,,,inactive
5953,Саратов,01/02/24,24/02/24,36,,,,inactive
5954,Пермь,01/02/24,24/02/24,36,1,3.486111111111111,19145.15,one_time
5955,Москва,01/02/24,24/02/24,36,,,,inactive
5956,Челябинск,01/02/24,24/02/24,36,,,,inactive
5957,,01/02/24,24/02/24,36,,,,inactive
5958,Воронеж,01/02/24,24/02/24,36,,,,inactive
5959,Санкт-Петербург,01/02/24,24/02/24,36,1,6.263194444444444,17442.47,one_time
5960,Пермь,01/02/24,24/02/24,36,,,,inactive
5961,Красноярск,01/02/24,24/02/24,36,,,,inactive
5962,Санкт-Петербург,01/02/24,24/02/24,36,1,4.535416666666666,32119.05,one_time
5963,Тюмень,01/02/24,24/02/24,36,,,,inactive
5964,Уфа,01/02/24,24/02/24,36,1,7.230555555555555,27820.74,one_time
5965,Нижний Новгород,01/02/24,24/02/24,36,,,,inactive
5966,Нижний Новгород,01/02/24,24/02/24,36,,,,inactive
5967,Волгоград,01/02/24,24/02/24,36,,,,inactive
5968,Тюмень,01/02/24,24/02/24,36,,,,inactive
5969,Ижевск,01/02/24,24/02/24,36,,,,inactive
5970,Казань,01/02/24,24/02/24,36,1,4.918055555555555,86361.7,one_time
5971,Нижний Новгород,01/02/24,24/02/24,36,1,0.5243055555555556,91442.79,one_time
5972,Краснодар,01/02/24,24/02/24,36,,,,inactive
5973,Тольятти,01/02/24,24/02/24,36,,,,inactive
5974,Пермь,01/02/24,24/02/24,36,,,,inactive
5975,Самара,01/02/24,24/02/24,36,1,6.419444444444444,104551.13,one_time
5976,Пермь,01/02/24,24/02/24,36,,,,inactive
5977,Москва,01/02/24,24/02/24,36,,,,inactive
5978,Тольятти,01/02/24,24/02/24,36,,,,inactive
5979,Воронеж,01/02/24,24/02/24,36,,,,inactive
5980,Пермь,01/02/24,24/02/24,36,,,,inactive
5981,Красноярск,01/02/24,24/02/24,36,,,,inactive
5982,Уфа,01/02/24,24/02/24,36,,,,inactive
5983,Воронеж,01/02/24,24/02/24,36,,,,inactive
5984,Пермь,01/02/24,25/02/24,35,,,,inactive
5985,Казань,01/02/24,25/02/24,35,,,,inactive
5986,Тольятти,01/02/24,25/02/24,35,,,,inactive
5987,Нижний Новгород,01/02/24,25/02/24,35,,,,inactive
5988,Челябинск,01/02/24,25/02/24,35,1,6.141666666666667,19080.06,one_time
5989,Пермь,01/02/24,25/02/24,35,,,,inactive
5990,Саратов,01/02/24,25/02/24,35,,,,inactive
5991,Омск,01/02/24,25/02/24,35,,,,inactive
5992,Саратов,01/02/24,25/02/24,35,,,,inactive
5993,Омск,01/02/24,25/02/24,35,1,4.485416666666667,107915.31,one_time
5994,Нижний Новгород,01/02/24,25/02/24,35,,,,inactive
5995,Пермь,01/02/24,25/02/24,35,,,,inactive
5996,Самара,01/02/24,25/02/24,35,1,5.423611111111111,33728.24,one_time
5997,Омск,01/02/24,25/02/24,35,,,,inactive
5998,Волгоград,01/02/24,25/02/24,35,,,,inactive
5999,Пермь,01/02/24,25/02/24,35,,,,inactive
6000,Волгоград,01/02/24,25/02/24,35,,,,inactive
6001,Саратов,01/02/24,25/02/24,35,,,,inactive
6002,Самара,01/02/24,25/02/24,35,,,,inactive
6003,Краснодар,01/02/24,25/02/24,35,,,,inactive
6004,Воронеж,01/02/24,25/02/24,35,,,,inactive
6005,Москва,01/02/24,25/02/24,35,2,6.853472222222223,67715.77,one_time
6006,Санкт-Петербург,01/02/24,25/02/24,35,1,4.0,56745.57,one_time
6007,Новосибирск,01/02/24,25/02/24,35,1,6.148611111111111,19981.4,one_time
6008,Санкт-Петербург,01/02/24,25/02/24,35,,,,inactive
6009,Саратов,01/02/24,25/02/24,35,,,,inactive
6010,Челябинск,01/02/24,25/02/24,35,,,,inactive
6011,Уфа,01/02/24,25/02/24,35,,,,inactive
6012,Самара,01/02/24,25/02/24,35,,,,inactive
6013,Самара,01/02/24,25/02/24,35,1,3.557638888888889,25191.86,one_time
6014,Краснодар,01/02/24,25/02/24,35,,,,inactive
6015,Уфа,01/02/24,25/02/24,35,,,,inactive
6016,Волгоград,01/02/24,25/02/24,35,,,,inactive
6017,Воронеж,01/02/24,25/02/24,35,,,,inactive
6018,Екатеринбург,01/02/24,25/02/24,35,,,,inactive
6019,Тюмень,01/02/24,25/02/24,35,,,,inactive
6020,Екатеринбург,01/02/24,25/02/24,35,,,,inactive
6021,Санкт-Петербург,01/02/24,25/02/24,35,,,,inactive
6022,Новосибирск,01/02/24,25/02/24,35,,,,inactive
6023,Ижевск,01/02/24,25/02/24,35,1,0.8430555555555556,16257.1,one_time
6024,Омск,01/02/24,25/02/24,35,,,,inactive
6025,Красноярск,01/02/24,25/02/24,35,1,4.3375,618.82,one_time
6026,Воронеж,01/02/24,25/02/24,35,1,5.325694444444444,9961.4,one_time
6027,Краснодар,01/02/24,25/02/24,35,,,,inactive
6028,Омск,01/02/24,25/02/24,35,,,,inactive
6029,Ростов-на-Дону,01/02/24,25/02/24,35,,,,inactive
6030,Самара,01/02/24,25/02/24,35,,,,inactive
6031,Москва,01/02/24,25/02/24,35,,,,inactive
6032,Воронеж,01/02/24,25/02/24,35,,,,inactive
6033,Ростов-на-Дону,01/02/24,25/02/24,35,,,,inactive
6034,Санкт-Петербург,01/02/24,25/02/24,35,,,,inactive
6035,Воронеж,01/02/24,25/02/24,35,,,,inactive
6036,Ижевск,01/02/24,25/02/24,35,,,,inactive
6037,Санкт-Петербург,01/02/24,25/02/24,35,,,,inactive
6038,Ростов-на-Дону,01/02/24,25/02/24,35,2,2.1767361111111114,40498.95,one_time
6039,Ижевск,01/02/24,25/02/24,35,,,,inactive
6040,Волгоград,01/02/24,25/02/24,35,,,,inactive
6041,Новосибирск,01/02/24,25/02/24,35,,,,inactive
6042,Тюмень,01/02/24,25/02/24,35,,,,inactive
6043,Саратов,01/02/24,25/02/24,35,,,,inactive
6044,Уфа,01/02/24,25/02/24,35,1,3.0284722222222222,14055.37,one_time
6045,Новосибирск,01/02/24,25/02/24,35,,,,inactive
6046,Санкт-Петербург,01/02/24,25/02/24,35,,,,inactive
6047,Волгоград,01/02/24,25/02/24,35,1,6.49375,25886.89,one_time
6048,Волгоград,01/02/24,25/02/24,35,,,,inactive
6049,Саратов,01/02/24,25/02/24,35,,,,inactive
6050,Краснодар,01/02/24,25/02/24,35,1,2.670138888888889,2524.31,one_time
6051,Казань,01/02/24,25/02/24,35,1,6.604861111111111,95578.85,one_time
6052,Волгоград,01/02/24,25/02/24,35,,,,inactive
6053,Волгоград,01/02/24,25/02/24,35,,,,inactive
6054,Москва,01/02/24,25/02/24,35,1,1.7472222222222222,19153.07,one_time
6055,Ижевск,01/02/24,25/02/24,35,,,,inactive
6056,Казань,01/02/24,25/02/24,35,,,,inactive
6057,Екатеринбург,01/02/24,25/02/24,35,,,,inactive
6058,Новосибирск,01/02/24,25/02/24,35,,,,inactive
6059,Казань,01/02/24,25/02/24,35,1,2.4868055555555557,2713.49,one_time
6060,Саратов,01/02/24,25/02/24,35,,,,inactive
6061,Ижевск,01/02/24,25/02/24,35,1,4.795833333333333,5923.08,one_time
6062,Пермь,01/02/24,25/02/24,35,,,,inactive
6063,Ижевск,01/02/24,25/02/24,35,,,,inactive
6064,Санкт-Петербург,01/02/24,25/02/24,35,2,2.5961805555555557,103791.64,one_time
6065,Челябинск,01/02/24,25/02/24,35,,,,inactive
6066,Ижевск,01/02/24,25/02/24,35,,,,inactive
6067,,01/02/24,25/02/24,35,,,,inactive
6068,Челябинск,01/02/24,25/02/24,35,,,,inactive
6069,Пермь,01/02/24,25/02/24,35,1,7.615277777777778,12839.84,one_time
6070,Ижевск,01/02/24,25/02/24,35,1,8.332638888888889,18137.84,one_time
6071,Казань,01/02/24,25/02/24,35,,,,inactive
6072,Новосибирск,01/02/24,25/02/24,35,1,2.682638888888889,53202.73,one_time
6073,Красноярск,01/02/24,25/02/24,35,,,,inactive
6074,Краснодар,01/02/24,25/02/24,35,,,,inactive
6075,Красноярск,01/02/24,25/02/24,35,,,,inactive
6076,Самара,01/02/24,25/02/24,35,,,,inactive
6077,Самара,01/02/24,25/02/24,35,,,,inactive
6078,Санкт-Петербург,01/02/24,25/02/24,35,,,,inactive
6079,Воронеж,01/02/24,25/02/24,35,,,,inactive
6080,Нижний Новгород,01/02/24,25/02/24,35,,,,inactive
6081,Ростов-на-Дону,01/02/24,25/02/24,35,2,4.986805555555556,94521.75,one_time
6082,Ростов-на-Дону,01/02/24,25/02/24,35,4,5.319097222222223,142865.01,regular
6083,Челябинск,01/02/24,25/02/24,35,,,,inactive
6084,Волгоград,01/02/24,25/02/24,35,,,,inactive
6085,Тольятти,01/02/24,25/02/24,35,1,3.015277777777778,44229.94,one_time
6086,Новосибирск,01/02/24,25/02/24,35,1,1.3868055555555556,5551.17,one_time
6087,Ростов-на-Дону,01/02/24,25/02/24,35,2,4.503819444444444,18722.29,one_time
6088,Челябинск,01/02/24,25/02/24,35,1,5.988194444444445,82341.53,one_time
6089,Уфа,01/02/24,25/02/24,35,,,,inactive
6090,Уфа,01/02/24,25/02/24,35,,,,inactive
6091,Волгоград,01/02/24,25/02/24,35,,,,inactive
6092,Волгоград,01/02/24,25/02/24,35,,,,inactive
6093,Самара,01/02/24,25/02/24,35,,,,inactive
6094,Ижевск,01/02/24,25/02/24,35,1,6.020833333333333,3162.1,one_time
6095,Тюмень,01/02/24,25/02/24,35,1,5.252777777777778,28098.22,one_time
6096,Челябинск,01/02/24,25/02/24,35,,,,inactive
6097,Тюмень,01/02/24,25/02/24,35,,,,inactive
6098,Омск,01/02/24,25/02/24,35,1,3.426388888888889,92135.06,one_time
6099,Волгоград,01/02/24,25/02/24,35,1,4.736111111111111,26688.48,one_time
6100,Волгоград,01/02/24,25/02/24,35,3,6.858333333333332,107775.72,regular
6101,Омск,01/02/24,26/02/24,34,,,,inactive
6102,Красноярск,01/02/24,26/02/24,34,,,,inactive
6103,Ростов-на-Дону,01/02/24,26/02/24,34,,,,inactive
6104,Санкт-Петербург,01/02/24,26/02/24,34,,,,inactive
6105,Санкт-Петербург,01/02/24,26/02/24,34,,,,inactive
6106,Волгоград,01/02/24,26/02/24,34,,,,inactive
6107,Воронеж,01/02/24,26/02/24,34,,,,inactive
6108,Новосибирск,01/02/24,26/02/24,34,,,,inactive
6109,Самара,01/02/24,26/02/24,34,,,,inactive
6110,Тюмень,01/02/24,26/02/24,34,,,,inactive
6111,Пермь,01/02/24,26/02/24,34,,,,inactive
6112,Пермь,01/02/24,26/02/24,34,,,,inactive
6113,Челябинск,01/02/24,26/02/24,34,,,,inactive
6114,Воронеж,01/02/24,26/02/24,34,,,,inactive
6115,Ижевск,01/02/24,26/02/24,34,,,,inactive
6116,Красноярск,01/02/24,26/02/24,34,,,,inactive
6117,Екатеринбург,01/02/24,26/02/24,34,1,3.2430555555555554,66467.43,one_time
6118,Ростов-на-Дону,01/02/24,26/02/24,34,,,,inactive
6119,Тольятти,01/02/24,26/02/24,34,1,5.4430555555555555,65212.37,one_time
6120,Екатеринбург,01/02/24,26/02/24,34,,,,inactive
6121,Челябинск,01/02/24,26/02/24,34,,,,inactive
6122,Москва,01/02/24,26/02/24,34,,,,inactive
6123,Самара,01/02/24,26/02/24,34,,,,inactive
6124,Самара,01/02/24,26/02/24,34,2,6.871180555555556,154788.86,one_time
6125,Уфа,01/02/24,26/02/24,34,,,,inactive
6126,Казань,01/02/24,26/02/24,34,,,,inactive
6127,Волгоград,01/02/24,26/02/24,34,,,,inactive
6128,Москва,01/02/24,26/02/24,34,,,,inactive
6129,,01/02/24,26/02/24,34,,,,inactive
6130,Тольятти,01/02/24,26/02/24,34,,,,inactive
6131,Краснодар,01/02/24,26/02/24,34,,,,inactive
6132,Уфа,01/02/24,26/02/24,34,,,,inactive
6133,Ижевск,01/02/24,26/02/24,34,,,,inactive
6134,Казань,01/02/24,26/02/24,34,,,,inactive
6135,Краснодар,01/02/24,26/02/24,34,,,,inactive
6136,Казань,01/02/24,26/02/24,34,,,,inactive
6137,Новосибирск,01/02/24,26/02/24,34,,,,inactive
6138,Нижний Новгород,01/02/24,26/02/24,34,,,,inactive
6139,Санкт-Петербург,01/02/24,26/02/24,34,,,,inactive
6140,Тольятти,01/02/24,26/02/24,34,,,,inactive
6141,Нижний Новгород,01/02/24,26/02/24,34,,,,inactive
6142,Красноярск,01/02/24,26/02/24,34,,,,inactive
6143,Краснодар,01/02/24,26/02/24,34,1,1.4229166666666666,32698.89,one_time
6144,Санкт-Петербург,01/02/24,26/02/24,34,,,,inactive
6145,Самара,01/02/24,26/02/24,34,,,,inactive
6146,Казань,01/02/24,26/02/24,34,,,,inactive
6147,Казань,01/02/24,26/02/24,34,,,,inactive
6148,Волгоград,01/02/24,26/02/24,34,,,,inactive
6149,Санкт-Петербург,01/02/24,26/02/24,34,,,,inactive
6150,Тюмень,01/02/24,26/02/24,34,2,4.935069444444444,31371.63,one_time
6151,Краснодар,01/02/24,26/02/24,34,,,,inactive
6152,Волгоград,01/02/24,26/02/24,34,1,4.059027777777778,2661.53,one_time
6153,Санкт-Петербург,01/02/24,26/02/24,34,,,,inactive
6154,Пермь,01/02/24,26/02/24,34,,,,inactive
6155,Саратов,01/02/24,26/02/24,34,,,,inactive
6156,Тюмень,01/02/24,26/02/24,34,,,,inactive
6157,Воронеж,01/02/24,26/02/24,34,,,,inactive
6158,Казань,01/02/24,26/02/24,34,,,,inactive
6159,Тюмень,01/02/24,26/02/24,34,,,,inactive
6160,Тольятти,01/02/24,26/02/24,34,,,,inactive
6161,Тюмень,01/02/24,26/02/24,34,,,,inactive
6162,Пермь,01/02/24,26/02/24,34,,,,inactive
6163,Краснодар,01/02/24,26/02/24,34,,,,inactive
6164,Волгоград,01/02/24,26/02/24,34,,,,inactive
6165,Волгоград,01/02/24,26/02/24,34,,,,inactive
6166,Челябинск,01/02/24,26/02/24,34,,,,inactive
6167,Самара,01/02/24,26/02/24,34,,,,inactive
6168,Красноярск,01/02/24,26/02/24,34,,,,inactive
6169,Омск,01/02/24,26/02/24,34,,,,inactive
6170,Екатеринбург,01/02/24,26/02/24,34,,,,inactive
6171,Саратов,01/02/24,26/02/24,34,,,,inactive
6172,Тюмень,01/02/24,26/02/24,34,,,,inactive
6173,Москва,01/02/24,26/02/24,34,2,5.796875,78577.59,one_time
6174,Новосибирск,01/02/24,26/02/24,34,,,,inactive
6175,Казань,01/02/24,26/02/24,34,,,,inactive
6176,Краснодар,01/02/24,26/02/24,34,,,,inactive
6177,Самара,01/02/24,26/02/24,34,1,3.0868055555555554,3455.66,one_time
6178,Самара,01/02/24,26/02/24,34,,,,inactive
6179,Пермь,01/02/24,26/02/24,34,,,,inactive
6180,Красноярск,01/02/24,26/02/24,34,1,8.186111111111112,49260.08,one_time
6181,Тюмень,01/02/24,26/02/24,34,,,,inactive
6182,Уфа,01/02/24,26/02/24,34,,,,inactive
6183,Тольятти,01/02/24,26/02/24,34,1,4.030555555555556,31640.54,one_time
6184,Москва,01/02/24,26/02/24,34,,,,inactive
6185,Самара,01/02/24,26/02/24,34,,,,inactive
6186,Воронеж,01/02/24,26/02/24,34,1,4.893055555555556,34510.0,one_time
6187,Москва,01/02/24,26/02/24,34,,,,inactive
6188,Омск,01/02/24,26/02/24,34,,,,inactive
6189,Новосибирск,01/02/24,26/02/24,34,,,,inactive
6190,Красноярск,01/02/24,26/02/24,34,,,,inactive
6191,Москва,01/02/24,26/02/24,34,,,,inactive
6192,Уфа,01/02/24,26/02/24,34,1,3.6944444444444446,57809.2,one_time
6193,Воронеж,01/02/24,26/02/24,34,2,2.9520833333333334,190786.75,one_time
6194,Ростов-на-Дону,01/02/24,26/02/24,34,,,,inactive
6195,Красноярск,01/02/24,26/02/24,34,,,,inactive
6196,Краснодар,01/02/24,26/02/24,34,,,,inactive
6197,Самара,01/02/24,26/02/24,34,,,,inactive
6198,Новосибирск,01/02/24,26/02/24,34,,,,inactive
6199,Саратов,01/02/24,26/02/24,34,,,,inactive
6200,Краснодар,01/02/24,26/02/24,34,,,,inactive
6201,Челябинск,01/02/24,26/02/24,34,,,,inactive
6202,Самара,01/02/24,26/02/24,34,,,,inactive
6203,Тюмень,01/02/24,26/02/24,34,,,,inactive
6204,Ростов-на-Дону,01/02/24,27/02/24,33,,,,inactive
6205,Нижний Новгород,01/02/24,27/02/24,33,,,,inactive
6206,Красноярск,01/02/24,27/02/24,33,,,,inactive
6207,Саратов,01/02/24,27/02/24,33,1,1.7902777777777779,47659.58,one_time
6208,Краснодар,01/02/24,27/02/24,33,,,,inactive
6209,Самара,01/02/24,27/02/24,33,,,,inactive
6210,Красноярск,01/02/24,27/02/24,33,,,,inactive
6211,Саратов,01/02/24,27/02/24,33,1,4.969444444444444,27042.33,one_time
6212,Воронеж,01/02/24,27/02/24,33,1,0.7819444444444444,9561.42,one_time
6213,Красноярск,01/02/24,27/02/24,33,,,,inactive
6214,Краснодар,01/02/24,27/02/24,33,,,,inactive
6215,Красноярск,01/02/24,27/02/24,33,,,,inactive
6216,Ростов-на-Дону,01/02/24,27/02/24,33,,,,inactive
6217,Воронеж,01/02/24,27/02/24,33,,,,inactive
6218,Уфа,01/02/24,27/02/24,33,,,,inactive
6219,Краснодар,01/02/24,27/02/24,33,,,,inactive
6220,Нижний Новгород,01/02/24,27/02/24,33,,,,inactive
6221,Волгоград,01/02/24,27/02/24,33,1,4.995833333333334,24127.32,one_time
6222,Пермь,01/02/24,27/02/24,33,1,6.948611111111111,311.44,one_time
6223,Красноярск,01/02/24,27/02/24,33,,,,inactive
6224,Краснодар,01/02/24,27/02/24,33,,,,inactive
6225,Екатеринбург,01/02/24,27/02/24,33,,,,inactive
6226,Волгоград,01/02/24,27/02/24,33,,,,inactive
6227,Тольятти,01/02/24,27/02/24,33,,,,inactive
6228,Санкт-Петербург,01/02/24,27/02/24,33,1,6.69375,6740.61,one_time
6229,Нижний Новгород,01/02/24,27/02/24,33,1,4.271527777777778,45995.45,one_time
6230,Санкт-Петербург,01/02/24,27/02/24,33,2,5.612152777777778,135971.93,one_time
6231,Нижний Новгород,01/02/24,27/02/24,33,,,,inactive
6232,Уфа,01/02/24,27/02/24,33,,,,inactive
6233,Нижний Новгород,01/02/24,27/02/24,33,,,,inactive
6234,Воронеж,01/02/24,27/02/24,33,,,,inactive
6235,Пермь,01/02/24,27/02/24,33,,,,inactive
6236,Ижевск,01/02/24,27/02/24,33,,,,inactive
6237,Тольятти,01/02/24,27/02/24,33,,,,inactive
6238,Нижний Новгород,01/02/24,27/02/24,33,,,,inactive
6239,Краснодар,01/02/24,27/02/24,33,,,,inactive
6240,Новосибирск,01/02/24,27/02/24,33,,,,inactive
6241,Ростов-на-Дону,01/02/24,27/02/24,33,,,,inactive
6242,Уфа,01/02/24,27/02/24,33,,,,inactive
6243,Красноярск,01/02/24,27/02/24,33,,,,inactive
6244,Пермь,01/02/24,27/02/24,33,,,,inactive
6245,Саратов,01/02/24,27/02/24,33,,,,inactive
6246,Ижевск,01/02/24,27/02/24,33,,,,inactive
6247,Краснодар,01/02/24,27/02/24,33,,,,inactive
6248,Ростов-на-Дону,01/02/24,27/02/24,33,,,,inactive
6249,Санкт-Петербург,01/02/24,27/02/24,33,,,,inactive
6250,Уфа,01/02/24,27/02/24,33,,,,inactive
6251,Ростов-на-Дону,01/02/24,27/02/24,33,,,,inactive
6252,Пермь,01/02/24,27/02/24,33,,,,inactive
6253,Челябинск,01/02/24,27/02/24,33,,,,inactive
6254,Москва,01/02/24,27/02/24,33,,,,inactive
6255,Тюмень,01/02/24,27/02/24,33,,,,inactive
6256,Челябинск,01/02/24,27/02/24,33,,,,inactive
6257,Самара,01/02/24,27/02/24,33,,,,inactive
6258,Тюмень,01/02/24,27/02/24,33,1,6.520138888888889,73957.68,one_time
6259,Самара,01/02/24,27/02/24,33,,,,inactive
6260,Саратов,01/02/24,27/02/24,33,,,,inactive
6261,Самара,01/02/24,27/02/24,33,,,,inactive
6262,Ижевск,01/02/24,27/02/24,33,,,,inactive
6263,Тюмень,01/02/24,27/02/24,33,,,,inactive
6264,Самара,01/02/24,27/02/24,33,,,,inactive
6265,Новосибирск,01/02/24,27/02/24,33,,,,inactive
6266,Саратов,01/02/24,27/02/24,33,,,,inactive
6267,Челябинск,01/02/24,27/02/24,33,,,,inactive
6268,Воронеж,01/02/24,27/02/24,33,,,,inactive
6269,Тольятти,01/02/24,27/02/24,33,,,,inactive
6270,Красноярск,01/02/24,27/02/24,33,,,,inactive
6271,Санкт-Петербург,01/02/24,27/02/24,33,,,,inactive
6272,Челябинск,01/02/24,27/02/24,33,,,,inactive
6273,Волгоград,01/02/24,27/02/24,33,,,,inactive
6274,Волгоград,01/02/24,27/02/24,33,,,,inactive
6275,Ростов-на-Дону,01/02/24,27/02/24,33,1,6.063194444444444,37584.11,one_time
6276,Челябинск,01/02/24,27/02/24,33,2,2.795486111111111,68345.4,one_time
6277,Тольятти,01/02/24,27/02/24,33,,,,inactive
6278,Новосибирск,01/02/24,27/02/24,33,,,,inactive
6279,Воронеж,01/02/24,27/02/24,33,,,,inactive
6280,Тюмень,01/02/24,27/02/24,33,,,,inactive
6281,Саратов,01/02/24,27/02/24,33,,,,inactive
6282,Красноярск,01/02/24,27/02/24,33,,,,inactive
6283,Саратов,01/02/24,27/02/24,33,,,,inactive
6284,Ижевск,01/02/24,27/02/24,33,,,,inactive
6285,Воронеж,01/02/24,27/02/24,33,,,,inactive
6286,Краснодар,01/02/24,27/02/24,33,2,4.071527777777778,9583.9,one_time
6287,Волгоград,01/02/24,27/02/24,33,,,,inactive
6288,Уфа,01/02/24,27/02/24,33,,,,inactive
6289,Новосибирск,01/02/24,27/02/24,33,,,,inactive
6290,Саратов,01/02/24,27/02/24,33,,,,inactive
6291,Ижевск,01/02/24,27/02/24,33,1,5.2347222222222225,50130.87,one_time
6292,Воронеж,01/02/24,27/02/24,33,,,,inactive
6293,Красноярск,01/02/24,27/02/24,33,,,,inactive
6294,Пермь,01/02/24,27/02/24,33,1,4.497222222222222,1169.11,one_time
6295,Нижний Новгород,01/02/24,27/02/24,33,,,,inactive
6296,Волгоград,01/02/24,27/02/24,33,,,,inactive
6297,Самара,01/02/24,27/02/24,33,,,,inactive
6298,Саратов,01/02/24,27/02/24,33,,,,inactive
6299,Саратов,01/02/24,27/02/24,33,,,,inactive
6300,Краснодар,01/02/24,27/02/24,33,,,,inactive
6301,Казань,01/02/24,27/02/24,33,,,,inactive
6302,Краснодар,01/02/24,27/02/24,33,,,,inactive
6303,Санкт-Петербург,01/02/24,27/02/24,33,1,3.920138888888889,26341.57,one_time
6304,Ростов-на-Дону,01/02/24,27/02/24,33,,,,inactive
6305,Екатеринбург,01/02/24,27/02/24,33,,,,inactive
6306,Омск,01/02/24,27/02/24,33,1,6.591666666666667,60200.64,one_time
6307,Краснодар,01/02/24,27/02/24,33,1,2.313888888888889,38845.05,one_time
6308,Нижний Новгород,01/02/24,27/02/24,33,,,,inactive
6309,Пермь,01/02/24,27/02/24,33,,,,inactive
6310,Москва,01/02/24,27/02/24,33,1,2.192361111111111,2534.48,one_time
6311,Ростов-на-Дону,01/02/24,27/02/24,33,,,,inactive
6312,Екатеринбург,01/02/24,27/02/24,33,,,,inactive
6313,Нижний Новгород,01/02/24,27/02/24,33,,,,inactive
6314,Красноярск,01/02/24,27/02/24,33,,,,inactive
6315,Воронеж,01/02/24,27/02/24,33,,,,inactive
6316,Саратов,01/02/24,27/02/24,33,1,0.9680555555555556,94036.21,one_time
6317,Казань,01/02/24,27/02/24,33,,,,inactive
6318,Волгоград,01/02/24,27/02/24,33,2,5.534722222222222,51197.51,one_time
6319,Санкт-Петербург,01/02/24,27/02/24,33,,,,inactive
6320,Волгоград,01/02/24,27/02/24,33,2,3.898958333333333,45774.0,one_time
6321,Воронеж,01/02/24,27/02/24,33,1,2.8361111111111112,62465.95,one_time
6322,Новосибирск,01/02/24,27/02/24,33,,,,inactive
6323,Пермь,01/02/24,27/02/24,33,,,,inactive
6324,Красноярск,01/02/24,27/02/24,33,,,,inactive
6325,Санкт-Петербург,01/02/24,27/02/24,33,,,,inactive
6326,Нижний Новгород,01/02/24,27/02/24,33,1,5.7756944444444445,31347.31,one_time
6327,Тюмень,01/02/24,27/02/24,33,1,4.367361111111111,107210.5,one_time
6328,Красноярск,01/02/24,27/02/24,33,,,,inactive
6329,Красноярск,01/02/24,27/02/24,33,,,,inactive
6330,Волгоград,01/02/24,27/02/24,33,1,1.9569444444444444,48146.68,one_time
6331,Новосибирск,01/02/24,28/02/24,32,,,,inactive
6332,Санкт-Петербург,01/02/24,28/02/24,32,,,,inactive
6333,Ижевск,01/02/24,28/02/24,32,,,,inactive
6334,Новосибирск,01/02/24,28/02/24,32,,,,inactive
6335,Нижний Новгород,01/02/24,28/02/24,32,,,,inactive
6336,Ижевск,01/02/24,28/02/24,32,1,5.0368055555555555,27843.47,one_time
6337,Екатеринбург,01/02/24,28/02/24,32,1,5.271527777777778,83739.21,one_time
6338,Краснодар,01/02/24,28/02/24,32,,,,inactive
6339,Саратов,01/02/24,28/02/24,32,,,,inactive
6340,Казань,01/02/24,28/02/24,32,,,,inactive
6341,Уфа,01/02/24,28/02/24,32,,,,inactive
6342,Тольятти,01/02/24,28/02/24,32,,,,inactive
6343,Пермь,01/02/24,28/02/24,32,,,,inactive
6344,Тольятти,01/02/24,28/02/24,32,,,,inactive
6345,Краснодар,01/02/24,28/02/24,32,,,,inactive
6346,Тольятти,01/02/24,28/02/24,32,,,,inactive
6347,Воронеж,01/02/24,28/02/24,32,,,,inactive
6348,Нижний Новгород,01/02/24,28/02/24,32,,,,inactive
6349,Омск,01/02/24,28/02/24,32,,,,inactive
6350,Самара,01/02/24,28/02/24,32,,,,inactive
6351,Тюмень,01/02/24,28/02/24,32,1,4.838888888888889,6359.9,one_time
6352,Омск,01/02/24,28/02/24,32,,,,inactive
6353,Ижевск,01/02/24,28/02/24,32,,,,inactive
6354,Тюмень,01/02/24,28/02/24,32,1,3.2222222222222223,180320.31,one_time
6355,Нижний Новгород,01/02/24,28/02/24,32,,,,inactive
6356,Новосибирск,01/02/24,28/02/24,32,1,9.281944444444445,5139.82,one_time
6357,Казань,01/02/24,28/02/24,32,,,,inactive
6358,Тюмень,01/02/24,28/02/24,32,,,,inactive
6359,Тольятти,01/02/24,28/02/24,32,,,,inactive
6360,Волгоград,01/02/24,28/02/24,32,,,,inactive
6361,Москва,01/02/24,28/02/24,32,,,,inactive
6362,Ростов-на-Дону,01/02/24,28/02/24,32,,,,inactive
6363,Ростов-на-Дону,01/02/24,28/02/24,32,2,3.2378472222222223,31094.66,one_time
6364,Ижевск,01/02/24,28/02/24,32,,,,inactive
6365,Самара,01/02/24,28/02/24,32,1,6.1506944444444445,63142.41,one_time
6366,Самара,01/02/24,28/02/24,32,,,,inactive
6367,Уфа,01/02/24,28/02/24,32,,,,inactive
6368,Тюмень,01/02/24,28/02/24,32,,,,inactive
6369,Самара,01/02/24,28/02/24,32,,,,inactive
6370,Тюмень,01/02/24,28/02/24,32,,,,inactive
6371,Екатеринбург,01/02/24,28/02/24,32,,,,inactive
6372,Нижний Новгород,01/02/24,28/02/24,32,,,,inactive
6373,Ижевск,01/02/24,28/02/24,32,,,,inactive
6374,Новосибирск,01/02/24,28/02/24,32,,,,inactive
6375,Пермь,01/02/24,28/02/24,32,1,4.0,21367.74,one_time
6376,Казань,01/02/24,28/02/24,32,,,,inactive
6377,Краснодар,01/02/24,28/02/24,32,,,,inactive
6378,Омск,01/02/24,28/02/24,32,,,,inactive
6379,Уфа,01/02/24,28/02/24,32,,,,inactive
6380,Казань,01/02/24,28/02/24,32,,,,inactive
6381,Уфа,01/02/24,28/02/24,32,,,,inactive
6382,Тюмень,01/02/24,28/02/24,32,,,,inactive
6383,Челябинск,01/02/24,28/02/24,32,,,,inactive
6384,Ижевск,01/02/24,28/02/24,32,,,,inactive
6385,Красноярск,01/02/24,28/02/24,32,,,,inactive
6386,Уфа,01/02/24,28/02/24,32,,,,inactive
6387,Ростов-на-Дону,01/02/24,28/02/24,32,2,3.456944444444445,41819.68,one_time
6388,Москва,01/02/24,28/02/24,32,,,,inactive
6389,Екатеринбург,01/02/24,28/02/24,32,,,,inactive
6390,Ростов-на-Дону,01/02/24,28/02/24,32,,,,inactive
6391,Санкт-Петербург,01/02/24,28/02/24,32,,,,inactive
6392,Ростов-на-Дону,01/02/24,28/02/24,32,,,,inactive
6393,Волгоград,01/02/24,28/02/24,32,,,,inactive
6394,Воронеж,01/02/24,28/02/24,32,2,2.7576388888888888,69901.51,one_time
6395,Санкт-Петербург,01/02/24,28/02/24,32,,,,inactive
6396,Москва,01/02/24,28/02/24,32,,,,inactive
6397,Санкт-Петербург,01/02/24,28/02/24,32,1,7.032638888888889,85499.13,one_time
6398,Саратов,01/02/24,28/02/24,32,,,,inactive
6399,Воронеж,01/02/24,28/02/24,32,,,,inactive
6400,Нижний Новгород,01/02/24,28/02/24,32,,,,inactive
6401,Воронеж,01/02/24,28/02/24,32,2,4.820138888888889,73620.42,one_time
6402,Челябинск,01/02/24,28/02/24,32,,,,inactive
6403,Тюмень,01/02/24,28/02/24,32,,,,inactive
6404,Пермь,01/02/24,28/02/24,32,,,,inactive
6405,Самара,01/02/24,28/02/24,32,,,,inactive
6406,Самара,01/02/24,28/02/24,32,,,,inactive
6407,Казань,01/02/24,28/02/24,32,,,,inactive
6408,Саратов,01/02/24,28/02/24,32,,,,inactive
6409,Санкт-Петербург,01/02/24,28/02/24,32,1,3.732638888888889,32688.05,one_time
6410,Волгоград,01/02/24,28/02/24,32,,,,inactive
6411,Санкт-Петербург,01/02/24,28/02/24,32,,,,inactive
6412,Нижний Новгород,01/02/24,28/02/24,32,,,,inactive
6413,Саратов,01/02/24,28/02/24,32,1,6.954166666666667,31521.06,one_time
6414,Самара,01/02/24,28/02/24,32,,,,inactive
6415,Уфа,01/02/24,28/02/24,32,1,3.326388888888889,76186.94,one_time
6416,Новосибирск,01/02/24,28/02/24,32,,,,inactive
6417,Волгоград,01/02/24,28/02/24,32,,,,inactive
6418,Самара,01/02/24,28/02/24,32,,,,inactive
6419,Новосибирск,01/02/24,28/02/24,32,,,,inactive
6420,Москва,01/02/24,28/02/24,32,,,,inactive
6421,Москва,01/02/24,28/02/24,32,,,,inactive
6422,Челябинск,01/02/24,28/02/24,32,,,,inactive
6423,Ижевск,01/02/24,28/02/24,32,,,,inactive
6424,Уфа,01/02/24,28/02/24,32,,,,inactive
6425,Тюмень,01/02/24,28/02/24,32,,,,inactive
6426,Волгоград,01/02/24,28/02/24,32,,,,inactive
6427,Санкт-Петербург,01/02/24,28/02/24,32,,,,inactive
6428,Москва,01/02/24,28/02/24,32,,,,inactive
6429,Нижний Новгород,01/02/24,28/02/24,32,,,,inactive
6430,Волгоград,01/02/24,28/02/24,32,,,,inactive
6431,Тюмень,01/02/24,28/02/24,32,,,,inactive
6432,Тольятти,01/02/24,28/02/24,32,,,,inactive
6433,Санкт-Петербург,01/02/24,28/02/24,32,,,,inactive
6434,Волгоград,01/02/24,28/02/24,32,,,,inactive
6435,Тольятти,01/02/24,28/02/24,32,,,,inactive
6436,Волгоград,01/02/24,28/02/24,32,1,4.361111111111111,20992.11,one_time
6437,Тюмень,01/02/24,28/02/24,32,,,,inactive
6438,Ижевск,01/02/24,28/02/24,32,,,,inactive
6439,Челябинск,01/02/24,28/02/24,32,,,,inactive
6440,Санкт-Петербург,01/02/24,29/02/24,31,,,,inactive
6441,Омск,01/02/24,29/02/24,31,,,,inactive
6442,Екатеринбург,01/02/24,29/02/24,31,,,,inactive
6443,Казань,01/02/24,29/02/24,31,,,,inactive
6444,Ростов-на-Дону,01/02/24,29/02/24,31,,,,inactive
6445,Омск,01/02/24,29/02/24,31,1,5.377777777777778,29778.35,one_time
6446,Уфа,01/02/24,29/02/24,31,,,,inactive
6447,Москва,01/02/24,29/02/24,31,,,,inactive
6448,Уфа,01/02/24,29/02/24,31,,,,inactive
6449,Тольятти,01/02/24,29/02/24,31,,,,inactive
6450,Красноярск,01/02/24,29/02/24,31,,,,inactive
6451,Краснодар,01/02/24,29/02/24,31,,,,inactive
6452,Казань,01/02/24,29/02/24,31,,,,inactive
6453,Ижевск,01/02/24,29/02/24,31,,,,inactive
6454,Екатеринбург,01/02/24,29/02/24,31,,,,inactive
6455,Омск,01/02/24,29/02/24,31,1,4.883333333333334,30404.2,one_time
6456,Тюмень,01/02/24,29/02/24,31,,,,inactive
6457,Омск,01/02/24,29/02/24,31,,,,inactive
6458,Омск,01/02/24,29/02/24,31,1,0.5631944444444444,86881.73,one_time
6459,Челябинск,01/02/24,29/02/24,31,,,,inactive
6460,Воронеж,01/02/24,29/02/24,31,,,,inactive
6461,Краснодар,01/02/24,29/02/24,31,,,,inactive
6462,Тюмень,01/02/24,29/02/24,31,,,,inactive
6463,Пермь,01/02/24,29/02/24,31,,,,inactive
6464,Москва,01/02/24,29/02/24,31,,,,inactive
6465,Нижний Новгород,01/02/24,29/02/24,31,,,,inactive
6466,Тюмень,01/02/24,29/02/24,31,,,,inactive
6467,Тольятти,01/02/24,29/02/24,31,,,,inactive
6468,Новосибирск,01/02/24,29/02/24,31,,,,inactive
6469,Тольятти,01/02/24,29/02/24,31,1,3.9305555555555554,70727.12,one_time
6470,Уфа,01/02/24,29/02/24,31,,,,inactive
6471,Пермь,01/02/24,29/02/24,31,,,,inactive
6472,Ижевск,01/02/24,29/02/24,31,,,,inactive
6473,Санкт-Петербург,01/02/24,29/02/24,31,,,,inactive
6474,Ростов-на-Дону,01/02/24,29/02/24,31,,,,inactive
6475,Волгоград,01/02/24,29/02/24,31,2,4.760763888888889,110331.02,one_time
6476,Москва,01/02/24,29/02/24,31,,,,inactive
6477,Омск,01/02/24,29/02/24,31,,,,inactive
6478,Волгоград,01/02/24,29/02/24,31,1,6.365277777777778,5458.81,one_time
6479,Екатеринбург,01/02/24,29/02/24,31,,,,inactive
6480,Воронеж,01/02/24,29/02/24,31,1,5.082638888888889,14207.11,one_time
6481,Челябинск,01/02/24,29/02/24,31,,,,inactive
6482,Тольятти,01/02/24,29/02/24,31,,,,inactive
6483,Тольятти,01/02/24,29/02/24,31,,,,inactive
6484,Волгоград,01/02/24,29/02/24,31,,,,inactive
6485,Воронеж,01/02/24,29/02/24,31,,,,inactive
6486,Саратов,01/02/24,29/02/24,31,,,,inactive
6487,Волгоград,01/02/24,29/02/24,31,1,7.5159722222222225,72083.11,one_time
6488,Красноярск,01/02/24,29/02/24,31,,,,inactive
6489,Екатеринбург,01/02/24,29/02/24,31,,,,inactive
6490,Пермь,01/02/24,29/02/24,31,,,,inactive
6491,Тюмень,01/02/24,29/02/24,31,,,,inactive
6492,Уфа,01/02/24,29/02/24,31,,,,inactive
6493,Нижний Новгород,01/02/24,29/02/24,31,,,,inactive
6494,Красноярск,01/02/24,29/02/24,31,,,,inactive
6495,Саратов,01/02/24,29/02/24,31,,,,inactive
6496,Пермь,01/02/24,29/02/24,31,,,,inactive
6497,Казань,01/02/24,29/02/24,31,,,,inactive
6498,Ижевск,01/02/24,29/02/24,31,,,,inactive
6499,Тольятти,01/02/24,29/02/24,31,,,,inactive
6500,Челябинск,01/02/24,29/02/24,31,,,,inactive
6501,Самара,01/02/24,29/02/24,31,,,,inactive
6502,Омск,01/02/24,29/02/24,31,,,,inactive
6503,Нижний Новгород,01/02/24,29/02/24,31,,,,inactive
6504,Екатеринбург,01/02/24,29/02/24,31,,,,inactive
6505,Ижевск,01/02/24,29/02/24,31,,,,inactive
6506,Пермь,01/02/24,29/02/24,31,,,,inactive
6507,Екатеринбург,01/02/24,29/02/24,31,1,7.096527777777778,21619.24,one_time
6508,Ростов-на-Дону,01/02/24,29/02/24,31,,,,inactive
6509,Самара,01/02/24,29/02/24,31,,,,inactive
6510,Самара,01/02/24,29/02/24,31,,,,inactive
6511,Москва,01/02/24,29/02/24,31,,,,inactive
6512,Уфа,01/02/24,29/02/24,31,,,,inactive
6513,Ижевск,01/02/24,29/02/24,31,,,,inactive
6514,Пермь,01/02/24,29/02/24,31,,,,inactive
6515,Ростов-на-Дону,01/02/24,29/02/24,31,,,,inactive
6516,Нижний Новгород,01/02/24,29/02/24,31,,,,inactive
6517,Ижевск,01/02/24,29/02/24,31,,,,inactive
6518,Нижний Новгород,01/02/24,29/02/24,31,,,,inactive
6519,Красноярск,01/02/24,29/02/24,31,1,5.754861111111111,67210.84,one_time
6520,Красноярск,01/02/24,29/02/24,31,,,,inactive
6521,Омск,01/02/24,29/02/24,31,,,,inactive
6522,Саратов,01/02/24,29/02/24,31,,,,inactive
6523,Уфа,01/02/24,29/02/24,31,,,,inactive
6524,Воронеж,01/02/24,29/02/24,31,1,4.215277777777778,25530.95,one_time
6525,Екатеринбург,01/02/24,29/02/24,31,,,,inactive
6526,Челябинск,01/02/24,29/02/24,31,,,,inactive
6527,Уфа,01/02/24,29/02/24,31,,,,inactive
6528,Красноярск,01/02/24,29/02/24,31,,,,inactive
6529,Ростов-на-Дону,01/02/24,29/02/24,31,,,,inactive
6530,Волгоград,01/02/24,29/02/24,31,,,,inactive
6531,Пермь,01/02/24,29/02/24,31,,,,inactive
6532,Тюмень,01/02/24,29/02/24,31,,,,inactive
6533,Волгоград,01/02/24,29/02/24,31,,,,inactive
6534,Краснодар,01/02/24,29/02/24,31,1,6.897222222222222,17028.05,one_time
6535,Новосибирск,01/03/24,01/03/24,30,,,,new
6536,Самара,01/03/24,01/03/24,30,,,,new
6537,Пермь,01/03/24,01/03/24,30,1,0.8902777777777777,11197.2,one_time
6538,Санкт-Петербург,01/03/24,01/03/24,30,,,,new
6539,Краснодар,01/03/24,01/03/24,30,,,,new
6540,Казань,01/03/24,01/03/24,30,,,,new
6541,Саратов,01/03/24,01/03/24,30,1,1.46875,43829.39,one_time
6542,Казань,01/03/24,01/03/24,30,,,,new
6543,Ростов-на-Дону,01/03/24,01/03/24,30,,,,new
6544,Краснодар,01/03/24,01/03/24,30,,,,new
6545,Саратов,01/03/24,01/03/24,30,,,,new
6546,Нижний Новгород,01/03/24,01/03/24,30,,,,new
6547,Саратов,01/03/24,01/03/24,30,,,,new
6548,Волгоград,01/03/24,01/03/24,30,,,,new
6549,Нижний Новгород,01/03/24,01/03/24,30,,,,new
6550,Омск,01/03/24,01/03/24,30,,,,new
6551,Саратов,01/03/24,01/03/24,30,3,4.82037037037037,12854.1,regular
6552,Нижний Новгород,01/03/24,01/03/24,30,,,,new
6553,Самара,01/03/24,01/03/24,30,,,,new
6554,Краснодар,01/03/24,01/03/24,30,,,,new
6555,Екатеринбург,01/03/24,01/03/24,30,,,,new
6556,Красноярск,01/03/24,01/03/24,30,,,,new
6557,Уфа,01/03/24,01/03/24,30,,,,new
6558,Нижний Новгород,01/03/24,01/03/24,30,,,,new
6559,Нижний Новгород,01/03/24,01/03/24,30,,,,new
6560,Краснодар,01/03/24,01/03/24,30,1,5.761111111111111,4761.13,one_time
6561,Санкт-Петербург,01/03/24,01/03/24,30,,,,new
6562,Самара,01/03/24,01/03/24,30,,,,new
6563,Нижний Новгород,01/03/24,01/03/24,30,,,,new
6564,Екатеринбург,01/03/24,01/03/24,30,1,0.22708333333333333,45500.75,one_time
6565,Москва,01/03/24,01/03/24,30,,,,new
6566,Тюмень,01/03/24,01/03/24,30,,,,new
6567,Казань,01/03/24,01/03/24,30,,,,new
6568,Самара,01/03/24,01/03/24,30,,,,new
6569,Волгоград,01/03/24,01/03/24,30,,,,new
6570,Челябинск,01/03/24,01/03/24,30,,,,new
6571,Пермь,01/03/24,01/03/24,30,,,,new
6572,Воронеж,01/03/24,01/03/24,30,2,2.7472222222222222,12860.04,one_time
6573,Ижевск,01/03/24,01/03/24,30,,,,new
6574,Санкт-Петербург,01/03/24,01/03/24,30,,,,new
6575,Саратов,01/03/24,01/03/24,30,,,,new
6576,Тольятти,01/03/24,01/03/24,30,,,,new
6577,Пермь,01/03/24,01/03/24,30,,,,new
6578,Казань,01/03/24,01/03/24,30,,,,new
6579,Волгоград,01/03/24,01/03/24,30,2,6.47638888888889,72673.74,one_time
6580,Казань,01/03/24,01/03/24,30,,,,new
6581,Пермь,01/03/24,01/03/24,30,,,,new
6582,Красноярск,01/03/24,01/03/24,30,,,,new
6583,Тольятти,01/03/24,01/03/24,30,,,,new
6584,Уфа,01/03/24,01/03/24,30,,,,new
6585,Казань,01/03/24,01/03/24,30,,,,new
6586,Ижевск,01/03/24,01/03/24,30,,,,new
6587,Нижний Новгород,01/03/24,01/03/24,30,,,,new
6588,Нижний Новгород,01/03/24,01/03/24,30,,,,new
6589,Омск,01/03/24,01/03/24,30,,,,new
6590,Пермь,01/03/24,01/03/24,30,,,,new
6591,Москва,01/03/24,01/03/24,30,,,,new
6592,Тюмень,01/03/24,01/03/24,30,,,,new
6593,Нижний Новгород,01/03/24,01/03/24,30,,,,new
6594,Самара,01/03/24,01/03/24,30,,,,new
6595,Нижний Новгород,01/03/24,01/03/24,30,,,,new
6596,Тольятти,01/03/24,01/03/24,30,,,,new
6597,Волгоград,01/03/24,01/03/24,30,1,3.953472222222222,13362.62,one_time
6598,Воронеж,01/03/24,01/03/24,30,,,,new
6599,Уфа,01/03/24,01/03/24,30,1,3.404166666666667,28414.2,one_time
6600,Волгоград,01/03/24,01/03/24,30,,,,new
6601,Москва,01/03/24,01/03/24,30,,,,new
6602,Саратов,01/03/24,01/03/24,30,,,,new
6603,Новосибирск,01/03/24,01/03/24,30,,,,new
6604,Саратов,01/03/24,01/03/24,30,,,,new
6605,Ижевск,01/03/24,01/03/24,30,,,,new
6606,Пермь,01/03/24,01/03/24,30,,,,new
6607,Ростов-на-Дону,01/03/24,01/03/24,30,,,,new
6608,Казань,01/03/24,01/03/24,30,,,,new
6609,Тюмень,01/03/24,01/03/24,30,,,,new
6610,Москва,01/03/24,01/03/24,30,,,,new
6611,Красноярск,01/03/24,01/03/24,30,1,0.3416666666666667,56687.93,one_time
6612,Казань,01/03/24,01/03/24,30,,,,new
6613,Екатеринбург,01/03/24,01/03/24,30,1,4.340277777777778,21042.51,one_time
6614,Санкт-Петербург,01/03/24,01/03/24,30,1,3.352777777777778,80128.76,one_time
6615,Саратов,01/03/24,01/03/24,30,,,,new
6616,Санкт-Петербург,01/03/24,01/03/24,30,2,4.432986111111111,85910.87,one_time
6617,Омск,01/03/24,01/03/24,30,,,,new
6618,Красноярск,01/03/24,01/03/24,30,,,,new
6619,Ростов-на-Дону,01/03/24,01/03/24,30,,,,new
6620,Уфа,01/03/24,01/03/24,30,2,6.902777777777778,53082.13,one_time
6621,Новосибирск,01/03/24,01/03/24,30,,,,new
6622,Казань,01/03/24,01/03/24,30,,,,new
6623,Омск,01/03/24,01/03/24,30,,,,new
6624,Уфа,01/03/24,01/03/24,30,,,,new
6625,Нижний Новгород,01/03/24,01/03/24,30,,,,new
6626,Волгоград,01/03/24,01/03/24,30,,,,new
6627,Санкт-Петербург,01/03/24,01/03/24,30,,,,new
6628,Пермь,01/03/24,01/03/24,30,,,,new
6629,Омск,01/03/24,01/03/24,30,,,,new
6630,Уфа,01/03/24,01/03/24,30,,,,new
6631,Волгоград,01/03/24,01/03/24,30,,,,new
6632,Санкт-Петербург,01/03/24,01/03/24,30,,,,new
6633,Самара,01/03/24,01/03/24,30,,,,new
6634,Пермь,01/03/24,01/03/24,30,,,,new
6635,Тюмень,01/03/24,01/03/24,30,,,,new
6636,Саратов,01/03/24,01/03/24,30,,,,new
6637,Санкт-Петербург,01/03/24,01/03/24,30,,,,new
6638,Новосибирск,01/03/24,01/03/24,30,1,7.444444444444445,141800.88,one_time
6639,Самара,01/03/24,01/03/24,30,,,,new
6640,Ижевск,01/03/24,01/03/24,30,,,,new
6641,Краснодар,01/03/24,01/03/24,30,,,,new
6642,Тольятти,01/03/24,01/03/24,30,,,,new
6643,Казань,01/03/24,01/03/24,30,,,,new
6644,Омск,01/03/24,01/03/24,30,,,,new
6645,Тюмень,01/03/24,01/03/24,30,1,3.1166666666666667,5394.58,one_time
6646,Нижний Новгород,01/03/24,01/03/24,30,1,4.139583333333333,113472.08,one_time
6647,Самара,01/03/24,01/03/24,30,,,,new
6648,Нижний Новгород,01/03/24,01/03/24,30,,,,new
6649,Уфа,01/03/24,01/03/24,30,,,,new
6650,Воронеж,01/03/24,01/03/24,30,,,,new
6651,Тольятти,01/03/24,01/03/24,30,,,,new
6652,Казань,01/03/24,01/03/24,30,,,,new
6653,Ростов-на-Дону,01/03/24,01/03/24,30,,,,new
6654,Ростов-на-Дону,01/03/24,01/03/24,30,1,1.9729166666666667,16713.46,one_time
6655,Новосибирск,01/03/24,01/03/24,30,,,,new
6656,Нижний Новгород,01/03/24,01/03/24,30,1,7.3902777777777775,42718.14,one_time
6657,Самара,01/03/24,01/03/24,30,,,,new
6658,Саратов,01/03/24,01/03/24,30,,,,new
6659,Ижевск,01/03/24,02/03/24,29,,,,new
6660,Нижний Новгород,01/03/24,02/03/24,29,,,,new
6661,Омск,01/03/24,02/03/24,29,,,,new
6662,Ижевск,01/03/24,02/03/24,29,,,,new
6663,Воронеж,01/03/24,02/03/24,29,,,,new
6664,Нижний Новгород,01/03/24,02/03/24,29,,,,new
6665,Челябинск,01/03/24,02/03/24,29,1,5.516666666666667,10093.8,one_time
6666,Красноярск,01/03/24,02/03/24,29,1,6.645833333333333,15852.35,one_time
6667,Волгоград,01/03/24,02/03/24,29,,,,new
6668,Краснодар,01/03/24,02/03/24,29,1,1.9416666666666667,8898.54,one_time
6669,Нижний Новгород,01/03/24,02/03/24,29,1,8.552083333333334,16381.98,one_time
6670,Тюмень,01/03/24,02/03/24,29,,,,new
6671,Саратов,01/03/24,02/03/24,29,,,,new
6672,Москва,01/03/24,02/03/24,29,,,,new
6673,Пермь,01/03/24,02/03/24,29,,,,new
6674,Ижевск,01/03/24,02/03/24,29,,,,new
6675,Тольятти,01/03/24,02/03/24,29,1,0.75625,1026.18,one_time
6676,Казань,01/03/24,02/03/24,29,,,,new
6677,Новосибирск,01/03/24,02/03/24,29,,,,new
6678,Омск,01/03/24,02/03/24,29,,,,new
6679,Самара,01/03/24,02/03/24,29,,,,new
6680,Краснодар,01/03/24,02/03/24,29,,,,new
6681,Новосибирск,01/03/24,02/03/24,29,,,,new
6682,Волгоград,01/03/24,02/03/24,29,,,,new
6683,Пермь,01/03/24,02/03/24,29,,,,new
6684,Челябинск,01/03/24,02/03/24,29,,,,new
6685,Челябинск,01/03/24,02/03/24,29,,,,new
6686,Москва,01/03/24,02/03/24,29,,,,new
6687,Екатеринбург,01/03/24,02/03/24,29,,,,new
6688,Краснодар,01/03/24,02/03/24,29,,,,new
6689,Уфа,01/03/24,02/03/24,29,,,,new
6690,Самара,01/03/24,02/03/24,29,1,3.425,16235.54,one_time
6691,Воронеж,01/03/24,02/03/24,29,,,,new
6692,Краснодар,01/03/24,02/03/24,29,,,,new
6693,Москва,01/03/24,02/03/24,29,,,,new
6694,Краснодар,01/03/24,02/03/24,29,,,,new
6695,Красноярск,01/03/24,02/03/24,29,2,7.926388888888889,46797.83,one_time
6696,Новосибирск,01/03/24,02/03/24,29,,,,new
6697,Волгоград,01/03/24,02/03/24,29,,,,new
6698,Санкт-Петербург,01/03/24,02/03/24,29,,,,new
6699,Саратов,01/03/24,02/03/24,29,,,,new
6700,Ростов-на-Дону,01/03/24,02/03/24,29,,,,new
6701,Воронеж,01/03/24,02/03/24,29,1,7.375,17238.34,one_time
6702,Омск,01/03/24,02/03/24,29,,,,new
6703,Казань,01/03/24,02/03/24,29,,,,new
6704,Екатеринбург,01/03/24,02/03/24,29,,,,new
6705,Тольятти,01/03/24,02/03/24,29,,,,new
6706,Санкт-Петербург,01/03/24,02/03/24,29,,,,new
6707,Самара,01/03/24,02/03/24,29,,,,new
6708,Тольятти,01/03/24,02/03/24,29,,,,new
6709,Омск,01/03/24,02/03/24,29,,,,new
6710,Пермь,01/03/24,02/03/24,29,,,,new
6711,Санкт-Петербург,01/03/24,02/03/24,29,,,,new
6712,Тюмень,01/03/24,02/03/24,29,1,3.390972222222222,105807.97,one_time
6713,Волгоград,01/03/24,02/03/24,29,,,,new
6714,Пермь,01/03/24,02/03/24,29,1,7.147916666666666,23724.35,one_time
6715,Уфа,01/03/24,02/03/24,29,,,,new
6716,Самара,01/03/24,02/03/24,29,,,,new
6717,Воронеж,01/03/24,02/03/24,29,,,,new
6718,,01/03/24,02/03/24,29,,,,new
6719,Волгоград,01/03/24,02/03/24,29,,,,new
6720,Уфа,01/03/24,02/03/24,29,,,,new
6721,Новосибирск,01/03/24,02/03/24,29,,,,new
6722,Екатеринбург,01/03/24,02/03/24,29,1,5.946527777777778,2475.12,one_time
6723,Волгоград,01/03/24,02/03/24,29,,,,new
6724,Самара,01/03/24,02/03/24,29,,,,new
6725,Уфа,01/03/24,02/03/24,29,,,,new
6726,Омск,01/03/24,02/03/24,29,1,5.3375,7263.82,one_time
6727,Тюмень,01/03/24,02/03/24,29,1,6.025,64812.15,one_time
6728,Челябинск,01/03/24,02/03/24,29,,,,new
6729,,01/03/24,02/03/24,29,,,,new
6730,,01/03/24,02/03/24,29,,,,new
6731,Санкт-Петербург,01/03/24,02/03/24,29,1,3.0833333333333335,17316.05,one_time
6732,Красноярск,01/03/24,02/03/24,29,,,,new
6733,Ростов-на-Дону,01/03/24,02/03/24,29,,,,new
6734,Красноярск,01/03/24,02/03/24,29,,,,new
6735,Нижний Новгород,01/03/24,02/03/24,29,,,,new
6736,Пермь,01/03/24,02/03/24,29,,,,new
6737,Уфа,01/03/24,02/03/24,29,,,,new
6738,Красноярск,01/03/24,02/03/24,29,,,,new
6739,Воронеж,01/03/24,02/03/24,29,,,,new
6740,Челябинск,01/03/24,02/03/24,29,,,,new
6741,Ростов-на-Дону,01/03/24,02/03/24,29,1,3.2444444444444445,86172.5,one_time
6742,Воронеж,01/03/24,02/03/24,29,1,6.0256944444444445,31021.45,one_time
6743,Уфа,01/03/24,02/03/24,29,,,,new
6744,Ростов-на-Дону,01/03/24,02/03/24,29,,,,new
6745,Санкт-Петербург,01/03/24,02/03/24,29,,,,new
6746,Нижний Новгород,01/03/24,02/03/24,29,,,,new
6747,Ижевск,01/03/24,02/03/24,29,,,,new
6748,Красноярск,01/03/24,02/03/24,29,,,,new
6749,Тюмень,01/03/24,02/03/24,29,,,,new
6750,Тюмень,01/03/24,02/03/24,29,,,,new
6751,Самара,01/03/24,02/03/24,29,,,,new
6752,Красноярск,01/03/24,02/03/24,29,,,,new
6753,Челябинск,01/03/24,02/03/24,29,,,,new
6754,Челябинск,01/03/24,02/03/24,29,,,,new
6755,Воронеж,01/03/24,02/03/24,29,,,,new
6756,Казань,01/03/24,02/03/24,29,,,,new
6757,Воронеж,01/03/24,02/03/24,29,1,5.371527777777778,27622.72,one_time
6758,Новосибирск,01/03/24,02/03/24,29,,,,new
6759,Новосибирск,01/03/24,02/03/24,29,,,,new
6760,Ижевск,01/03/24,02/03/24,29,,,,new
6761,Нижний Новгород,01/03/24,02/03/24,29,,,,new
6762,Волгоград,01/03/24,02/03/24,29,,,,new
6763,Пермь,01/03/24,02/03/24,29,,,,new
6764,Пермь,01/03/24,02/03/24,29,,,,new
6765,Самара,01/03/24,02/03/24,29,,,,new
6766,Тольятти,01/03/24,02/03/24,29,,,,new
6767,Ижевск,01/03/24,02/03/24,29,,,,new
6768,Омск,01/03/24,02/03/24,29,,,,new
6769,Челябинск,01/03/24,02/03/24,29,,,,new
6770,Тюмень,01/03/24,02/03/24,29,,,,new
6771,Новосибирск,01/03/24,02/03/24,29,,,,new
6772,Тюмень,01/03/24,02/03/24,29,,,,new
6773,Волгоград,01/03/24,02/03/24,29,,,,new
6774,Екатеринбург,01/03/24,02/03/24,29,,,,new
6775,Волгоград,01/03/24,02/03/24,29,,,,new
6776,Тольятти,01/03/24,02/03/24,29,,,,new
6777,Пермь,01/03/24,02/03/24,29,,,,new
6778,Санкт-Петербург,01/03/24,02/03/24,29,,,,new
6779,Казань,01/03/24,02/03/24,29,,,,new
6780,Уфа,01/03/24,02/03/24,29,,,,new
6781,Волгоград,01/03/24,02/03/24,29,1,3.4680555555555554,602.76,one_time
6782,Москва,01/03/24,02/03/24,29,2,5.584027777777778,144336.1,one_time
6783,Саратов,01/03/24,02/03/24,29,,,,new
6784,Воронеж,01/03/24,02/03/24,29,,,,new
6785,Саратов,01/03/24,02/03/24,29,,,,new
6786,Нижний Новгород,01/03/24,02/03/24,29,1,4.990277777777778,21223.94,one_time
6787,Красноярск,01/03/24,02/03/24,29,1,5.56875,56129.18,one_time
6788,Пермь,01/03/24,02/03/24,29,,,,new
6789,Ижевск,01/03/24,02/03/24,29,,,,new
6790,Новосибирск,01/03/24,02/03/24,29,,,,new
6791,Челябинск,01/03/24,02/03/24,29,,,,new
6792,Омск,01/03/24,02/03/24,29,,,,new
6793,Казань,01/03/24,02/03/24,29,,,,new
6794,Самара,01/03/24,02/03/24,29,,,,new
6795,Красноярск,01/03/24,02/03/24,29,,,,new
6796,Уфа,01/03/24,02/03/24,29,,,,new
6797,Казань,01/03/24,02/03/24,29,,,,new
6798,Казань,01/03/24,02/03/24,29,,,,new
6799,Нижний Новгород,01/03/24,02/03/24,29,,,,new
6800,Санкт-Петербург,01/03/24,02/03/24,29,,,,new
6801,Екатеринбург,01/03/24,02/03/24,29,,,,new
6802,Ижевск,01/03/24,03/03/24,28,,,,new
6803,Пермь,01/03/24,03/03/24,28,,,,new
6804,Казань,01/03/24,03/03/24,28,,,,new
6805,Ижевск,01/03/24,03/03/24,28,,,,new
6806,Тюмень,01/03/24,03/03/24,28,,,,new
6807,Челябинск,01/03/24,03/03/24,28,,,,new
6808,Краснодар,01/03/24,03/03/24,28,,,,new
6809,Краснодар,01/03/24,03/03/24,28,,,,new
6810,Воронеж,01/03/24,03/03/24,28,1,1.8631944444444444,19024.64,one_time
6811,Уфа,01/03/24,03/03/24,28,,,,new
6812,Тюмень,01/03/24,03/03/24,28,,,,new
6813,Красноярск,01/03/24,03/03/24,28,,,,new
6814,Самара,01/03/24,03/03/24,28,,,,new
6815,Екатеринбург,01/03/24,03/03/24,28,,,,new
6816,Уфа,01/03/24,03/03/24,28,,,,new
6817,Красноярск,01/03/24,03/03/24,28,,,,new
6818,Волгоград,01/03/24,03/03/24,28,,,,new
6819,Екатеринбург,01/03/24,03/03/24,28,1,4.192361111111111,68168.67,one_time
6820,Челябинск,01/03/24,03/03/24,28,,,,new
6821,Уфа,01/03/24,03/03/24,28,1,1.2354166666666666,37697.58,one_time
6822,Краснодар,01/03/24,03/03/24,28,,,,new
6823,Тюмень,01/03/24,03/03/24,28,,,,new
6824,Пермь,01/03/24,03/03/24,28,,,,new
6825,Новосибирск,01/03/24,03/03/24,28,2,5.873958333333333,32551.3,one_time
6826,Ижевск,01/03/24,03/03/24,28,,,,new
6827,Воронеж,01/03/24,03/03/24,28,,,,new
6828,Краснодар,01/03/24,03/03/24,28,,,,new
6829,Санкт-Петербург,01/03/24,03/03/24,28,,,,new
6830,,01/03/24,03/03/24,28,2,3.375694444444444,64849.38,one_time
6831,Нижний Новгород,01/03/24,03/03/24,28,,,,new
6832,Челябинск,01/03/24,03/03/24,28,,,,new
6833,Омск,01/03/24,03/03/24,28,,,,new
6834,Уфа,01/03/24,03/03/24,28,,,,new
6835,Екатеринбург,01/03/24,03/03/24,28,,,,new
6836,Уфа,01/03/24,03/03/24,28,,,,new
6837,Москва,01/03/24,03/03/24,28,,,,new
6838,Ижевск,01/03/24,03/03/24,28,,,,new
6839,Челябинск,01/03/24,03/03/24,28,,,,new
6840,Тольятти,01/03/24,03/03/24,28,,,,new
6841,Омск,01/03/24,03/03/24,28,,,,new
6842,Екатеринбург,01/03/24,03/03/24,28,,,,new
6843,Волгоград,01/03/24,03/03/24,28,,,,new
6844,Екатеринбург,01/03/24,03/03/24,28,,,,new
6845,Санкт-Петербург,01/03/24,03/03/24,28,,,,new
6846,Уфа,01/03/24,03/03/24,28,,,,new
6847,Москва,01/03/24,03/03/24,28,,,,new
6848,Омск,01/03/24,03/03/24,28,,,,new
6849,Екатеринбург,01/03/24,03/03/24,28,,,,new
6850,Краснодар,01/03/24,03/03/24,28,,,,new
6851,Новосибирск,01/03/24,03/03/24,28,,,,new
6852,Ростов-на-Дону,01/03/24,03/03/24,28,,,,new
6853,Нижний Новгород,01/03/24,03/03/24,28,,,,new
6854,Краснодар,01/03/24,03/03/24,28,1,5.754861111111111,8574.31,one_time
6855,Новосибирск,01/03/24,03/03/24,28,,,,new
6856,Ростов-на-Дону,01/03/24,03/03/24,28,,,,new
6857,Воронеж,01/03/24,03/03/24,28,,,,new
6858,Волгоград,01/03/24,03/03/24,28,,,,new
6859,Уфа,01/03/24,03/03/24,28,,,,new
6860,Краснодар,01/03/24,03/03/24,28,,,,new
6861,Омск,01/03/24,03/03/24,28,,,,new
6862,Саратов,01/03/24,03/03/24,28,,,,new
6863,Тюмень,01/03/24,03/03/24,28,,,,new
6864,Казань,01/03/24,03/03/24,28,,,,new
6865,Ростов-на-Дону,01/03/24,03/03/24,28,,,,new
6866,Саратов,01/03/24,03/03/24,28,,,,new
6867,Тольятти,01/03/24,03/03/24,28,,,,new
6868,Самара,01/03/24,03/03/24,28,,,,new
6869,Уфа,01/03/24,03/03/24,28,,,,new
6870,Казань,01/03/24,03/03/24,28,,,,new
6871,Екатеринбург,01/03/24,03/03/24,28,,,,new
6872,Челябинск,01/03/24,03/03/24,28,,,,new
6873,Омск,01/03/24,03/03/24,28,,,,new
6874,Санкт-Петербург,01/03/24,03/03/24,28,,,,new
6875,Челябинск,01/03/24,03/03/24,28,,,,new
6876,Воронеж,01/03/24,03/03/24,28,,,,new
6877,Тольятти,01/03/24,03/03/24,28,2,3.2378472222222223,84234.84,one_time
6878,Санкт-Петербург,01/03/24,03/03/24,28,,,,new
6879,Уфа,01/03/24,03/03/24,28,,,,new
6880,Новосибирск,01/03/24,03/03/24,28,,,,new
6881,Казань,01/03/24,03/03/24,28,,,,new
6882,Санкт-Петербург,01/03/24,03/03/24,28,,,,new
6883,Москва,01/03/24,03/03/24,28,,,,new
6884,Новосибирск,01/03/24,03/03/24,28,,,,new
6885,Ростов-на-Дону,01/03/24,03/03/24,28,,,,new
6886,Екатеринбург,01/03/24,03/03/24,28,,,,new
6887,Екатеринбург,01/03/24,03/03/24,28,,,,new
6888,Краснодар,01/03/24,03/03/24,28,,,,new
6889,Новосибирск,01/03/24,03/03/24,28,,,,new
6890,Уфа,01/03/24,03/03/24,28,,,,new
6891,Красноярск,01/03/24,03/03/24,28,,,,new
6892,Воронеж,01/03/24,03/03/24,28,,,,new
6893,Уфа,01/03/24,03/03/24,28,,,,new
6894,Краснодар,01/03/24,03/03/24,28,,,,new
6895,Екатеринбург,01/03/24,03/03/24,28,,,,new
6896,Красноярск,01/03/24,03/03/24,28,,,,new
6897,Нижний Новгород,01/03/24,03/03/24,28,,,,new
6898,Воронеж,01/03/24,03/03/24,28,,,,new
6899,Пермь,01/03/24,04/03/24,27,,,,new
6900,Новосибирск,01/03/24,04/03/24,27,,,,new
6901,Тольятти,01/03/24,04/03/24,27,,,,new
6902,Самара,01/03/24,04/03/24,27,,,,new
6903,Красноярск,01/03/24,04/03/24,27,1,4.206944444444445,32759.76,one_time
6904,Самара,01/03/24,04/03/24,27,,,,new
6905,Екатеринбург,01/03/24,04/03/24,27,,,,new
6906,Воронеж,01/03/24,04/03/24,27,1,3.013888888888889,10690.25,one_time
6907,Уфа,01/03/24,04/03/24,27,,,,new
6908,Челябинск,01/03/24,04/03/24,27,,,,new
6909,Нижний Новгород,01/03/24,04/03/24,27,,,,new
6910,Москва,01/03/24,04/03/24,27,,,,new
6911,Ростов-на-Дону,01/03/24,04/03/24,27,,,,new
6912,Красноярск,01/03/24,04/03/24,27,,,,new
6913,Воронеж,01/03/24,04/03/24,27,,,,new
6914,Уфа,01/03/24,04/03/24,27,1,5.576388888888889,106462.53,one_time
6915,Волгоград,01/03/24,04/03/24,27,,,,new
6916,Москва,01/03/24,04/03/24,27,,,,new
6917,Краснодар,01/03/24,04/03/24,27,,,,new
6918,Ростов-на-Дону,01/03/24,04/03/24,27,,,,new
6919,Нижний Новгород,01/03/24,04/03/24,27,,,,new
6920,Тюмень,01/03/24,04/03/24,27,2,6.323611111111111,123141.86,one_time
6921,Москва,01/03/24,04/03/24,27,,,,new
6922,Краснодар,01/03/24,04/03/24,27,,,,new
6923,Краснодар,01/03/24,04/03/24,27,,,,new
6924,Волгоград,01/03/24,04/03/24,27,,,,new
6925,Казань,01/03/24,04/03/24,27,,,,new
6926,Екатеринбург,01/03/24,04/03/24,27,,,,new
6927,Санкт-Петербург,01/03/24,04/03/24,27,,,,new
6928,Краснодар,01/03/24,04/03/24,27,,,,new
6929,Челябинск,01/03/24,04/03/24,27,,,,new
6930,Воронеж,01/03/24,04/03/24,27,,,,new
6931,Тольятти,01/03/24,04/03/24,27,,,,new
6932,Саратов,01/03/24,04/03/24,27,,,,new
6933,Красноярск,01/03/24,04/03/24,27,,,,new
6934,Ростов-на-Дону,01/03/24,04/03/24,27,,,,new
6935,Самара,01/03/24,04/03/24,27,,,,new
6936,Казань,01/03/24,04/03/24,27,,,,new
6937,Воронеж,01/03/24,04/03/24,27,,,,new
6938,Ростов-на-Дону,01/03/24,04/03/24,27,,,,new
6939,Москва,01/03/24,04/03/24,27,1,5.315972222222222,46601.9,one_time
6940,Тюмень,01/03/24,04/03/24,27,,,,new
6941,Москва,01/03/24,04/03/24,27,,,,new
6942,Волгоград,01/03/24,04/03/24,27,,,,new
6943,Тольятти,01/03/24,04/03/24,27,,,,new
6944,Тольятти,01/03/24,04/03/24,27,,,,new
6945,Воронеж,01/03/24,04/03/24,27,,,,new
6946,Москва,01/03/24,04/03/24,27,,,,new
6947,Тюмень,01/03/24,04/03/24,27,,,,new
6948,Саратов,01/03/24,04/03/24,27,,,,new
6949,Ижевск,01/03/24,04/03/24,27,,,,new
6950,Самара,01/03/24,04/03/24,27,,,,new
6951,Краснодар,01/03/24,04/03/24,27,1,5.4631944444444445,22143.92,one_time
6952,Казань,01/03/24,04/03/24,27,1,1.09375,30358.31,one_time
6953,Санкт-Петербург,01/03/24,04/03/24,27,,,,new
6954,Новосибирск,01/03/24,04/03/24,27,,,,new
6955,Тюмень,01/03/24,04/03/24,27,,,,new
6956,Тюмень,01/03/24,04/03/24,27,,,,new
6957,Ростов-на-Дону,01/03/24,04/03/24,27,,,,new
6958,Самара,01/03/24,04/03/24,27,,,,new
6959,Казань,01/03/24,04/03/24,27,,,,new
6960,Уфа,01/03/24,04/03/24,27,,,,new
6961,Ростов-на-Дону,01/03/24,04/03/24,27,,,,new
6962,Воронеж,01/03/24,04/03/24,27,,,,new
6963,Уфа,01/03/24,04/03/24,27,,,,new
6964,Самара,01/03/24,04/03/24,27,,,,new
6965,Самара,01/03/24,04/03/24,27,,,,new
6966,Красноярск,01/03/24,04/03/24,27,,,,new
6967,Новосибирск,01/03/24,04/03/24,27,,,,new
6968,Казань,01/03/24,04/03/24,27,,,,new
6969,Краснодар,01/03/24,04/03/24,27,,,,new
6970,Тюмень,01/03/24,04/03/24,27,,,,new
6971,Казань,01/03/24,04/03/24,27,,,,new
6972,Екатеринбург,01/03/24,04/03/24,27,,,,new
6973,Тюмень,01/03/24,04/03/24,27,,,,new
6974,Москва,01/03/24,04/03/24,27,,,,new
6975,Тольятти,01/03/24,04/03/24,27,,,,new
6976,Ростов-на-Дону,01/03/24,04/03/24,27,,,,new
6977,Екатеринбург,01/03/24,04/03/24,27,,,,new
6978,Челябинск,01/03/24,04/03/24,27,,,,new
6979,Воронеж,01/03/24,04/03/24,27,,,,new
6980,Нижний Новгород,01/03/24,04/03/24,27,,,,new
6981,Воронеж,01/03/24,04/03/24,27,,,,new
6982,Нижний Новгород,01/03/24,04/03/24,27,,,,new
6983,Уфа,01/03/24,04/03/24,27,,,,new
6984,Саратов,01/03/24,04/03/24,27,,,,new
6985,Нижний Новгород,01/03/24,04/03/24,27,,,,new
6986,Казань,01/03/24,04/03/24,27,,,,new
6987,Красноярск,01/03/24,04/03/24,27,,,,new
6988,Казань,01/03/24,04/03/24,27,,,,new
6989,Пермь,01/03/24,04/03/24,27,,,,new
6990,Ростов-на-Дону,01/03/24,05/03/24,26,,,,new
6991,Ростов-на-Дону,01/03/24,05/03/24,26,2,5.8277777777777775,76182.1,one_time
6992,Ижевск,01/03/24,05/03/24,26,,,,new
6993,Самара,01/03/24,05/03/24,26,,,,new
6994,Красноярск,01/03/24,05/03/24,26,,,,new
6995,Новосибирск,01/03/24,05/03/24,26,,,,new
6996,Саратов,01/03/24,05/03/24,26,,,,new
6997,Краснодар,01/03/24,05/03/24,26,,,,new
6998,Самара,01/03/24,05/03/24,26,,,,new
6999,Казань,01/03/24,05/03/24,26,,,,new
7000,Новосибирск,01/03/24,05/03/24,26,,,,new
7001,Новосибирск,01/03/24,05/03/24,26,1,3.842361111111111,77375.04,one_time
7002,Краснодар,01/03/24,05/03/24,26,,,,new
7003,Красноярск,01/03/24,05/03/24,26,,,,new
7004,,01/03/24,05/03/24,26,,,,new
7005,Пермь,01/03/24,05/03/24,26,1,4.170138888888889,62968.75,one_time
7006,Новосибирск,01/03/24,05/03/24,26,,,,new
7007,Казань,01/03/24,05/03/24,26,,,,new
7008,Воронеж,01/03/24,05/03/24,26,,,,new
7009,Омск,01/03/24,05/03/24,26,1,4.816666666666666,92398.8,one_time
7010,Воронеж,01/03/24,05/03/24,26,,,,new
7011,Новосибирск,01/03/24,05/03/24,26,,,,new
7012,Волгоград,01/03/24,05/03/24,26,,,,new
7013,Казань,01/03/24,05/03/24,26,,,,new
7014,Казань,01/03/24,05/03/24,26,,,,new
7015,Воронеж,01/03/24,05/03/24,26,,,,new
7016,Москва,01/03/24,05/03/24,26,1,1.8756944444444446,182545.62,one_time
7017,Саратов,01/03/24,05/03/24,26,1,6.874305555555556,21157.84,one_time
7018,Пермь,01/03/24,05/03/24,26,,,,new
7019,Тюмень,01/03/24,05/03/24,26,,,,new
7020,Тольятти,01/03/24,05/03/24,26,,,,new
7021,Москва,01/03/24,05/03/24,26,,,,new
7022,Москва,01/03/24,05/03/24,26,,,,new
7023,Тольятти,01/03/24,05/03/24,26,,,,new
7024,Москва,01/03/24,05/03/24,26,,,,new
7025,Красноярск,01/03/24,05/03/24,26,,,,new
7026,Ижевск,01/03/24,05/03/24,26,,,,new
7027,Краснодар,01/03/24,05/03/24,26,,,,new
7028,Самара,01/03/24,05/03/24,26,,,,new
7029,Санкт-Петербург,01/03/24,05/03/24,26,,,,new
7030,Казань,01/03/24,05/03/24,26,,,,new
7031,Санкт-Петербург,01/03/24,05/03/24,26,,,,new
7032,Ижевск,01/03/24,05/03/24,26,3,4.201388888888888,164099.54,regular
7033,,01/03/24,05/03/24,26,1,7.263194444444444,45821.15,one_time
7034,Пермь,01/03/24,05/03/24,26,,,,new
7035,Уфа,01/03/24,05/03/24,26,,,,new
7036,Екатеринбург,01/03/24,05/03/24,26,,,,new
7037,Казань,01/03/24,05/03/24,26,,,,new
7038,Уфа,01/03/24,05/03/24,26,,,,new
7039,Красноярск,01/03/24,05/03/24,26,,,,new
7040,Санкт-Петербург,01/03/24,05/03/24,26,,,,new
7041,Пермь,01/03/24,05/03/24,26,1,3.373611111111111,2318.91,one_time
7042,Краснодар,01/03/24,05/03/24,26,1,4.025,241682.8,one_time
7043,Москва,01/03/24,05/03/24,26,,,,new
7044,Екатеринбург,01/03/24,05/03/24,26,,,,new
7045,Воронеж,01/03/24,05/03/24,26,,,,new
7046,Челябинск,01/03/24,05/03/24,26,,,,new
7047,Омск,01/03/24,05/03/24,26,,,,new
7048,Волгоград,01/03/24,05/03/24,26,1,5.8125,9970.13,one_time
7049,Воронеж,01/03/24,05/03/24,26,,,,new
7050,Пермь,01/03/24,05/03/24,26,,,,new
7051,Санкт-Петербург,01/03/24,05/03/24,26,,,,new
7052,Новосибирск,01/03/24,05/03/24,26,,,,new
7053,Санкт-Петербург,01/03/24,05/03/24,26,,,,new
7054,Тольятти,01/03/24,05/03/24,26,,,,new
7055,Тольятти,01/03/24,05/03/24,26,,,,new
7056,Казань,01/03/24,05/03/24,26,,,,new
7057,Красноярск,01/03/24,05/03/24,26,,,,new
7058,,01/03/24,05/03/24,26,,,,new
7059,Ижевск,01/03/24,05/03/24,26,,,,new
7060,Омск,01/03/24,05/03/24,26,1,1.8756944444444446,23428.21,one_time
7061,Новосибирск,01/03/24,05/03/24,26,,,,new
7062,Санкт-Петербург,01/03/24,05/03/24,26,,,,new
7063,Тольятти,01/03/24,05/03/24,26,,,,new
7064,Нижний Новгород,01/03/24,05/03/24,26,,,,new
7065,Новосибирск,01/03/24,05/03/24,26,1,0.5638888888888889,50924.52,one_time
7066,Ростов-на-Дону,01/03/24,05/03/24,26,1,4.761111111111111,28632.78,one_time
7067,Челябинск,01/03/24,05/03/24,26,1,5.720138888888889,18389.69,one_time
7068,Челябинск,01/03/24,05/03/24,26,1,3.886111111111111,31094.89,one_time
7069,Санкт-Петербург,01/03/24,05/03/24,26,,,,new
7070,Екатеринбург,01/03/24,05/03/24,26,,,,new
7071,Волгоград,01/03/24,05/03/24,26,,,,new
7072,Краснодар,01/03/24,05/03/24,26,,,,new
7073,Омск,01/03/24,05/03/24,26,,,,new
7074,Ростов-на-Дону,01/03/24,05/03/24,26,,,,new
7075,Челябинск,01/03/24,05/03/24,26,,,,new
7076,Самара,01/03/24,05/03/24,26,,,,new
7077,Красноярск,01/03/24,05/03/24,26,,,,new
7078,Волгоград,01/03/24,05/03/24,26,,,,new
7079,Самара,01/03/24,05/03/24,26,1,3.142361111111111,2535.31,one_time
7080,Тюмень,01/03/24,05/03/24,26,,,,new
7081,Ростов-на-Дону,01/03/24,05/03/24,26,,,,new
7082,Воронеж,01/03/24,05/03/24,26,,,,new
7083,Ижевск,01/03/24,05/03/24,26,,,,new
7084,Ижевск,01/03/24,05/03/24,26,,,,new
7085,Новосибирск,01/03/24,05/03/24,26,,,,new
7086,Красноярск,01/03/24,05/03/24,26,,,,new
7087,Тюмень,01/03/24,05/03/24,26,,,,new
7088,Тюмень,01/03/24,05/03/24,26,,,,new
7089,Уфа,01/03/24,05/03/24,26,1,4.976388888888889,16080.69,one_time
7090,Саратов,01/03/24,05/03/24,26,,,,new
7091,Новосибирск,01/03/24,05/03/24,26,,,,new
7092,Уфа,01/03/24,05/03/24,26,,,,new
7093,Новосибирск,01/03/24,05/03/24,26,,,,new
7094,Челябинск,01/03/24,05/03/24,26,,,,new
7095,Казань,01/03/24,05/03/24,26,,,,new
7096,Тольятти,01/03/24,05/03/24,26,1,0.7986111111111112,12227.68,one_time
7097,Новосибирск,01/03/24,05/03/24,26,,,,new
7098,Санкт-Петербург,01/03/24,05/03/24,26,,,,new
7099,Тольятти,01/03/24,05/03/24,26,,,,new
7100,Воронеж,01/03/24,05/03/24,26,,,,new
7101,Москва,01/03/24,05/03/24,26,,,,new
7102,Екатеринбург,01/03/24,05/03/24,26,,,,new
7103,Санкт-Петербург,01/03/24,05/03/24,26,,,,new
7104,Новосибирск,01/03/24,05/03/24,26,,,,new
7105,Уфа,01/03/24,06/03/24,25,,,,new
7106,Тюмень,01/03/24,06/03/24,25,,,,new
7107,Саратов,01/03/24,06/03/24,25,,,,new
7108,Казань,01/03/24,06/03/24,25,,,,new
7109,Ростов-на-Дону,01/03/24,06/03/24,25,,,,new
7110,Красноярск,01/03/24,06/03/24,25,1,3.888888888888889,42398.88,one_time
7111,Ростов-на-Дону,01/03/24,06/03/24,25,,,,new
7112,Воронеж,01/03/24,06/03/24,25,,,,new
7113,Тольятти,01/03/24,06/03/24,25,,,,new
7114,Екатеринбург,01/03/24,06/03/24,25,,,,new
7115,Екатеринбург,01/03/24,06/03/24,25,,,,new
7116,Саратов,01/03/24,06/03/24,25,,,,new
7117,Воронеж,01/03/24,06/03/24,25,1,5.965277777777778,24245.49,one_time
7118,Ростов-на-Дону,01/03/24,06/03/24,25,,,,new
7119,Воронеж,01/03/24,06/03/24,25,1,6.944444444444445,181160.43,one_time
7120,Новосибирск,01/03/24,06/03/24,25,1,5.751388888888889,112884.34,one_time
7121,Нижний Новгород,01/03/24,06/03/24,25,,,,new
7122,Тольятти,01/03/24,06/03/24,25,,,,new
7123,Красноярск,01/03/24,06/03/24,25,,,,new
7124,Воронеж,01/03/24,06/03/24,25,,,,new
7125,Екатеринбург,01/03/24,06/03/24,25,,,,new
7126,Пермь,01/03/24,06/03/24,25,,,,new
7127,Ростов-на-Дону,01/03/24,06/03/24,25,,,,new
7128,,01/03/24,06/03/24,25,,,,new
7129,Саратов,01/03/24,06/03/24,25,,,,new
7130,Самара,01/03/24,06/03/24,25,,,,new
7131,Воронеж,01/03/24,06/03/24,25,,,,new
7132,Санкт-Петербург,01/03/24,06/03/24,25,,,,new
7133,Челябинск,01/03/24,06/03/24,25,,,,new
7134,Санкт-Петербург,01/03/24,06/03/24,25,,,,new
7135,Краснодар,01/03/24,06/03/24,25,,,,new
7136,Санкт-Петербург,01/03/24,06/03/24,25,,,,new
7137,Тюмень,01/03/24,06/03/24,25,,,,new
7138,Тольятти,01/03/24,06/03/24,25,,,,new
7139,Санкт-Петербург,01/03/24,06/03/24,25,1,3.509027777777778,9298.95,one_time
7140,Тольятти,01/03/24,06/03/24,25,2,3.205208333333333,114559.27,one_time
7141,Краснодар,01/03/24,06/03/24,25,,,,new
7142,Уфа,01/03/24,06/03/24,25,,,,new
7143,Ростов-на-Дону,01/03/24,06/03/24,25,,,,new
7144,Самара,01/03/24,06/03/24,25,,,,new
7145,Волгоград,01/03/24,06/03/24,25,,,,new
7146,Омск,01/03/24,06/03/24,25,,,,new
7147,Саратов,01/03/24,06/03/24,25,,,,new
7148,Ростов-на-Дону,01/03/24,06/03/24,25,,,,new
7149,Санкт-Петербург,01/03/24,06/03/24,25,,,,new
7150,Ростов-на-Дону,01/03/24,06/03/24,25,,,,new
7151,Саратов,01/03/24,06/03/24,25,,,,new
7152,Краснодар,01/03/24,06/03/24,25,,,,new
7153,Уфа,01/03/24,06/03/24,25,,,,new
7154,Омск,01/03/24,06/03/24,25,1,3.017361111111111,9883.32,one_time
7155,Ижевск,01/03/24,06/03/24,25,,,,new
7156,Екатеринбург,01/03/24,06/03/24,25,1,0.9576388888888889,11968.02,one_time
7157,Уфа,01/03/24,06/03/24,25,,,,new
7158,Воронеж,01/03/24,06/03/24,25,,,,new
7159,Тольятти,01/03/24,06/03/24,25,,,,new
7160,Саратов,01/03/24,06/03/24,25,,,,new
7161,Красноярск,01/03/24,06/03/24,25,,,,new
7162,Саратов,01/03/24,06/03/24,25,1,6.422916666666667,13058.5,one_time
7163,Екатеринбург,01/03/24,06/03/24,25,,,,new
7164,Санкт-Петербург,01/03/24,06/03/24,25,,,,new
7165,Ижевск,01/03/24,06/03/24,25,,,,new
7166,Самара,01/03/24,06/03/24,25,,,,new
7167,Красноярск,01/03/24,06/03/24,25,,,,new
7168,Новосибирск,01/03/24,06/03/24,25,,,,new
7169,Москва,01/03/24,06/03/24,25,,,,new
7170,Казань,01/03/24,06/03/24,25,,,,new
7171,Самара,01/03/24,06/03/24,25,,,,new
7172,Самара,01/03/24,06/03/24,25,,,,new
7173,Санкт-Петербург,01/03/24,06/03/24,25,,,,new
7174,Красноярск,01/03/24,06/03/24,25,,,,new
7175,Красноярск,01/03/24,06/03/24,25,,,,new
7176,Москва,01/03/24,06/03/24,25,,,,new
7177,Ростов-на-Дону,01/03/24,06/03/24,25,,,,new
7178,Нижний Новгород,01/03/24,06/03/24,25,,,,new
7179,Тольятти,01/03/24,06/03/24,25,1,4.497916666666667,138979.13,one_time
7180,Ростов-на-Дону,01/03/24,06/03/24,25,,,,new
7181,Тюмень,01/03/24,06/03/24,25,,,,new
7182,Красноярск,01/03/24,06/03/24,25,,,,new
7183,,01/03/24,06/03/24,25,,,,new
7184,Пермь,01/03/24,06/03/24,25,,,,new
7185,Москва,01/03/24,06/03/24,25,,,,new
7186,Новосибирск,01/03/24,06/03/24,25,,,,new
7187,Ростов-на-Дону,01/03/24,06/03/24,25,,,,new
7188,Челябинск,01/03/24,06/03/24,25,,,,new
7189,Челябинск,01/03/24,06/03/24,25,,,,new
7190,Екатеринбург,01/03/24,06/03/24,25,,,,new
7191,Красноярск,01/03/24,06/03/24,25,,,,new
7192,Омск,01/03/24,06/03/24,25,,,,new
7193,Казань,01/03/24,06/03/24,25,,,,new
7194,Казань,01/03/24,06/03/24,25,,,,new
7195,Уфа,01/03/24,06/03/24,25,,,,new
7196,Ростов-на-Дону,01/03/24,06/03/24,25,,,,new
7197,Ижевск,01/03/24,06/03/24,25,,,,new
7198,Челябинск,01/03/24,06/03/24,25,,,,new
7199,Омск,01/03/24,06/03/24,25,,,,new
7200,Воронеж,01/03/24,06/03/24,25,,,,new
7201,Челябинск,01/03/24,06/03/24,25,,,,new
7202,Воронеж,01/03/24,06/03/24,25,,,,new
7203,Челябинск,01/03/24,06/03/24,25,,,,new
7204,Саратов,01/03/24,06/03/24,25,,,,new
7205,Волгоград,01/03/24,06/03/24,25,,,,new
7206,Волгоград,01/03/24,06/03/24,25,,,,new
7207,Челябинск,01/03/24,06/03/24,25,2,4.417013888888889,75296.43,one_time
7208,Пермь,01/03/24,06/03/24,25,,,,new
7209,Новосибирск,01/03/24,06/03/24,25,,,,new
7210,Новосибирск,01/03/24,06/03/24,25,,,,new
7211,Екатеринбург,01/03/24,06/03/24,25,,,,new
7212,Ростов-на-Дону,01/03/24,06/03/24,25,,,,new
7213,Казань,01/03/24,06/03/24,25,1,4.252083333333333,22148.81,one_time
7214,Новосибирск,01/03/24,06/03/24,25,,,,new
7215,Нижний Новгород,01/03/24,06/03/24,25,,,,new
7216,Москва,01/03/24,06/03/24,25,,,,new
7217,Тольятти,01/03/24,06/03/24,25,,,,new
7218,Екатеринбург,01/03/24,06/03/24,25,1,4.263888888888889,747.98,one_time
7219,Краснодар,01/03/24,06/03/24,25,,,,new
7220,Самара,01/03/24,06/03/24,25,1,3.191666666666667,21192.85,one_time
7221,Красноярск,01/03/24,06/03/24,25,,,,new
7222,Воронеж,01/03/24,06/03/24,25,,,,new
7223,Санкт-Петербург,01/03/24,06/03/24,25,,,,new
7224,Санкт-Петербург,01/03/24,06/03/24,25,,,,new
7225,Нижний Новгород,01/03/24,06/03/24,25,,,,new
7226,Краснодар,01/03/24,06/03/24,25,,,,new
7227,Нижний Новгород,01/03/24,06/03/24,25,,,,new
7228,Краснодар,01/03/24,06/03/24,25,,,,new
7229,Омск,01/03/24,07/03/24,24,,,,new
7230,Самара,01/03/24,07/03/24,24,,,,new
7231,Краснодар,01/03/24,07/03/24,24,,,,new
7232,Ижевск,01/03/24,07/03/24,24,1,5.067361111111111,33646.46,one_time
7233,Новосибирск,01/03/24,07/03/24,24,,,,new
7234,Ижевск,01/03/24,07/03/24,24,,,,new
7235,Нижний Новгород,01/03/24,07/03/24,24,,,,new
7236,Саратов,01/03/24,07/03/24,24,1,5.561805555555556,56978.31,one_time
7237,Ижевск,01/03/24,07/03/24,24,,,,new
7238,Воронеж,01/03/24,07/03/24,24,,,,new
7239,Самара,01/03/24,07/03/24,24,,,,new
7240,Саратов,01/03/24,07/03/24,24,,,,new
7241,Пермь,01/03/24,07/03/24,24,,,,new
7242,Омск,01/03/24,07/03/24,24,,,,new
7243,Красноярск,01/03/24,07/03/24,24,,,,new
7244,Санкт-Петербург,01/03/24,07/03/24,24,,,,new
7245,Омск,01/03/24,07/03/24,24,,,,new
7246,Самара,01/03/24,07/03/24,24,,,,new
7247,Тольятти,01/03/24,07/03/24,24,,,,new
7248,Новосибирск,01/03/24,07/03/24,24,,,,new
7249,Екатеринбург,01/03/24,07/03/24,24,,,,new
7250,,01/03/24,07/03/24,24,,,,new
7251,Самара,01/03/24,07/03/24,24,,,,new
7252,Москва,01/03/24,07/03/24,24,,,,new
7253,Санкт-Петербург,01/03/24,07/03/24,24,,,,new
7254,Ижевск,01/03/24,07/03/24,24,,,,new
7255,Казань,01/03/24,07/03/24,24,,,,new
7256,Нижний Новгород,01/03/24,07/03/24,24,,,,new
7257,Уфа,01/03/24,07/03/24,24,,,,new
7258,Самара,01/03/24,07/03/24,24,,,,new
7259,Краснодар,01/03/24,07/03/24,24,,,,new
7260,Новосибирск,01/03/24,07/03/24,24,,,,new
7261,Новосибирск,01/03/24,07/03/24,24,,,,new
7262,Новосибирск,01/03/24,07/03/24,24,,,,new
7263,Уфа,01/03/24,07/03/24,24,2,4.027083333333334,118628.63,one_time
7264,Москва,01/03/24,07/03/24,24,,,,new
7265,Пермь,01/03/24,07/03/24,24,1,1.2777777777777777,61387.56,one_time
7266,Ижевск,01/03/24,07/03/24,24,,,,new
7267,Саратов,01/03/24,07/03/24,24,,,,new
7268,Санкт-Петербург,01/03/24,07/03/24,24,,,,new
7269,Воронеж,01/03/24,07/03/24,24,,,,new
7270,Ижевск,01/03/24,07/03/24,24,,,,new
7271,Тольятти,01/03/24,07/03/24,24,,,,new
7272,Красноярск,01/03/24,07/03/24,24,,,,new
7273,Волгоград,01/03/24,07/03/24,24,,,,new
7274,Воронеж,01/03/24,07/03/24,24,,,,new
7275,Саратов,01/03/24,07/03/24,24,,,,new
7276,Ижевск,01/03/24,07/03/24,24,,,,new
7277,Казань,01/03/24,07/03/24,24,,,,new
7278,Ижевск,01/03/24,07/03/24,24,,,,new
7279,Воронеж,01/03/24,07/03/24,24,,,,new
7280,Омск,01/03/24,07/03/24,24,,,,new
7281,Тольятти,01/03/24,07/03/24,24,,,,new
7282,Красноярск,01/03/24,07/03/24,24,,,,new
7283,Волгоград,01/03/24,07/03/24,24,,,,new
7284,Москва,01/03/24,07/03/24,24,,,,new
7285,Москва,01/03/24,07/03/24,24,,,,new
7286,Тольятти,01/03/24,07/03/24,24,,,,new
7287,Самара,01/03/24,07/03/24,24,,,,new
7288,Тольятти,01/03/24,07/03/24,24,,,,new
7289,Уфа,01/03/24,07/03/24,24,,,,new
7290,Волгоград,01/03/24,07/03/24,24,,,,new
7291,Челябинск,01/03/24,07/03/24,24,,,,new
7292,Красноярск,01/03/24,07/03/24,24,,,,new
7293,Краснодар,01/03/24,07/03/24,24,,,,new
7294,Краснодар,01/03/24,07/03/24,24,,,,new
7295,Тюмень,01/03/24,07/03/24,24,1,6.095138888888889,211748.63,one_time
7296,Воронеж,01/03/24,07/03/24,24,,,,new
7297,Ростов-на-Дону,01/03/24,07/03/24,24,,,,new
7298,Екатеринбург,01/03/24,07/03/24,24,,,,new
7299,Нижний Новгород,01/03/24,07/03/24,24,,,,new
7300,Тольятти,01/03/24,07/03/24,24,,,,new
7301,Екатеринбург,01/03/24,07/03/24,24,,,,new
7302,Саратов,01/03/24,07/03/24,24,,,,new
7303,Тольятти,01/03/24,07/03/24,24,,,,new
7304,Москва,01/03/24,07/03/24,24,1,2.079861111111111,218197.47,one_time
7305,Саратов,01/03/24,07/03/24,24,,,,new
7306,Воронеж,01/03/24,07/03/24,24,,,,new
7307,Новосибирск,01/03/24,07/03/24,24,,,,new
7308,Москва,01/03/24,07/03/24,24,,,,new
7309,,01/03/24,07/03/24,24,1,5.784722222222222,12951.98,one_time
7310,Воронеж,01/03/24,07/03/24,24,,,,new
7311,Воронеж,01/03/24,07/03/24,24,,,,new
7312,Челябинск,01/03/24,07/03/24,24,,,,new
7313,Казань,01/03/24,07/03/24,24,,,,new
7314,Уфа,01/03/24,07/03/24,24,,,,new
7315,Омск,01/03/24,07/03/24,24,,,,new
7316,Воронеж,01/03/24,07/03/24,24,,,,new
7317,Казань,01/03/24,07/03/24,24,,,,new
7318,Нижний Новгород,01/03/24,07/03/24,24,,,,new
7319,Казань,01/03/24,07/03/24,24,1,3.4763888888888888,31436.44,one_time
7320,Саратов,01/03/24,07/03/24,24,,,,new
7321,Нижний Новгород,01/03/24,07/03/24,24,,,,new
7322,Нижний Новгород,01/03/24,07/03/24,24,,,,new
7323,Москва,01/03/24,07/03/24,24,,,,new
7324,Краснодар,01/03/24,07/03/24,24,,,,new
7325,Воронеж,01/03/24,07/03/24,24,,,,new
7326,Санкт-Петербург,01/03/24,07/03/24,24,,,,new
7327,Пермь,01/03/24,07/03/24,24,,,,new
7328,Красноярск,01/03/24,07/03/24,24,,,,new
7329,Тюмень,01/03/24,07/03/24,24,,,,new
7330,Екатеринбург,01/03/24,07/03/24,24,,,,new
7331,Казань,01/03/24,07/03/24,24,,,,new
7332,Челябинск,01/03/24,07/03/24,24,,,,new
7333,Москва,01/03/24,07/03/24,24,,,,new
7334,Новосибирск,01/03/24,07/03/24,24,,,,new
7335,Краснодар,01/03/24,07/03/24,24,,,,new
7336,Самара,01/03/24,07/03/24,24,,,,new
7337,Новосибирск,01/03/24,07/03/24,24,,,,new
7338,Нижний Новгород,01/03/24,07/03/24,24,,,,new
7339,Санкт-Петербург,01/03/24,07/03/24,24,,,,new
7340,Саратов,01/03/24,08/03/24,23,,,,new
7341,Уфа,01/03/24,08/03/24,23,,,,new
7342,Воронеж,01/03/24,08/03/24,23,,,,new
7343,Омск,01/03/24,08/03/24,23,,,,new
7344,Омск,01/03/24,08/03/24,23,,,,new
7345,Уфа,01/03/24,08/03/24,23,,,,new
7346,Краснодар,01/03/24,08/03/24,23,,,,new
7347,Саратов,01/03/24,08/03/24,23,1,5.50625,17133.76,one_time
7348,Омск,01/03/24,08/03/24,23,,,,new
7349,Новосибирск,01/03/24,08/03/24,23,,,,new
7350,Казань,01/03/24,08/03/24,23,,,,new
7351,Ижевск,01/03/24,08/03/24,23,,,,new
7352,Новосибирск,01/03/24,08/03/24,23,,,,new
7353,Екатеринбург,01/03/24,08/03/24,23,,,,new
7354,Челябинск,01/03/24,08/03/24,23,,,,new
7355,Нижний Новгород,01/03/24,08/03/24,23,,,,new
7356,Пермь,01/03/24,08/03/24,23,,,,new
7357,Нижний Новгород,01/03/24,08/03/24,23,,,,new
7358,Тюмень,01/03/24,08/03/24,23,1,5.596527777777778,15455.67,one_time
7359,Пермь,01/03/24,08/03/24,23,,,,new
7360,Тольятти,01/03/24,08/03/24,23,,,,new
7361,Тольятти,01/03/24,08/03/24,23,,,,new
7362,Казань,01/03/24,08/03/24,23,,,,new
7363,Челябинск,01/03/24,08/03/24,23,,,,new
7364,,01/03/24,08/03/24,23,,,,new
7365,Ростов-на-Дону,01/03/24,08/03/24,23,1,5.325694444444444,45261.37,one_time
7366,Воронеж,01/03/24,08/03/24,23,,,,new
7367,Омск,01/03/24,08/03/24,23,,,,new
7368,Воронеж,01/03/24,08/03/24,23,,,,new
7369,Омск,01/03/24,08/03/24,23,,,,new
7370,Красноярск,01/03/24,08/03/24,23,,,,new
7371,Новосибирск,01/03/24,08/03/24,23,,,,new
7372,Омск,01/03/24,08/03/24,23,,,,new
7373,Нижний Новгород,01/03/24,08/03/24,23,,,,new
7374,Волгоград,01/03/24,08/03/24,23,,,,new
7375,Краснодар,01/03/24,08/03/24,23,,,,new
7376,Саратов,01/03/24,08/03/24,23,,,,new
7377,Саратов,01/03/24,08/03/24,23,,,,new
7378,Омск,01/03/24,08/03/24,23,,,,new
7379,Омск,01/03/24,08/03/24,23,,,,new
7380,Волгоград,01/03/24,08/03/24,23,,,,new
7381,Екатеринбург,01/03/24,08/03/24,23,,,,new
7382,Пермь,01/03/24,08/03/24,23,1,2.057638888888889,20888.99,one_time
7383,Ростов-на-Дону,01/03/24,08/03/24,23,,,,new
7384,Казань,01/03/24,08/03/24,23,,,,new
7385,Омск,01/03/24,08/03/24,23,,,,new
7386,Челябинск,01/03/24,08/03/24,23,,,,new
7387,Саратов,01/03/24,08/03/24,23,,,,new
7388,Саратов,01/03/24,08/03/24,23,,,,new
7389,Краснодар,01/03/24,08/03/24,23,,,,new
7390,Волгоград,01/03/24,08/03/24,23,,,,new
7391,Тюмень,01/03/24,08/03/24,23,,,,new
7392,Нижний Новгород,01/03/24,08/03/24,23,,,,new
7393,Тольятти,01/03/24,08/03/24,23,1,4.6930555555555555,7101.87,one_time
7394,Санкт-Петербург,01/03/24,08/03/24,23,,,,new
7395,Москва,01/03/24,08/03/24,23,,,,new
7396,Ростов-на-Дону,01/03/24,08/03/24,23,,,,new
7397,Санкт-Петербург,01/03/24,08/03/24,23,,,,new
7398,Казань,01/03/24,08/03/24,23,,,,new
7399,Воронеж,01/03/24,08/03/24,23,,,,new
7400,Пермь,01/03/24,08/03/24,23,,,,new
7401,Казань,01/03/24,08/03/24,23,,,,new
7402,,01/03/24,08/03/24,23,1,6.321527777777778,35580.92,one_time
7403,Москва,01/03/24,08/03/24,23,,,,new
7404,Ижевск,01/03/24,08/03/24,23,,,,new
7405,Краснодар,01/03/24,08/03/24,23,,,,new
7406,Санкт-Петербург,01/03/24,08/03/24,23,,,,new
7407,Нижний Новгород,01/03/24,08/03/24,23,1,3.0034722222222223,44407.86,one_time
7408,Ижевск,01/03/24,08/03/24,23,,,,new
7409,Воронеж,01/03/24,08/03/24,23,,,,new
7410,Москва,01/03/24,08/03/24,23,,,,new
7411,Пермь,01/03/24,08/03/24,23,,,,new
7412,Уфа,01/03/24,08/03/24,23,,,,new
7413,Санкт-Петербург,01/03/24,08/03/24,23,,,,new
7414,Саратов,01/03/24,08/03/24,23,,,,new
7415,Екатеринбург,01/03/24,08/03/24,23,,,,new
7416,Ижевск,01/03/24,08/03/24,23,,,,new
7417,Самара,01/03/24,08/03/24,23,,,,new
7418,Красноярск,01/03/24,08/03/24,23,,,,new
7419,Омск,01/03/24,08/03/24,23,,,,new
7420,Ростов-на-Дону,01/03/24,08/03/24,23,,,,new
7421,,01/03/24,08/03/24,23,,,,new
7422,Санкт-Петербург,01/03/24,08/03/24,23,,,,new
7423,Воронеж,01/03/24,08/03/24,23,,,,new
7424,Казань,01/03/24,08/03/24,23,,,,new
7425,Екатеринбург,01/03/24,08/03/24,23,,,,new
7426,Ростов-на-Дону,01/03/24,08/03/24,23,,,,new
7427,Омск,01/03/24,08/03/24,23,,,,new
7428,Омск,01/03/24,08/03/24,23,,,,new
7429,Тюмень,01/03/24,08/03/24,23,,,,new
7430,Новосибирск,01/03/24,08/03/24,23,,,,new
7431,Нижний Новгород,01/03/24,08/03/24,23,,,,new
7432,Тольятти,01/03/24,08/03/24,23,,,,new
7433,Казань,01/03/24,08/03/24,23,,,,new
7434,Ростов-на-Дону,01/03/24,08/03/24,23,1,4.0,39984.24,one_time
7435,Красноярск,01/03/24,08/03/24,23,,,,new
7436,Челябинск,01/03/24,08/03/24,23,,,,new
7437,Казань,01/03/24,08/03/24,23,,,,new
7438,Екатеринбург,01/03/24,08/03/24,23,,,,new
7439,Самара,01/03/24,08/03/24,23,,,,new
7440,Санкт-Петербург,01/03/24,08/03/24,23,,,,new
7441,Красноярск,01/03/24,08/03/24,23,,,,new
7442,Тольятти,01/03/24,08/03/24,23,1,5.949305555555555,27954.76,one_time
7443,Москва,01/03/24,08/03/24,23,,,,new
7444,Волгоград,01/03/24,08/03/24,23,,,,new
7445,Омск,01/03/24,08/03/24,23,,,,new
7446,Пермь,01/03/24,08/03/24,23,,,,new
7447,Екатеринбург,01/03/24,09/03/24,22,1,2.3506944444444446,31964.87,one_time
7448,Волгоград,01/03/24,09/03/24,22,,,,new
7449,Москва,01/03/24,09/03/24,22,,,,new
7450,Екатеринбург,01/03/24,09/03/24,22,,,,new
7451,Самара,01/03/24,09/03/24,22,1,6.713888888888889,23459.34,one_time
7452,Волгоград,01/03/24,09/03/24,22,1,3.0527777777777776,28559.17,one_time
7453,Екатеринбург,01/03/24,09/03/24,22,,,,new
7454,Красноярск,01/03/24,09/03/24,22,,,,new
7455,Волгоград,01/03/24,09/03/24,22,,,,new
7456,Тюмень,01/03/24,09/03/24,22,,,,new
7457,Пермь,01/03/24,09/03/24,22,,,,new
7458,Саратов,01/03/24,09/03/24,22,1,4.590972222222222,8943.27,one_time
7459,Тюмень,01/03/24,09/03/24,22,,,,new
7460,Красноярск,01/03/24,09/03/24,22,,,,new
7461,Москва,01/03/24,09/03/24,22,,,,new
7462,Новосибирск,01/03/24,09/03/24,22,,,,new
7463,Екатеринбург,01/03/24,09/03/24,22,,,,new
7464,Екатеринбург,01/03/24,09/03/24,22,,,,new
7465,Нижний Новгород,01/03/24,09/03/24,22,,,,new
7466,Самара,01/03/24,09/03/24,22,,,,new
7467,Воронеж,01/03/24,09/03/24,22,,,,new
7468,Москва,01/03/24,09/03/24,22,,,,new
7469,Воронеж,01/03/24,09/03/24,22,,,,new
7470,Челябинск,01/03/24,09/03/24,22,,,,new
7471,Тюмень,01/03/24,09/03/24,22,,,,new
7472,Красноярск,01/03/24,09/03/24,22,,,,new
7473,Санкт-Петербург,01/03/24,09/03/24,22,,,,new
7474,Красноярск,01/03/24,09/03/24,22,1,4.5777777777777775,64697.59,one_time
7475,Воронеж,01/03/24,09/03/24,22,,,,new
7476,Санкт-Петербург,01/03/24,09/03/24,22,,,,new
7477,Ижевск,01/03/24,09/03/24,22,,,,new
7478,Тюмень,01/03/24,09/03/24,22,,,,new
7479,Омск,01/03/24,09/03/24,22,,,,new
7480,Казань,01/03/24,09/03/24,22,1,3.4472222222222224,17448.93,one_time
7481,Тюмень,01/03/24,09/03/24,22,,,,new
7482,Казань,01/03/24,09/03/24,22,,,,new
7483,Пермь,01/03/24,09/03/24,22,,,,new
7484,Пермь,01/03/24,09/03/24,22,,,,new
7485,Нижний Новгород,01/03/24,09/03/24,22,,,,new
7486,Саратов,01/03/24,09/03/24,22,1,4.834027777777778,421.56,one_time
7487,Красноярск,01/03/24,09/03/24,22,,,,new
7488,Екатеринбург,01/03/24,09/03/24,22,,,,new
7489,Москва,01/03/24,09/03/24,22,,,,new
7490,Краснодар,01/03/24,09/03/24,22,,,,new
7491,Краснодар,01/03/24,09/03/24,22,2,5.188888888888889,104131.16,one_time
7492,Самара,01/03/24,09/03/24,22,,,,new
7493,Саратов,01/03/24,09/03/24,22,,,,new
7494,Красноярск,01/03/24,09/03/24,22,,,,new
7495,Новосибирск,01/03/24,09/03/24,22,,,,new
7496,Казань,01/03/24,09/03/24,22,,,,new
7497,Екатеринбург,01/03/24,09/03/24,22,,,,new
7498,Новосибирск,01/03/24,09/03/24,22,,,,new
7499,Воронеж,01/03/24,09/03/24,22,,,,new
7500,Ростов-на-Дону,01/03/24,09/03/24,22,,,,new
7501,Воронеж,01/03/24,09/03/24,22,,,,new
7502,Тюмень,01/03/24,09/03/24,22,,,,new
7503,Нижний Новгород,01/03/24,09/03/24,22,,,,new
7504,Воронеж,01/03/24,09/03/24,22,,,,new
7505,Нижний Новгород,01/03/24,09/03/24,22,,,,new
7506,,01/03/24,09/03/24,22,1,4.436111111111111,10425.78,one_time
7507,Тюмень,01/03/24,09/03/24,22,,,,new
7508,Казань,01/03/24,09/03/24,22,,,,new
7509,Челябинск,01/03/24,09/03/24,22,,,,new
7510,Омск,01/03/24,09/03/24,22,,,,new
7511,Волгоград,01/03/24,09/03/24,22,,,,new
7512,Новосибирск,01/03/24,09/03/24,22,,,,new
7513,Ижевск,01/03/24,09/03/24,22,,,,new
7514,Казань,01/03/24,09/03/24,22,,,,new
7515,Казань,01/03/24,09/03/24,22,,,,new
7516,Омск,01/03/24,09/03/24,22,,,,new
7517,Омск,01/03/24,09/03/24,22,1,1.8444444444444446,24429.58,one_time
7518,,01/03/24,09/03/24,22,,,,new
7519,Нижний Новгород,01/03/24,09/03/24,22,1,5.481944444444444,69329.4,one_time
7520,Саратов,01/03/24,09/03/24,22,,,,new
7521,Пермь,01/03/24,09/03/24,22,,,,new
7522,Москва,01/03/24,09/03/24,22,,,,new
7523,Тольятти,01/03/24,09/03/24,22,,,,new
7524,Пермь,01/03/24,09/03/24,22,2,5.165277777777778,72153.26,one_time
7525,Ростов-на-Дону,01/03/24,09/03/24,22,,,,new
7526,Челябинск,01/03/24,09/03/24,22,,,,new
7527,Ростов-на-Дону,01/03/24,09/03/24,22,,,,new
7528,Уфа,01/03/24,09/03/24,22,,,,new
7529,Москва,01/03/24,09/03/24,22,,,,new
7530,Тюмень,01/03/24,09/03/24,22,,,,new
7531,Воронеж,01/03/24,09/03/24,22,1,4.613194444444445,3624.88,one_time
7532,Пермь,01/03/24,09/03/24,22,,,,new
7533,Екатеринбург,01/03/24,09/03/24,22,,,,new
7534,Волгоград,01/03/24,09/03/24,22,1,3.2708333333333335,3269.47,one_time
7535,Краснодар,01/03/24,09/03/24,22,,,,new
7536,Омск,01/03/24,09/03/24,22,,,,new
7537,Красноярск,01/03/24,09/03/24,22,,,,new
7538,Красноярск,01/03/24,09/03/24,22,,,,new
7539,Ростов-на-Дону,01/03/24,09/03/24,22,1,1.5951388888888889,5427.28,one_time
7540,Самара,01/03/24,09/03/24,22,,,,new
7541,Ростов-на-Дону,01/03/24,09/03/24,22,,,,new
7542,Воронеж,01/03/24,09/03/24,22,,,,new
7543,Москва,01/03/24,09/03/24,22,,,,new
7544,Воронеж,01/03/24,09/03/24,22,,,,new
7545,Казань,01/03/24,09/03/24,22,,,,new
7546,Самара,01/03/24,09/03/24,22,,,,new
7547,Ростов-на-Дону,01/03/24,09/03/24,22,,,,new
7548,Воронеж,01/03/24,09/03/24,22,,,,new
7549,Уфа,01/03/24,09/03/24,22,,,,new
7550,Воронеж,01/03/24,10/03/24,21,,,,new
7551,Санкт-Петербург,01/03/24,10/03/24,21,,,,new
7552,Саратов,01/03/24,10/03/24,21,,,,new
7553,Самара,01/03/24,10/03/24,21,,,,new
7554,Казань,01/03/24,10/03/24,21,1,5.79375,10629.32,one_time
7555,Москва,01/03/24,10/03/24,21,,,,new
7556,Санкт-Петербург,01/03/24,10/03/24,21,,,,new
7557,Ростов-на-Дону,01/03/24,10/03/24,21,,,,new
7558,Волгоград,01/03/24,10/03/24,21,,,,new
7559,Тюмень,01/03/24,10/03/24,21,,,,new
7560,Новосибирск,01/03/24,10/03/24,21,,,,new
7561,Пермь,01/03/24,10/03/24,21,,,,new
7562,Нижний Новгород,01/03/24,10/03/24,21,,,,new
7563,Краснодар,01/03/24,10/03/24,21,,,,new
7564,Пермь,01/03/24,10/03/24,21,,,,new
7565,Уфа,01/03/24,10/03/24,21,,,,new
7566,Екатеринбург,01/03/24,10/03/24,21,,,,new
7567,Новосибирск,01/03/24,10/03/24,21,,,,new
7568,Волгоград,01/03/24,10/03/24,21,,,,new
7569,Красноярск,01/03/24,10/03/24,21,,,,new
7570,Уфа,01/03/24,10/03/24,21,,,,new
7571,Волгоград,01/03/24,10/03/24,21,,,,new
7572,Омск,01/03/24,10/03/24,21,,,,new
7573,Волгоград,01/03/24,10/03/24,21,,,,new
7574,Казань,01/03/24,10/03/24,21,,,,new
7575,Саратов,01/03/24,10/03/24,21,,,,new
7576,Москва,01/03/24,10/03/24,21,,,,new
7577,Красноярск,01/03/24,10/03/24,21,,,,new
7578,Волгоград,01/03/24,10/03/24,21,,,,new
7579,Воронеж,01/03/24,10/03/24,21,,,,new
7580,Ростов-на-Дону,01/03/24,10/03/24,21,,,,new
7581,Новосибирск,01/03/24,10/03/24,21,,,,new
7582,,01/03/24,10/03/24,21,,,,new
7583,Краснодар,01/03/24,10/03/24,21,,,,new
7584,Екатеринбург,01/03/24,10/03/24,21,,,,new
7585,Ростов-на-Дону,01/03/24,10/03/24,21,,,,new
7586,Саратов,01/03/24,10/03/24,21,,,,new
7587,Нижний Новгород,01/03/24,10/03/24,21,,,,new
7588,Санкт-Петербург,01/03/24,10/03/24,21,,,,new
7589,Пермь,01/03/24,10/03/24,21,,,,new
7590,Самара,01/03/24,10/03/24,21,,,,new
7591,Волгоград,01/03/24,10/03/24,21,,,,new
7592,Саратов,01/03/24,10/03/24,21,,,,new
7593,,01/03/24,10/03/24,21,,,,new
7594,Тюмень,01/03/24,10/03/24,21,,,,new
7595,Самара,01/03/24,10/03/24,21,,,,new
7596,Ростов-на-Дону,01/03/24,10/03/24,21,,,,new
7597,Пермь,01/03/24,10/03/24,21,,,,new
7598,Воронеж,01/03/24,10/03/24,21,,,,new
7599,Воронеж,01/03/24,10/03/24,21,,,,new
7600,Казань,01/03/24,10/03/24,21,,,,new
7601,Екатеринбург,01/03/24,10/03/24,21,,,,new
7602,Тольятти,01/03/24,10/03/24,21,,,,new
7603,Екатеринбург,01/03/24,10/03/24,21,,,,new
7604,Уфа,01/03/24,10/03/24,21,,,,new
7605,Тольятти,01/03/24,10/03/24,21,,,,new
7606,Омск,01/03/24,10/03/24,21,,,,new
7607,Пермь,01/03/24,10/03/24,21,,,,new
7608,Самара,01/03/24,10/03/24,21,1,0.3145833333333333,66504.84,one_time
7609,Волгоград,01/03/24,10/03/24,21,,,,new
7610,Челябинск,01/03/24,10/03/24,21,,,,new
7611,Екатеринбург,01/03/24,10/03/24,21,,,,new
7612,Тольятти,01/03/24,10/03/24,21,,,,new
7613,Тольятти,01/03/24,10/03/24,21,,,,new
7614,Воронеж,01/03/24,10/03/24,21,,,,new
7615,Москва,01/03/24,10/03/24,21,,,,new
7616,Челябинск,01/03/24,10/03/24,21,,,,new
7617,Казань,01/03/24,10/03/24,21,,,,new
7618,Екатеринбург,01/03/24,10/03/24,21,,,,new
7619,Самара,01/03/24,10/03/24,21,,,,new
7620,Пермь,01/03/24,10/03/24,21,,,,new
7621,Саратов,01/03/24,10/03/24,21,,,,new
7622,Волгоград,01/03/24,10/03/24,21,,,,new
7623,Омск,01/03/24,10/03/24,21,1,4.409722222222222,15333.47,one_time
7624,Москва,01/03/24,10/03/24,21,,,,new
7625,Краснодар,01/03/24,10/03/24,21,,,,new
7626,Самара,01/03/24,10/03/24,21,,,,new
7627,Казань,01/03/24,10/03/24,21,,,,new
7628,Санкт-Петербург,01/03/24,10/03/24,21,,,,new
7629,Нижний Новгород,01/03/24,10/03/24,21,,,,new
7630,Нижний Новгород,01/03/24,10/03/24,21,,,,new
7631,Волгоград,01/03/24,10/03/24,21,,,,new
7632,Воронеж,01/03/24,10/03/24,21,,,,new
7633,Самара,01/03/24,10/03/24,21,,,,new
7634,Тольятти,01/03/24,10/03/24,21,,,,new
7635,Казань,01/03/24,10/03/24,21,,,,new
7636,Челябинск,01/03/24,11/03/24,20,,,,new
7637,Пермь,01/03/24,11/03/24,20,,,,new
7638,Ижевск,01/03/24,11/03/24,20,,,,new
7639,Москва,01/03/24,11/03/24,20,,,,new
7640,Казань,01/03/24,11/03/24,20,,,,new
7641,Самара,01/03/24,11/03/24,20,,,,new
7642,Москва,01/03/24,11/03/24,20,,,,new
7643,Челябинск,01/03/24,11/03/24,20,,,,new
7644,Уфа,01/03/24,11/03/24,20,,,,new
7645,Самара,01/03/24,11/03/24,20,1,4.152083333333334,62950.49,one_time
7646,Челябинск,01/03/24,11/03/24,20,,,,new
7647,Казань,01/03/24,11/03/24,20,,,,new
7648,Тюмень,01/03/24,11/03/24,20,,,,new
7649,Тольятти,01/03/24,11/03/24,20,,,,new
7650,Саратов,01/03/24,11/03/24,20,,,,new
7651,Саратов,01/03/24,11/03/24,20,,,,new
7652,Нижний Новгород,01/03/24,11/03/24,20,,,,new
7653,Волгоград,01/03/24,11/03/24,20,,,,new
7654,Челябинск,01/03/24,11/03/24,20,,,,new
7655,Тюмень,01/03/24,11/03/24,20,,,,new
7656,Новосибирск,01/03/24,11/03/24,20,,,,new
7657,Тюмень,01/03/24,11/03/24,20,,,,new
7658,Самара,01/03/24,11/03/24,20,,,,new
7659,Казань,01/03/24,11/03/24,20,,,,new
7660,Волгоград,01/03/24,11/03/24,20,,,,new
7661,Тольятти,01/03/24,11/03/24,20,,,,new
7662,Нижний Новгород,01/03/24,11/03/24,20,,,,new
7663,Красноярск,01/03/24,11/03/24,20,,,,new
7664,Краснодар,01/03/24,11/03/24,20,,,,new
7665,Омск,01/03/24,11/03/24,20,,,,new
7666,Красноярск,01/03/24,11/03/24,20,,,,new
7667,Пермь,01/03/24,11/03/24,20,,,,new
7668,Воронеж,01/03/24,11/03/24,20,,,,new
7669,Самара,01/03/24,11/03/24,20,,,,new
7670,Челябинск,01/03/24,11/03/24,20,,,,new
7671,Нижний Новгород,01/03/24,11/03/24,20,,,,new
7672,Тольятти,01/03/24,11/03/24,20,,,,new
7673,Краснодар,01/03/24,11/03/24,20,,,,new
7674,Челябинск,01/03/24,11/03/24,20,,,,new
7675,Красноярск,01/03/24,11/03/24,20,1,6.463888888888889,105598.59,one_time
7676,Нижний Новгород,01/03/24,11/03/24,20,,,,new
7677,Тюмень,01/03/24,11/03/24,20,,,,new
7678,Омск,01/03/24,11/03/24,20,,,,new
7679,Ижевск,01/03/24,11/03/24,20,,,,new
7680,Тольятти,01/03/24,11/03/24,20,,,,new
7681,Волгоград,01/03/24,11/03/24,20,,,,new
7682,Ростов-на-Дону,01/03/24,11/03/24,20,1,1.5951388888888889,44080.05,one_time
7683,Ростов-на-Дону,01/03/24,11/03/24,20,,,,new
7684,Ижевск,01/03/24,11/03/24,20,,,,new
7685,Ростов-на-Дону,01/03/24,11/03/24,20,,,,new
7686,Москва,01/03/24,11/03/24,20,,,,new
7687,Ижевск,01/03/24,11/03/24,20,,,,new
7688,Тюмень,01/03/24,11/03/24,20,,,,new
7689,Ростов-на-Дону,01/03/24,11/03/24,20,1,4.608333333333333,86357.8,one_time
7690,Нижний Новгород,01/03/24,11/03/24,20,1,2.6145833333333335,65294.12,one_time
7691,Красноярск,01/03/24,11/03/24,20,,,,new
7692,Волгоград,01/03/24,11/03/24,20,,,,new
7693,Казань,01/03/24,11/03/24,20,,,,new
7694,Омск,01/03/24,11/03/24,20,,,,new
7695,Красноярск,01/03/24,11/03/24,20,,,,new
7696,Волгоград,01/03/24,11/03/24,20,,,,new
7697,Тольятти,01/03/24,11/03/24,20,,,,new
7698,Пермь,01/03/24,11/03/24,20,,,,new
7699,Ростов-на-Дону,01/03/24,11/03/24,20,1,4.0125,9085.01,one_time
7700,Тюмень,01/03/24,11/03/24,20,,,,new
7701,Екатеринбург,01/03/24,11/03/24,20,1,5.379166666666666,23709.1,one_time
7702,Красноярск,01/03/24,11/03/24,20,,,,new
7703,Новосибирск,01/03/24,11/03/24,20,,,,new
7704,Самара,01/03/24,11/03/24,20,,,,new
7705,Уфа,01/03/24,11/03/24,20,,,,new
7706,Екатеринбург,01/03/24,11/03/24,20,,,,new
7707,Ростов-на-Дону,01/03/24,11/03/24,20,,,,new
7708,Москва,01/03/24,11/03/24,20,,,,new
7709,Екатеринбург,01/03/24,11/03/24,20,,,,new
7710,Омск,01/03/24,11/03/24,20,1,1.9590277777777778,76875.5,one_time
7711,Омск,01/03/24,11/03/24,20,,,,new
7712,Новосибирск,01/03/24,11/03/24,20,,,,new
7713,Воронеж,01/03/24,11/03/24,20,,,,new
7714,Красноярск,01/03/24,11/03/24,20,,,,new
7715,Казань,01/03/24,11/03/24,20,,,,new
7716,Тольятти,01/03/24,11/03/24,20,,,,new
7717,Уфа,01/03/24,11/03/24,20,,,,new
7718,Ростов-на-Дону,01/03/24,11/03/24,20,1,3.3027777777777776,11725.34,one_time
7719,Тюмень,01/03/24,11/03/24,20,,,,new
7720,Волгоград,01/03/24,11/03/24,20,,,,new
7721,Волгоград,01/03/24,11/03/24,20,,,,new
7722,Казань,01/03/24,11/03/24,20,,,,new
7723,Ижевск,01/03/24,11/03/24,20,,,,new
7724,Тольятти,01/03/24,11/03/24,20,,,,new
7725,Ижевск,01/03/24,11/03/24,20,,,,new
7726,Санкт-Петербург,01/03/24,11/03/24,20,,,,new
7727,Тольятти,01/03/24,11/03/24,20,,,,new
7728,Волгоград,01/03/24,11/03/24,20,,,,new
7729,Уфа,01/03/24,11/03/24,20,,,,new
7730,Ижевск,01/03/24,11/03/24,20,,,,new
7731,Уфа,01/03/24,11/03/24,20,,,,new
7732,Саратов,01/03/24,11/03/24,20,,,,new
7733,Тюмень,01/03/24,11/03/24,20,,,,new
7734,Челябинск,01/03/24,11/03/24,20,,,,new
7735,Нижний Новгород,01/03/24,11/03/24,20,,,,new
7736,Челябинск,01/03/24,11/03/24,20,,,,new
7737,Екатеринбург,01/03/24,11/03/24,20,,,,new
7738,Воронеж,01/03/24,11/03/24,20,,,,new
7739,Нижний Новгород,01/03/24,11/03/24,20,,,,new
7740,Волгоград,01/03/24,11/03/24,20,,,,new
7741,Челябинск,01/03/24,11/03/24,20,,,,new
7742,Ростов-на-Дону,01/03/24,11/03/24,20,,,,new
7743,Тюмень,01/03/24,11/03/24,20,,,,new
7744,Санкт-Петербург,01/03/24,12/03/24,19,,,,new
7745,Казань,01/03/24,12/03/24,19,,,,new
7746,Екатеринбург,01/03/24,12/03/24,19,,,,new
7747,Омск,01/03/24,12/03/24,19,,,,new
7748,Саратов,01/03/24,12/03/24,19,,,,new
7749,Казань,01/03/24,12/03/24,19,,,,new
7750,Тольятти,01/03/24,12/03/24,19,,,,new
7751,Новосибирск,01/03/24,12/03/24,19,,,,new
7752,Воронеж,01/03/24,12/03/24,19,,,,new
7753,,01/03/24,12/03/24,19,,,,new
7754,Уфа,01/03/24,12/03/24,19,,,,new
7755,Тюмень,01/03/24,12/03/24,19,,,,new
7756,Пермь,01/03/24,12/03/24,19,,,,new
7757,Волгоград,01/03/24,12/03/24,19,,,,new
7758,Тольятти,01/03/24,12/03/24,19,,,,new
7759,Новосибирск,01/03/24,12/03/24,19,,,,new
7760,Саратов,01/03/24,12/03/24,19,,,,new
7761,Москва,01/03/24,12/03/24,19,1,4.740972222222222,82127.48,one_time
7762,Уфа,01/03/24,12/03/24,19,,,,new
7763,Краснодар,01/03/24,12/03/24,19,,,,new
7764,Тюмень,01/03/24,12/03/24,19,,,,new
7765,Саратов,01/03/24,12/03/24,19,,,,new
7766,Уфа,01/03/24,12/03/24,19,1,3.897222222222222,25187.94,one_time
7767,Ижевск,01/03/24,12/03/24,19,,,,new
7768,Нижний Новгород,01/03/24,12/03/24,19,,,,new
7769,Краснодар,01/03/24,12/03/24,19,,,,new
7770,Москва,01/03/24,12/03/24,19,,,,new
7771,Волгоград,01/03/24,12/03/24,19,1,4.686805555555556,17148.14,one_time
7772,Нижний Новгород,01/03/24,12/03/24,19,,,,new
7773,Москва,01/03/24,12/03/24,19,,,,new
7774,Нижний Новгород,01/03/24,12/03/24,19,1,6.23125,48213.48,one_time
7775,Уфа,01/03/24,12/03/24,19,,,,new
7776,Краснодар,01/03/24,12/03/24,19,,,,new
7777,Санкт-Петербург,01/03/24,12/03/24,19,1,3.045138888888889,6491.57,one_time
7778,Уфа,01/03/24,12/03/24,19,,,,new
7779,Новосибирск,01/03/24,12/03/24,19,,,,new
7780,Тюмень,01/03/24,12/03/24,19,,,,new
7781,Екатеринбург,01/03/24,12/03/24,19,2,5.539236111111111,74222.79,one_time
7782,Самара,01/03/24,12/03/24,19,,,,new
7783,Санкт-Петербург,01/03/24,12/03/24,19,,,,new
7784,Казань,01/03/24,12/03/24,19,,,,new
7785,Тольятти,01/03/24,12/03/24,19,,,,new
7786,Омск,01/03/24,12/03/24,19,,,,new
7787,Москва,01/03/24,12/03/24,19,,,,new
7788,Екатеринбург,01/03/24,12/03/24,19,,,,new
7789,Тюмень,01/03/24,12/03/24,19,,,,new
7790,Екатеринбург,01/03/24,12/03/24,19,,,,new
7791,Челябинск,01/03/24,12/03/24,19,,,,new
7792,Саратов,01/03/24,12/03/24,19,,,,new
7793,Саратов,01/03/24,12/03/24,19,,,,new
7794,Уфа,01/03/24,12/03/24,19,,,,new
7795,Нижний Новгород,01/03/24,12/03/24,19,,,,new
7796,Казань,01/03/24,12/03/24,19,,,,new
7797,Омск,01/03/24,12/03/24,19,,,,new
7798,Ижевск,01/03/24,12/03/24,19,,,,new
7799,Уфа,01/03/24,12/03/24,19,,,,new
7800,Воронеж,01/03/24,12/03/24,19,,,,new
7801,Тюмень,01/03/24,12/03/24,19,,,,new
7802,Саратов,01/03/24,12/03/24,19,,,,new
7803,Самара,01/03/24,12/03/24,19,,,,new
7804,Красноярск,01/03/24,12/03/24,19,,,,new
7805,Уфа,01/03/24,12/03/24,19,,,,new
7806,Москва,01/03/24,12/03/24,19,,,,new
7807,Красноярск,01/03/24,12/03/24,19,,,,new
7808,Воронеж,01/03/24,12/03/24,19,,,,new
7809,Тюмень,01/03/24,12/03/24,19,,,,new
7810,Челябинск,01/03/24,12/03/24,19,,,,new
7811,Нижний Новгород,01/03/24,12/03/24,19,,,,new
7812,Самара,01/03/24,12/03/24,19,,,,new
7813,Саратов,01/03/24,12/03/24,19,,,,new
7814,Красноярск,01/03/24,12/03/24,19,,,,new
7815,Нижний Новгород,01/03/24,12/03/24,19,1,6.8375,48212.8,one_time
7816,Челябинск,01/03/24,12/03/24,19,,,,new
7817,Самара,01/03/24,12/03/24,19,,,,new
7818,Казань,01/03/24,12/03/24,19,,,,new
7819,Пермь,01/03/24,12/03/24,19,1,4.321527777777778,10103.52,one_time
7820,Самара,01/03/24,12/03/24,19,,,,new
7821,Воронеж,01/03/24,12/03/24,19,,,,new
7822,Красноярск,01/03/24,12/03/24,19,2,4.417708333333334,7201.93,one_time
7823,Екатеринбург,01/03/24,12/03/24,19,,,,new
7824,Санкт-Петербург,01/03/24,12/03/24,19,,,,new
7825,Ростов-на-Дону,01/03/24,12/03/24,19,,,,new
7826,Новосибирск,01/03/24,12/03/24,19,,,,new
7827,Саратов,01/03/24,12/03/24,19,,,,new
7828,Тольятти,01/03/24,12/03/24,19,2,4.486805555555556,77715.7,one_time
7829,Уфа,01/03/24,12/03/24,19,,,,new
7830,Москва,01/03/24,12/03/24,19,,,,new
7831,Красноярск,01/03/24,12/03/24,19,,,,new
7832,Волгоград,01/03/24,12/03/24,19,,,,new
7833,Саратов,01/03/24,12/03/24,19,,,,new
7834,Краснодар,01/03/24,12/03/24,19,,,,new
7835,Пермь,01/03/24,12/03/24,19,,,,new
7836,Саратов,01/03/24,12/03/24,19,,,,new
7837,Москва,01/03/24,12/03/24,19,,,,new
7838,Казань,01/03/24,12/03/24,19,,,,new
7839,Краснодар,01/03/24,12/03/24,19,,,,new
7840,Тюмень,01/03/24,12/03/24,19,,,,new
7841,Саратов,01/03/24,12/03/24,19,,,,new
7842,Пермь,01/03/24,12/03/24,19,,,,new
7843,Ижевск,01/03/24,12/03/24,19,,,,new
7844,Казань,01/03/24,12/03/24,19,,,,new
7845,Тольятти,01/03/24,12/03/24,19,,,,new
7846,Нижний Новгород,01/03/24,12/03/24,19,,,,new
7847,Санкт-Петербург,01/03/24,12/03/24,19,,,,new
7848,Ижевск,01/03/24,12/03/24,19,,,,new
7849,Новосибирск,01/03/24,12/03/24,19,,,,new
7850,Уфа,01/03/24,12/03/24,19,,,,new
7851,Ростов-на-Дону,01/03/24,12/03/24,19,,,,new
7852,Ижевск,01/03/24,12/03/24,19,,,,new
7853,Воронеж,01/03/24,12/03/24,19,,,,new
7854,Уфа,01/03/24,12/03/24,19,,,,new
7855,Челябинск,01/03/24,12/03/24,19,,,,new
7856,Уфа,01/03/24,12/03/24,19,,,,new
7857,Волгоград,01/03/24,12/03/24,19,,,,new
7858,Саратов,01/03/24,12/03/24,19,,,,new
7859,Нижний Новгород,01/03/24,12/03/24,19,,,,new
7860,Екатеринбург,01/03/24,12/03/24,19,1,1.3375,32598.56,one_time
7861,Тюмень,01/03/24,13/03/24,18,,,,new
7862,Челябинск,01/03/24,13/03/24,18,1,3.582638888888889,89221.56,one_time
7863,Новосибирск,01/03/24,13/03/24,18,,,,new
7864,Санкт-Петербург,01/03/24,13/03/24,18,,,,new
7865,Казань,01/03/24,13/03/24,18,,,,new
7866,Тюмень,01/03/24,13/03/24,18,,,,new
7867,Волгоград,01/03/24,13/03/24,18,,,,new
7868,Красноярск,01/03/24,13/03/24,18,,,,new
7869,Новосибирск,01/03/24,13/03/24,18,,,,new
7870,Ростов-на-Дону,01/03/24,13/03/24,18,,,,new
7871,Нижний Новгород,01/03/24,13/03/24,18,1,7.051388888888889,83445.64,one_time
7872,Красноярск,01/03/24,13/03/24,18,,,,new
7873,Москва,01/03/24,13/03/24,18,,,,new
7874,Краснодар,01/03/24,13/03/24,18,,,,new
7875,Саратов,01/03/24,13/03/24,18,,,,new
7876,Екатеринбург,01/03/24,13/03/24,18,,,,new
7877,Уфа,01/03/24,13/03/24,18,,,,new
7878,Казань,01/03/24,13/03/24,18,,,,new
7879,Воронеж,01/03/24,13/03/24,18,,,,new
7880,Краснодар,01/03/24,13/03/24,18,,,,new
7881,Тольятти,01/03/24,13/03/24,18,,,,new
7882,Санкт-Петербург,01/03/24,13/03/24,18,,,,new
7883,Воронеж,01/03/24,13/03/24,18,,,,new
7884,Тольятти,01/03/24,13/03/24,18,,,,new
7885,Самара,01/03/24,13/03/24,18,,,,new
7886,Ижевск,01/03/24,13/03/24,18,,,,new
7887,Самара,01/03/24,13/03/24,18,1,6.134027777777778,11485.25,one_time
7888,Ижевск,01/03/24,13/03/24,18,1,5.309027777777778,132874.9,one_time
7889,Санкт-Петербург,01/03/24,13/03/24,18,,,,new
7890,Уфа,01/03/24,13/03/24,18,,,,new
7891,Самара,01/03/24,13/03/24,18,,,,new
7892,Тольятти,01/03/24,13/03/24,18,,,,new
7893,Ростов-на-Дону,01/03/24,13/03/24,18,,,,new
7894,Тольятти,01/03/24,13/03/24,18,,,,new
7895,Санкт-Петербург,01/03/24,13/03/24,18,,,,new
7896,Краснодар,01/03/24,13/03/24,18,,,,new
7897,,01/03/24,13/03/24,18,1,3.821527777777778,33997.91,one_time
7898,Самара,01/03/24,13/03/24,18,,,,new
7899,Челябинск,01/03/24,13/03/24,18,1,5.541666666666667,6311.57,one_time
7900,Красноярск,01/03/24,13/03/24,18,,,,new
7901,Красноярск,01/03/24,13/03/24,18,1,7.634722222222222,99598.35,one_time
7902,Воронеж,01/03/24,13/03/24,18,,,,new
7903,Саратов,01/03/24,13/03/24,18,,,,new
7904,Красноярск,01/03/24,13/03/24,18,,,,new
7905,Пермь,01/03/24,13/03/24,18,,,,new
7906,Ростов-на-Дону,01/03/24,13/03/24,18,,,,new
7907,Волгоград,01/03/24,13/03/24,18,,,,new
7908,Омск,01/03/24,13/03/24,18,,,,new
7909,Самара,01/03/24,13/03/24,18,,,,new
7910,Тюмень,01/03/24,13/03/24,18,,,,new
7911,Омск,01/03/24,13/03/24,18,,,,new
7912,Екатеринбург,01/03/24,13/03/24,18,,,,new
7913,Краснодар,01/03/24,13/03/24,18,,,,new
7914,Екатеринбург,01/03/24,13/03/24,18,,,,new
7915,Уфа,01/03/24,13/03/24,18,1,6.1097222222222225,91326.05,one_time
7916,Воронеж,01/03/24,13/03/24,18,,,,new
7917,Красноярск,01/03/24,13/03/24,18,,,,new
7918,Нижний Новгород,01/03/24,13/03/24,18,,,,new
7919,Санкт-Петербург,01/03/24,13/03/24,18,,,,new
7920,Волгоград,01/03/24,13/03/24,18,1,3.6284722222222223,88676.33,one_time
7921,Санкт-Петербург,01/03/24,13/03/24,18,,,,new
7922,Ростов-на-Дону,01/03/24,13/03/24,18,,,,new
7923,Краснодар,01/03/24,13/03/24,18,,,,new
7924,Москва,01/03/24,13/03/24,18,,,,new
7925,Санкт-Петербург,01/03/24,13/03/24,18,,,,new
7926,Тюмень,01/03/24,13/03/24,18,,,,new
7927,Тюмень,01/03/24,13/03/24,18,,,,new
7928,Уфа,01/03/24,13/03/24,18,,,,new
7929,Воронеж,01/03/24,13/03/24,18,,,,new
7930,Тольятти,01/03/24,13/03/24,18,,,,new
7931,Омск,01/03/24,13/03/24,18,,,,new
7932,Саратов,01/03/24,13/03/24,18,,,,new
7933,Челябинск,01/03/24,13/03/24,18,,,,new
7934,Самара,01/03/24,13/03/24,18,,,,new
7935,Самара,01/03/24,13/03/24,18,,,,new
7936,Тюмень,01/03/24,13/03/24,18,,,,new
7937,Саратов,01/03/24,13/03/24,18,,,,new
7938,Волгоград,01/03/24,13/03/24,18,,,,new
7939,Ижевск,01/03/24,13/03/24,18,,,,new
7940,Ростов-на-Дону,01/03/24,13/03/24,18,,,,new
7941,Тольятти,01/03/24,13/03/24,18,,,,new
7942,Краснодар,01/03/24,13/03/24,18,,,,new
7943,Нижний Новгород,01/03/24,13/03/24,18,,,,new
7944,Пермь,01/03/24,13/03/24,18,,,,new
7945,Ижевск,01/03/24,13/03/24,18,,,,new
7946,Москва,01/03/24,13/03/24,18,1,2.676388888888889,92003.78,one_time
7947,Казань,01/03/24,13/03/24,18,,,,new
7948,Москва,01/03/24,13/03/24,18,,,,new
7949,Воронеж,01/03/24,13/03/24,18,,,,new
7950,Тольятти,01/03/24,13/03/24,18,,,,new
7951,Омск,01/03/24,13/03/24,18,,,,new
7952,Екатеринбург,01/03/24,13/03/24,18,,,,new
7953,Омск,01/03/24,13/03/24,18,,,,new
7954,Краснодар,01/03/24,13/03/24,18,1,8.297916666666667,6979.98,one_time
7955,Новосибирск,01/03/24,13/03/24,18,,,,new
7956,Екатеринбург,01/03/24,13/03/24,18,,,,new
7957,Тольятти,01/03/24,13/03/24,18,,,,new
7958,Казань,01/03/24,13/03/24,18,,,,new
7959,Челябинск,01/03/24,13/03/24,18,,,,new
7960,Красноярск,01/03/24,13/03/24,18,,,,new
7961,Тюмень,01/03/24,13/03/24,18,,,,new
7962,Воронеж,01/03/24,13/03/24,18,,,,new
7963,Уфа,01/03/24,13/03/24,18,,,,new
7964,Красноярск,01/03/24,13/03/24,18,,,,new
7965,Уфа,01/03/24,13/03/24,18,,,,new
7966,Казань,01/03/24,13/03/24,18,,,,new
7967,Уфа,01/03/24,13/03/24,18,,,,new
7968,Санкт-Петербург,01/03/24,13/03/24,18,,,,new
7969,Казань,01/03/24,13/03/24,18,,,,new
7970,Красноярск,01/03/24,13/03/24,18,,,,new
7971,Новосибирск,01/03/24,13/03/24,18,,,,new
7972,Казань,01/03/24,13/03/24,18,,,,new
7973,Санкт-Петербург,01/03/24,13/03/24,18,,,,new
7974,Екатеринбург,01/03/24,13/03/24,18,,,,new
7975,Уфа,01/03/24,13/03/24,18,1,8.157638888888888,35207.77,one_time
7976,Краснодар,01/03/24,13/03/24,18,,,,new
7977,Ростов-на-Дону,01/03/24,13/03/24,18,,,,new
7978,Екатеринбург,01/03/24,13/03/24,18,,,,new
7979,Новосибирск,01/03/24,13/03/24,18,,,,new
7980,Воронеж,01/03/24,13/03/24,18,,,,new
7981,Москва,01/03/24,13/03/24,18,,,,new
7982,Волгоград,01/03/24,14/03/24,17,,,,new
7983,Краснодар,01/03/24,14/03/24,17,1,2.05,55805.22,one_time
7984,Тюмень,01/03/24,14/03/24,17,,,,new
7985,Нижний Новгород,01/03/24,14/03/24,17,,,,new
7986,Краснодар,01/03/24,14/03/24,17,1,4.769444444444445,20778.44,one_time
7987,Санкт-Петербург,01/03/24,14/03/24,17,,,,new
7988,Саратов,01/03/24,14/03/24,17,,,,new
7989,Нижний Новгород,01/03/24,14/03/24,17,,,,new
7990,Омск,01/03/24,14/03/24,17,,,,new
7991,Казань,01/03/24,14/03/24,17,1,6.147916666666666,27689.17,one_time
7992,Воронеж,01/03/24,14/03/24,17,,,,new
7993,Волгоград,01/03/24,14/03/24,17,,,,new
7994,Челябинск,01/03/24,14/03/24,17,,,,new
7995,Волгоград,01/03/24,14/03/24,17,,,,new
7996,Самара,01/03/24,14/03/24,17,,,,new
7997,Екатеринбург,01/03/24,14/03/24,17,,,,new
7998,Красноярск,01/03/24,14/03/24,17,,,,new
7999,Краснодар,01/03/24,14/03/24,17,,,,new
8000,Краснодар,01/03/24,14/03/24,17,,,,new
8001,Саратов,01/03/24,14/03/24,17,,,,new
8002,Тольятти,01/03/24,14/03/24,17,,,,new
8003,Тюмень,01/03/24,14/03/24,17,,,,new
8004,Ижевск,01/03/24,14/03/24,17,,,,new
8005,Саратов,01/03/24,14/03/24,17,,,,new
8006,Волгоград,01/03/24,14/03/24,17,,,,new
8007,Нижний Новгород,01/03/24,14/03/24,17,1,0.5826388888888889,44920.52,one_time
8008,Екатеринбург,01/03/24,14/03/24,17,,,,new
8009,Волгоград,01/03/24,14/03/24,17,,,,new
8010,Екатеринбург,01/03/24,14/03/24,17,,,,new
8011,Нижний Новгород,01/03/24,14/03/24,17,,,,new
8012,Ижевск,01/03/24,14/03/24,17,,,,new
8013,Красноярск,01/03/24,14/03/24,17,,,,new
8014,Новосибирск,01/03/24,14/03/24,17,,,,new
8015,Москва,01/03/24,14/03/24,17,1,6.316666666666666,52288.69,one_time
8016,Екатеринбург,01/03/24,14/03/24,17,,,,new
8017,Самара,01/03/24,14/03/24,17,,,,new
8018,Самара,01/03/24,14/03/24,17,,,,new
8019,Тольятти,01/03/24,14/03/24,17,,,,new
8020,Уфа,01/03/24,14/03/24,17,,,,new
8021,Челябинск,01/03/24,14/03/24,17,,,,new
8022,Челябинск,01/03/24,14/03/24,17,,,,new
8023,Красноярск,01/03/24,14/03/24,17,,,,new
8024,Ижевск,01/03/24,14/03/24,17,,,,new
8025,Казань,01/03/24,14/03/24,17,,,,new
8026,Челябинск,01/03/24,14/03/24,17,,,,new
8027,Волгоград,01/03/24,14/03/24,17,,,,new
8028,Краснодар,01/03/24,14/03/24,17,,,,new
8029,Москва,01/03/24,14/03/24,17,,,,new
8030,Воронеж,01/03/24,14/03/24,17,,,,new
8031,Волгоград,01/03/24,14/03/24,17,,,,new
8032,Волгоград,01/03/24,14/03/24,17,,,,new
8033,Челябинск,01/03/24,14/03/24,17,,,,new
8034,Москва,01/03/24,14/03/24,17,,,,new
8035,Омск,01/03/24,14/03/24,17,,,,new
8036,Москва,01/03/24,14/03/24,17,1,7.211111111111111,41903.48,one_time
8037,Казань,01/03/24,14/03/24,17,,,,new
8038,Ростов-на-Дону,01/03/24,14/03/24,17,,,,new
8039,Нижний Новгород,01/03/24,14/03/24,17,,,,new
8040,Санкт-Петербург,01/03/24,14/03/24,17,,,,new
8041,Ижевск,01/03/24,14/03/24,17,,,,new
8042,Москва,01/03/24,14/03/24,17,,,,new
8043,Санкт-Петербург,01/03/24,14/03/24,17,,,,new
8044,Казань,01/03/24,14/03/24,17,,,,new
8045,Тюмень,01/03/24,14/03/24,17,,,,new
8046,Волгоград,01/03/24,14/03/24,17,,,,new
8047,Пермь,01/03/24,14/03/24,17,,,,new
8048,Ижевск,01/03/24,14/03/24,17,,,,new
8049,Волгоград,01/03/24,14/03/24,17,,,,new
8050,Челябинск,01/03/24,14/03/24,17,,,,new
8051,Ростов-на-Дону,01/03/24,14/03/24,17,,,,new
8052,Санкт-Петербург,01/03/24,14/03/24,17,,,,new
8053,Тюмень,01/03/24,14/03/24,17,,,,new
8054,Нижний Новгород,01/03/24,14/03/24,17,1,3.4722222222222223,7868.11,one_time
8055,Ростов-на-Дону,01/03/24,14/03/24,17,,,,new
8056,Санкт-Петербург,01/03/24,14/03/24,17,,,,new
8057,Омск,01/03/24,14/03/24,17,1,8.15,14292.54,one_time
8058,Саратов,01/03/24,14/03/24,17,,,,new
8059,Самара,01/03/24,14/03/24,17,,,,new
8060,Красноярск,01/03/24,14/03/24,17,,,,new
8061,Волгоград,01/03/24,14/03/24,17,,,,new
8062,Волгоград,01/03/24,14/03/24,17,,,,new
8063,Самара,01/03/24,14/03/24,17,,,,new
8064,Краснодар,01/03/24,14/03/24,17,,,,new
8065,Тюмень,01/03/24,14/03/24,17,,,,new
8066,Тольятти,01/03/24,14/03/24,17,,,,new
8067,Омск,01/03/24,14/03/24,17,1,2.270138888888889,62399.44,one_time
8068,Уфа,01/03/24,14/03/24,17,,,,new
8069,Краснодар,01/03/24,14/03/24,17,,,,new
8070,Уфа,01/03/24,14/03/24,17,,,,new
8071,Самара,01/03/24,14/03/24,17,,,,new
8072,Челябинск,01/03/24,14/03/24,17,,,,new
8073,Самара,01/03/24,14/03/24,17,,,,new
8074,Краснодар,01/03/24,14/03/24,17,,,,new
8075,Челябинск,01/03/24,14/03/24,17,,,,new
8076,,01/03/24,14/03/24,17,,,,new
8077,Краснодар,01/03/24,14/03/24,17,,,,new
8078,Саратов,01/03/24,14/03/24,17,,,,new
8079,Воронеж,01/03/24,14/03/24,17,,,,new
8080,Омск,01/03/24,14/03/24,17,,,,new
8081,Уфа,01/03/24,14/03/24,17,1,2.048611111111111,78606.37,one_time
8082,Омск,01/03/24,14/03/24,17,,,,new
8083,Омск,01/03/24,14/03/24,17,,,,new
8084,Волгоград,01/03/24,14/03/24,17,,,,new
8085,Казань,01/03/24,14/03/24,17,,,,new
8086,Екатеринбург,01/03/24,14/03/24,17,,,,new
8087,Казань,01/03/24,15/03/24,16,,,,new
8088,Самара,01/03/24,15/03/24,16,,,,new
8089,Екатеринбург,01/03/24,15/03/24,16,,,,new
8090,Санкт-Петербург,01/03/24,15/03/24,16,,,,new
8091,Ижевск,01/03/24,15/03/24,16,,,,new
8092,Санкт-Петербург,01/03/24,15/03/24,16,,,,new
8093,Саратов,01/03/24,15/03/24,16,,,,new
8094,Уфа,01/03/24,15/03/24,16,,,,new
8095,Волгоград,01/03/24,15/03/24,16,,,,new
8096,Уфа,01/03/24,15/03/24,16,,,,new
8097,Москва,01/03/24,15/03/24,16,,,,new
8098,Волгоград,01/03/24,15/03/24,16,,,,new
8099,Волгоград,01/03/24,15/03/24,16,,,,new
8100,Ижевск,01/03/24,15/03/24,16,,,,new
8101,Омск,01/03/24,15/03/24,16,,,,new
8102,Санкт-Петербург,01/03/24,15/03/24,16,1,6.353472222222222,21930.72,one_time
8103,Нижний Новгород,01/03/24,15/03/24,16,,,,new
8104,Москва,01/03/24,15/03/24,16,,,,new
8105,Краснодар,01/03/24,15/03/24,16,,,,new
8106,Нижний Новгород,01/03/24,15/03/24,16,,,,new
8107,Волгоград,01/03/24,15/03/24,16,1,6.3902777777777775,5803.42,one_time
8108,Воронеж,01/03/24,15/03/24,16,,,,new
8109,Санкт-Петербург,01/03/24,15/03/24,16,,,,new
8110,Тольятти,01/03/24,15/03/24,16,,,,new
8111,Красноярск,01/03/24,15/03/24,16,,,,new
8112,Тольятти,01/03/24,15/03/24,16,,,,new
8113,Самара,01/03/24,15/03/24,16,,,,new
8114,,01/03/24,15/03/24,16,4,4.551215277777778,65195.54,regular
8115,Омск,01/03/24,15/03/24,16,,,,new
8116,Казань,01/03/24,15/03/24,16,,,,new
8117,Ижевск,01/03/24,15/03/24,16,,,,new
8118,Челябинск,01/03/24,15/03/24,16,,,,new
8119,Омск,01/03/24,15/03/24,16,,,,new
8120,Волгоград,01/03/24,15/03/24,16,,,,new
8121,Самара,01/03/24,15/03/24,16,,,,new
8122,Челябинск,01/03/24,15/03/24,16,,,,new
8123,Тюмень,01/03/24,15/03/24,16,1,3.0770833333333334,23193.84,one_time
8124,Тюмень,01/03/24,15/03/24,16,,,,new
8125,Ростов-на-Дону,01/03/24,15/03/24,16,,,,new
8126,Тюмень,01/03/24,15/03/24,16,,,,new
8127,Ижевск,01/03/24,15/03/24,16,,,,new
8128,Омск,01/03/24,15/03/24,16,,,,new
8129,Екатеринбург,01/03/24,15/03/24,16,,,,new
8130,Ижевск,01/03/24,15/03/24,16,,,,new
8131,Нижний Новгород,01/03/24,15/03/24,16,,,,new
8132,Новосибирск,01/03/24,15/03/24,16,,,,new
8133,Челябинск,01/03/24,15/03/24,16,,,,new
8134,Красноярск,01/03/24,15/03/24,16,,,,new
8135,Нижний Новгород,01/03/24,15/03/24,16,,,,new
8136,Волгоград,01/03/24,15/03/24,16,,,,new
8137,Пермь,01/03/24,15/03/24,16,,,,new
8138,Тольятти,01/03/24,15/03/24,16,,,,new
8139,Краснодар,01/03/24,15/03/24,16,,,,new
8140,Екатеринбург,01/03/24,15/03/24,16,,,,new
8141,Новосибирск,01/03/24,15/03/24,16,1,3.2270833333333333,6727.25,one_time
8142,Красноярск,01/03/24,15/03/24,16,,,,new
8143,Казань,01/03/24,15/03/24,16,,,,new
8144,Нижний Новгород,01/03/24,15/03/24,16,,,,new
8145,Казань,01/03/24,15/03/24,16,,,,new
8146,Ижевск,01/03/24,15/03/24,16,,,,new
8147,Тюмень,01/03/24,15/03/24,16,1,1.4652777777777777,107095.83,one_time
8148,Тюмень,01/03/24,15/03/24,16,,,,new
8149,Челябинск,01/03/24,15/03/24,16,,,,new
8150,Самара,01/03/24,15/03/24,16,,,,new
8151,Тольятти,01/03/24,15/03/24,16,,,,new
8152,Екатеринбург,01/03/24,15/03/24,16,,,,new
8153,Краснодар,01/03/24,15/03/24,16,,,,new
8154,Омск,01/03/24,15/03/24,16,,,,new
8155,Красноярск,01/03/24,15/03/24,16,1,0.5097222222222222,26257.44,one_time
8156,Челябинск,01/03/24,15/03/24,16,,,,new
8157,Екатеринбург,01/03/24,15/03/24,16,1,1.825,44550.17,one_time
8158,Уфа,01/03/24,15/03/24,16,,,,new
8159,Саратов,01/03/24,15/03/24,16,,,,new
8160,Краснодар,01/03/24,15/03/24,16,,,,new
8161,Ижевск,01/03/24,15/03/24,16,,,,new
8162,Москва,01/03/24,15/03/24,16,,,,new
8163,Нижний Новгород,01/03/24,15/03/24,16,,,,new
8164,Ростов-на-Дону,01/03/24,15/03/24,16,,,,new
8165,Ижевск,01/03/24,15/03/24,16,,,,new
8166,Тюмень,01/03/24,15/03/24,16,1,3.2493055555555554,77272.22,one_time
8167,Санкт-Петербург,01/03/24,15/03/24,16,,,,new
8168,Ростов-на-Дону,01/03/24,15/03/24,16,,,,new
8169,Екатеринбург,01/03/24,15/03/24,16,,,,new
8170,Екатеринбург,01/03/24,15/03/24,16,,,,new
8171,Омск,01/03/24,15/03/24,16,,,,new
8172,Челябинск,01/03/24,15/03/24,16,,,,new
8173,Краснодар,01/03/24,15/03/24,16,,,,new
8174,Санкт-Петербург,01/03/24,15/03/24,16,,,,new
8175,Ижевск,01/03/24,15/03/24,16,1,6.030555555555556,16322.85,one_time
8176,Самара,01/03/24,15/03/24,16,,,,new
8177,Тольятти,01/03/24,15/03/24,16,,,,new
8178,Новосибирск,01/03/24,15/03/24,16,,,,new
8179,Челябинск,01/03/24,15/03/24,16,,,,new
8180,Новосибирск,01/03/24,15/03/24,16,,,,new
8181,Волгоград,01/03/24,15/03/24,16,,,,new
8182,Ижевск,01/03/24,15/03/24,16,,,,new
8183,Ижевск,01/03/24,15/03/24,16,,,,new
8184,Омск,01/03/24,15/03/24,16,,,,new
8185,Тюмень,01/03/24,15/03/24,16,,,,new
8186,Воронеж,01/03/24,15/03/24,16,,,,new
8187,Тольятти,01/03/24,15/03/24,16,,,,new
8188,Краснодар,01/03/24,15/03/24,16,,,,new
8189,Нижний Новгород,01/03/24,15/03/24,16,,,,new
8190,Новосибирск,01/03/24,15/03/24,16,,,,new
8191,Челябинск,01/03/24,15/03/24,16,,,,new
8192,Нижний Новгород,01/03/24,15/03/24,16,,,,new
8193,Краснодар,01/03/24,15/03/24,16,,,,new
8194,Ростов-на-Дону,01/03/24,15/03/24,16,,,,new
8195,Ижевск,01/03/24,15/03/24,16,,,,new
8196,Ростов-на-Дону,01/03/24,15/03/24,16,,,,new
8197,Пермь,01/03/24,15/03/24,16,,,,new
8198,Москва,01/03/24,15/03/24,16,,,,new
8199,Екатеринбург,01/03/24,15/03/24,16,,,,new
8200,Пермь,01/03/24,15/03/24,16,,,,new
8201,Уфа,01/03/24,15/03/24,16,,,,new
8202,Ростов-на-Дону,01/03/24,15/03/24,16,,,,new
8203,Омск,01/03/24,15/03/24,16,,,,new
8204,Волгоград,01/03/24,15/03/24,16,1,4.961805555555555,37496.19,one_time
8205,Красноярск,01/03/24,15/03/24,16,,,,new
8206,Саратов,01/03/24,15/03/24,16,,,,new
8207,Новосибирск,01/03/24,15/03/24,16,,,,new
8208,Санкт-Петербург,01/03/24,15/03/24,16,,,,new
8209,Москва,01/03/24,15/03/24,16,,,,new
8210,Санкт-Петербург,01/03/24,15/03/24,16,,,,new
8211,Тольятти,01/03/24,15/03/24,16,,,,new
8212,Челябинск,01/03/24,15/03/24,16,,,,new
8213,Новосибирск,01/03/24,16/03/24,15,,,,new
8214,Омск,01/03/24,16/03/24,15,2,3.4402777777777778,59364.63,one_time
8215,Воронеж,01/03/24,16/03/24,15,,,,new
8216,Казань,01/03/24,16/03/24,15,,,,new
8217,Пермь,01/03/24,16/03/24,15,,,,new
8218,Саратов,01/03/24,16/03/24,15,1,3.2215277777777778,17590.8,one_time
8219,Казань,01/03/24,16/03/24,15,,,,new
8220,Екатеринбург,01/03/24,16/03/24,15,,,,new
8221,Нижний Новгород,01/03/24,16/03/24,15,,,,new
8222,Воронеж,01/03/24,16/03/24,15,,,,new
8223,Уфа,01/03/24,16/03/24,15,1,5.498611111111111,69816.17,one_time
8224,Краснодар,01/03/24,16/03/24,15,,,,new
8225,Ижевск,01/03/24,16/03/24,15,,,,new
8226,Тюмень,01/03/24,16/03/24,15,,,,new
8227,Омск,01/03/24,16/03/24,15,,,,new
8228,Саратов,01/03/24,16/03/24,15,,,,new
8229,Ростов-на-Дону,01/03/24,16/03/24,15,,,,new
8230,Воронеж,01/03/24,16/03/24,15,,,,new
8231,Саратов,01/03/24,16/03/24,15,,,,new
8232,Ижевск,01/03/24,16/03/24,15,,,,new
8233,Уфа,01/03/24,16/03/24,15,,,,new
8234,Краснодар,01/03/24,16/03/24,15,,,,new
8235,Санкт-Петербург,01/03/24,16/03/24,15,,,,new
8236,Тольятти,01/03/24,16/03/24,15,,,,new
8237,Ростов-на-Дону,01/03/24,16/03/24,15,,,,new
8238,Волгоград,01/03/24,16/03/24,15,1,2.452777777777778,43722.48,one_time
8239,Ростов-на-Дону,01/03/24,16/03/24,15,,,,new
8240,Омск,01/03/24,16/03/24,15,,,,new
8241,Воронеж,01/03/24,16/03/24,15,,,,new
8242,Тольятти,01/03/24,16/03/24,15,,,,new
8243,Краснодар,01/03/24,16/03/24,15,,,,new
8244,Самара,01/03/24,16/03/24,15,,,,new
8245,Ростов-на-Дону,01/03/24,16/03/24,15,,,,new
8246,Самара,01/03/24,16/03/24,15,,,,new
8247,Челябинск,01/03/24,16/03/24,15,,,,new
8248,Тольятти,01/03/24,16/03/24,15,,,,new
8249,Уфа,01/03/24,16/03/24,15,,,,new
8250,Москва,01/03/24,16/03/24,15,,,,new
8251,Краснодар,01/03/24,16/03/24,15,,,,new
8252,Екатеринбург,01/03/24,16/03/24,15,,,,new
8253,Уфа,01/03/24,16/03/24,15,,,,new
8254,Пермь,01/03/24,16/03/24,15,,,,new
8255,Саратов,01/03/24,16/03/24,15,,,,new
8256,Пермь,01/03/24,16/03/24,15,,,,new
8257,Красноярск,01/03/24,16/03/24,15,,,,new
8258,Ижевск,01/03/24,16/03/24,15,,,,new
8259,Тюмень,01/03/24,16/03/24,15,,,,new
8260,Москва,01/03/24,16/03/24,15,,,,new
8261,Волгоград,01/03/24,16/03/24,15,,,,new
8262,Самара,01/03/24,16/03/24,15,,,,new
8263,Самара,01/03/24,16/03/24,15,,,,new
8264,Саратов,01/03/24,16/03/24,15,,,,new
8265,Москва,01/03/24,16/03/24,15,,,,new
8266,Москва,01/03/24,16/03/24,15,1,2.5430555555555556,33803.45,one_time
8267,Воронеж,01/03/24,16/03/24,15,,,,new
8268,Воронеж,01/03/24,16/03/24,15,,,,new
8269,Тюмень,01/03/24,16/03/24,15,,,,new
8270,Ростов-на-Дону,01/03/24,16/03/24,15,,,,new
8271,Саратов,01/03/24,16/03/24,15,1,4.716666666666667,40926.21,one_time
8272,Самара,01/03/24,16/03/24,15,,,,new
8273,Новосибирск,01/03/24,16/03/24,15,,,,new
8274,Челябинск,01/03/24,16/03/24,15,,,,new
8275,Воронеж,01/03/24,16/03/24,15,,,,new
8276,Екатеринбург,01/03/24,16/03/24,15,,,,new
8277,Ижевск,01/03/24,16/03/24,15,,,,new
8278,Челябинск,01/03/24,16/03/24,15,,,,new
8279,Волгоград,01/03/24,16/03/24,15,,,,new
8280,Тюмень,01/03/24,16/03/24,15,,,,new
8281,Екатеринбург,01/03/24,16/03/24,15,,,,new
8282,Уфа,01/03/24,16/03/24,15,,,,new
8283,Воронеж,01/03/24,16/03/24,15,,,,new
8284,Волгоград,01/03/24,16/03/24,15,,,,new
8285,Краснодар,01/03/24,16/03/24,15,,,,new
8286,Ижевск,01/03/24,16/03/24,15,,,,new
8287,Тольятти,01/03/24,16/03/24,15,,,,new
8288,Санкт-Петербург,01/03/24,16/03/24,15,,,,new
8289,Тюмень,01/03/24,16/03/24,15,,,,new
8290,Волгоград,01/03/24,16/03/24,15,,,,new
8291,Краснодар,01/03/24,16/03/24,15,,,,new
8292,Воронеж,01/03/24,16/03/24,15,1,2.5069444444444446,7393.45,one_time
8293,Самара,01/03/24,16/03/24,15,,,,new
8294,Тольятти,01/03/24,16/03/24,15,,,,new
8295,Воронеж,01/03/24,16/03/24,15,,,,new
8296,Санкт-Петербург,01/03/24,16/03/24,15,,,,new
8297,Екатеринбург,01/03/24,16/03/24,15,,,,new
8298,Тюмень,01/03/24,16/03/24,15,,,,new
8299,Санкт-Петербург,01/03/24,16/03/24,15,,,,new
8300,Уфа,01/03/24,16/03/24,15,,,,new
8301,Нижний Новгород,01/03/24,16/03/24,15,,,,new
8302,Челябинск,01/03/24,16/03/24,15,,,,new
8303,Нижний Новгород,01/03/24,16/03/24,15,,,,new
8304,Екатеринбург,01/03/24,16/03/24,15,,,,new
8305,Волгоград,01/03/24,16/03/24,15,,,,new
8306,Воронеж,01/03/24,16/03/24,15,,,,new
8307,Санкт-Петербург,01/03/24,16/03/24,15,,,,new
8308,Тюмень,01/03/24,16/03/24,15,,,,new
8309,Краснодар,01/03/24,16/03/24,15,,,,new
8310,Челябинск,01/03/24,16/03/24,15,,,,new
8311,Казань,01/03/24,16/03/24,15,,,,new
8312,Краснодар,01/03/24,16/03/24,15,,,,new
8313,Екатеринбург,01/03/24,16/03/24,15,,,,new
8314,Нижний Новгород,01/03/24,16/03/24,15,,,,new
8315,Красноярск,01/03/24,16/03/24,15,,,,new
8316,Москва,01/03/24,16/03/24,15,,,,new
8317,Ростов-на-Дону,01/03/24,16/03/24,15,1,4.451388888888889,3373.11,one_time
8318,Краснодар,01/03/24,16/03/24,15,,,,new
8319,Омск,01/03/24,17/03/24,14,,,,new
8320,Воронеж,01/03/24,17/03/24,14,,,,new
8321,Краснодар,01/03/24,17/03/24,14,,,,new
8322,Воронеж,01/03/24,17/03/24,14,,,,new
8323,Тюмень,01/03/24,17/03/24,14,,,,new
8324,Воронеж,01/03/24,17/03/24,14,,,,new
8325,Краснодар,01/03/24,17/03/24,14,,,,new
8326,,01/03/24,17/03/24,14,,,,new
8327,Ростов-на-Дону,01/03/24,17/03/24,14,,,,new
8328,Красноярск,01/03/24,17/03/24,14,,,,new
8329,Тюмень,01/03/24,17/03/24,14,,,,new
8330,Краснодар,01/03/24,17/03/24,14,,,,new
8331,Тюмень,01/03/24,17/03/24,14,,,,new
8332,Омск,01/03/24,17/03/24,14,,,,new
8333,Воронеж,01/03/24,17/03/24,14,,,,new
8334,Нижний Новгород,01/03/24,17/03/24,14,,,,new
8335,Екатеринбург,01/03/24,17/03/24,14,,,,new
8336,Екатеринбург,01/03/24,17/03/24,14,,,,new
8337,Самара,01/03/24,17/03/24,14,1,2.810416666666667,50665.32,one_time
8338,,01/03/24,17/03/24,14,1,5.052777777777778,50958.18,one_time
8339,Челябинск,01/03/24,17/03/24,14,,,,new
8340,Волгоград,01/03/24,17/03/24,14,,,,new
8341,Омск,01/03/24,17/03/24,14,,,,new
8342,Омск,01/03/24,17/03/24,14,,,,new
8343,Воронеж,01/03/24,17/03/24,14,,,,new
8344,Воронеж,01/03/24,17/03/24,14,,,,new
8345,Краснодар,01/03/24,17/03/24,14,,,,new
8346,Воронеж,01/03/24,17/03/24,14,,,,new
8347,Самара,01/03/24,17/03/24,14,,,,new
8348,Екатеринбург,01/03/24,17/03/24,14,,,,new
8349,Ижевск,01/03/24,17/03/24,14,,,,new
8350,Ижевск,01/03/24,17/03/24,14,,,,new
8351,Саратов,01/03/24,17/03/24,14,,,,new
8352,Челябинск,01/03/24,17/03/24,14,,,,new
8353,Тольятти,01/03/24,17/03/24,14,,,,new
8354,Красноярск,01/03/24,17/03/24,14,,,,new
8355,Воронеж,01/03/24,17/03/24,14,,,,new
8356,Ижевск,01/03/24,17/03/24,14,,,,new
8357,Ижевск,01/03/24,17/03/24,14,,,,new
8358,Пермь,01/03/24,17/03/24,14,,,,new
8359,Новосибирск,01/03/24,17/03/24,14,1,2.332638888888889,30960.39,one_time
8360,Нижний Новгород,01/03/24,17/03/24,14,,,,new
8361,Воронеж,01/03/24,17/03/24,14,,,,new
8362,Пермь,01/03/24,17/03/24,14,,,,new
8363,Краснодар,01/03/24,17/03/24,14,,,,new
8364,Самара,01/03/24,17/03/24,14,,,,new
8365,Красноярск,01/03/24,17/03/24,14,1,8.675,42889.97,one_time
8366,Омск,01/03/24,17/03/24,14,,,,new
8367,Ростов-на-Дону,01/03/24,17/03/24,14,,,,new
8368,Красноярск,01/03/24,17/03/24,14,,,,new
8369,Красноярск,01/03/24,17/03/24,14,,,,new
8370,Новосибирск,01/03/24,17/03/24,14,,,,new
8371,Ижевск,01/03/24,17/03/24,14,,,,new
8372,Самара,01/03/24,17/03/24,14,,,,new
8373,Саратов,01/03/24,17/03/24,14,,,,new
8374,Уфа,01/03/24,17/03/24,14,,,,new
8375,Волгоград,01/03/24,17/03/24,14,,,,new
8376,Омск,01/03/24,17/03/24,14,,,,new
8377,Красноярск,01/03/24,17/03/24,14,,,,new
8378,Пермь,01/03/24,17/03/24,14,,,,new
8379,Саратов,01/03/24,17/03/24,14,,,,new
8380,Тольятти,01/03/24,17/03/24,14,,,,new
8381,Ижевск,01/03/24,17/03/24,14,,,,new
8382,Екатеринбург,01/03/24,17/03/24,14,,,,new
8383,Саратов,01/03/24,17/03/24,14,,,,new
8384,Санкт-Петербург,01/03/24,17/03/24,14,,,,new
8385,Пермь,01/03/24,17/03/24,14,,,,new
8386,Саратов,01/03/24,17/03/24,14,,,,new
8387,Казань,01/03/24,17/03/24,14,,,,new
8388,Пермь,01/03/24,17/03/24,14,,,,new
8389,Екатеринбург,01/03/24,17/03/24,14,,,,new
8390,Краснодар,01/03/24,17/03/24,14,1,2.738888888888889,112814.9,one_time
8391,Ростов-на-Дону,01/03/24,17/03/24,14,,,,new
8392,Челябинск,01/03/24,17/03/24,14,,,,new
8393,Уфа,01/03/24,17/03/24,14,,,,new
8394,Челябинск,01/03/24,17/03/24,14,,,,new
8395,Тюмень,01/03/24,17/03/24,14,,,,new
8396,Воронеж,01/03/24,17/03/24,14,,,,new
8397,Санкт-Петербург,01/03/24,17/03/24,14,,,,new
8398,Саратов,01/03/24,17/03/24,14,,,,new
8399,Челябинск,01/03/24,17/03/24,14,2,3.6239583333333334,100114.8,one_time
8400,Казань,01/03/24,17/03/24,14,1,4.28125,38672.57,one_time
8401,Самара,01/03/24,17/03/24,14,,,,new
8402,Саратов,01/03/24,17/03/24,14,,,,new
8403,Красноярск,01/03/24,17/03/24,14,,,,new
8404,Краснодар,01/03/24,17/03/24,14,,,,new
8405,Ростов-на-Дону,01/03/24,17/03/24,14,,,,new
8406,Москва,01/03/24,17/03/24,14,,,,new
8407,Екатеринбург,01/03/24,17/03/24,14,2,2.3666666666666667,22733.72,one_time
8408,Челябинск,01/03/24,17/03/24,14,,,,new
8409,Омск,01/03/24,17/03/24,14,,,,new
8410,Краснодар,01/03/24,17/03/24,14,,,,new
8411,Тольятти,01/03/24,17/03/24,14,,,,new
8412,Санкт-Петербург,01/03/24,17/03/24,14,,,,new
8413,Ижевск,01/03/24,17/03/24,14,,,,new
8414,Екатеринбург,01/03/24,17/03/24,14,,,,new
8415,Москва,01/03/24,17/03/24,14,,,,new
8416,Нижний Новгород,01/03/24,17/03/24,14,,,,new
8417,Ростов-на-Дону,01/03/24,17/03/24,14,,,,new
8418,Санкт-Петербург,01/03/24,17/03/24,14,,,,new
8419,Екатеринбург,01/03/24,17/03/24,14,,,,new
8420,Новосибирск,01/03/24,17/03/24,14,,,,new
8421,Красноярск,01/03/24,17/03/24,14,,,,new
8422,Пермь,01/03/24,17/03/24,14,,,,new
8423,,01/03/24,17/03/24,14,,,,new
8424,Красноярск,01/03/24,17/03/24,14,,,,new
8425,Ростов-на-Дону,01/03/24,17/03/24,14,,,,new
8426,Казань,01/03/24,17/03/24,14,,,,new
8427,Ростов-на-Дону,01/03/24,17/03/24,14,1,3.5006944444444446,15611.37,one_time
8428,Волгоград,01/03/24,17/03/24,14,,,,new
8429,Красноярск,01/03/24,17/03/24,14,,,,new
8430,Самара,01/03/24,17/03/24,14,1,6.079861111111111,20693.92,one_time
8431,Самара,01/03/24,17/03/24,14,,,,new
8432,Казань,01/03/24,17/03/24,14,,,,new
8433,Тюмень,01/03/24,17/03/24,14,,,,new
8434,Омск,01/03/24,17/03/24,14,,,,new
8435,Уфа,01/03/24,17/03/24,14,,,,new
8436,Саратов,01/03/24,17/03/24,14,2,5.017361111111111,48213.94,one_time
8437,Воронеж,01/03/24,17/03/24,14,1,5.147916666666666,24607.03,one_time
8438,Пермь,01/03/24,18/03/24,13,,,,new
8439,Екатеринбург,01/03/24,18/03/24,13,,,,new
8440,Пермь,01/03/24,18/03/24,13,1,1.93125,31133.08,one_time
8441,Казань,01/03/24,18/03/24,13,,,,new
8442,Тюмень,01/03/24,18/03/24,13,,,,new
8443,Москва,01/03/24,18/03/24,13,,,,new
8444,Челябинск,01/03/24,18/03/24,13,,,,new
8445,Самара,01/03/24,18/03/24,13,,,,new
8446,Уфа,01/03/24,18/03/24,13,,,,new
8447,Ижевск,01/03/24,18/03/24,13,,,,new
8448,Нижний Новгород,01/03/24,18/03/24,13,,,,new
8449,Нижний Новгород,01/03/24,18/03/24,13,,,,new
8450,Уфа,01/03/24,18/03/24,13,,,,new
8451,Красноярск,01/03/24,18/03/24,13,,,,new
8452,Самара,01/03/24,18/03/24,13,,,,new
8453,Уфа,01/03/24,18/03/24,13,,,,new
8454,Тюмень,01/03/24,18/03/24,13,,,,new
8455,Новосибирск,01/03/24,18/03/24,13,,,,new
8456,Саратов,01/03/24,18/03/24,13,,,,new
8457,Самара,01/03/24,18/03/24,13,,,,new
8458,Новосибирск,01/03/24,18/03/24,13,,,,new
8459,Новосибирск,01/03/24,18/03/24,13,,,,new
8460,Ростов-на-Дону,01/03/24,18/03/24,13,,,,new
8461,Нижний Новгород,01/03/24,18/03/24,13,,,,new
8462,Омск,01/03/24,18/03/24,13,,,,new
8463,Тольятти,01/03/24,18/03/24,13,1,4.334722222222222,86449.89,one_time
8464,Пермь,01/03/24,18/03/24,13,,,,new
8465,Тольятти,01/03/24,18/03/24,13,,,,new
8466,Красноярск,01/03/24,18/03/24,13,,,,new
8467,Краснодар,01/03/24,18/03/24,13,,,,new
8468,Волгоград,01/03/24,18/03/24,13,1,5.284027777777778,57101.52,one_time
8469,Тольятти,01/03/24,18/03/24,13,,,,new
8470,Казань,01/03/24,18/03/24,13,,,,new
8471,Пермь,01/03/24,18/03/24,13,,,,new
8472,Красноярск,01/03/24,18/03/24,13,,,,new
8473,Воронеж,01/03/24,18/03/24,13,,,,new
8474,Санкт-Петербург,01/03/24,18/03/24,13,,,,new
8475,Москва,01/03/24,18/03/24,13,,,,new
8476,Волгоград,01/03/24,18/03/24,13,,,,new
8477,Нижний Новгород,01/03/24,18/03/24,13,,,,new
8478,Красноярск,01/03/24,18/03/24,13,,,,new
8479,Саратов,01/03/24,18/03/24,13,1,3.8,5413.77,one_time
8480,Краснодар,01/03/24,18/03/24,13,,,,new
8481,Ижевск,01/03/24,18/03/24,13,,,,new
8482,Екатеринбург,01/03/24,18/03/24,13,,,,new
8483,Тольятти,01/03/24,18/03/24,13,,,,new
8484,Саратов,01/03/24,18/03/24,13,,,,new
8485,Челябинск,01/03/24,18/03/24,13,3,4.166435185185185,285756.05,regular
8486,Тюмень,01/03/24,18/03/24,13,,,,new
8487,Нижний Новгород,01/03/24,18/03/24,13,,,,new
8488,Ижевск,01/03/24,18/03/24,13,1,3.786111111111111,1161.32,one_time
8489,Уфа,01/03/24,18/03/24,13,,,,new
8490,Челябинск,01/03/24,18/03/24,13,,,,new
8491,Челябинск,01/03/24,18/03/24,13,,,,new
8492,Москва,01/03/24,18/03/24,13,,,,new
8493,Екатеринбург,01/03/24,18/03/24,13,,,,new
8494,Пермь,01/03/24,18/03/24,13,,,,new
8495,Тольятти,01/03/24,18/03/24,13,,,,new
8496,Казань,01/03/24,18/03/24,13,,,,new
8497,Воронеж,01/03/24,18/03/24,13,,,,new
8498,Санкт-Петербург,01/03/24,18/03/24,13,,,,new
8499,Тюмень,01/03/24,18/03/24,13,,,,new
8500,Ижевск,01/03/24,18/03/24,13,,,,new
8501,Воронеж,01/03/24,18/03/24,13,,,,new
8502,Уфа,01/03/24,18/03/24,13,,,,new
8503,Тольятти,01/03/24,18/03/24,13,,,,new
8504,Уфа,01/03/24,18/03/24,13,,,,new
8505,Казань,01/03/24,18/03/24,13,3,4.100231481481482,85411.04,regular
8506,Тольятти,01/03/24,18/03/24,13,,,,new
8507,Тольятти,01/03/24,18/03/24,13,,,,new
8508,Челябинск,01/03/24,18/03/24,13,,,,new
8509,Москва,01/03/24,18/03/24,13,,,,new
8510,Екатеринбург,01/03/24,18/03/24,13,,,,new
8511,Тюмень,01/03/24,18/03/24,13,,,,new
8512,Екатеринбург,01/03/24,18/03/24,13,,,,new
8513,Пермь,01/03/24,18/03/24,13,,,,new
8514,Красноярск,01/03/24,18/03/24,13,,,,new
8515,Ростов-на-Дону,01/03/24,18/03/24,13,,,,new
8516,Самара,01/03/24,18/03/24,13,,,,new
8517,Омск,01/03/24,18/03/24,13,,,,new
8518,Казань,01/03/24,18/03/24,13,,,,new
8519,Пермь,01/03/24,18/03/24,13,,,,new
8520,Тольятти,01/03/24,18/03/24,13,,,,new
8521,Пермь,01/03/24,18/03/24,13,,,,new
8522,Челябинск,01/03/24,18/03/24,13,,,,new
8523,Самара,01/03/24,18/03/24,13,,,,new
8524,Омск,01/03/24,18/03/24,13,,,,new
8525,Ижевск,01/03/24,18/03/24,13,,,,new
8526,Воронеж,01/03/24,18/03/24,13,,,,new
8527,Ижевск,01/03/24,18/03/24,13,,,,new
8528,Ростов-на-Дону,01/03/24,18/03/24,13,,,,new
8529,Уфа,01/03/24,18/03/24,13,,,,new
8530,Ростов-на-Дону,01/03/24,18/03/24,13,,,,new
8531,Санкт-Петербург,01/03/24,18/03/24,13,,,,new
8532,Екатеринбург,01/03/24,18/03/24,13,,,,new
8533,Уфа,01/03/24,18/03/24,13,,,,new
8534,Нижний Новгород,01/03/24,18/03/24,13,,,,new
8535,Тюмень,01/03/24,18/03/24,13,,,,new
8536,Волгоград,01/03/24,18/03/24,13,,,,new
8537,Самара,01/03/24,18/03/24,13,,,,new
8538,Ижевск,01/03/24,18/03/24,13,,,,new
8539,Челябинск,01/03/24,18/03/24,13,3,4.884027777777778,102107.67,regular
8540,Омск,01/03/24,18/03/24,13,1,1.1347222222222222,99302.98,one_time
8541,Ростов-на-Дону,01/03/24,18/03/24,13,,,,new
8542,Красноярск,01/03/24,18/03/24,13,,,,new
8543,Тюмень,01/03/24,18/03/24,13,,,,new
8544,Пермь,01/03/24,18/03/24,13,,,,new
8545,Тюмень,01/03/24,18/03/24,13,,,,new
8546,Екатеринбург,01/03/24,18/03/24,13,,,,new
8547,Москва,01/03/24,18/03/24,13,,,,new
8548,Красноярск,01/03/24,18/03/24,13,,,,new
8549,Казань,01/03/24,18/03/24,13,,,,new
8550,Воронеж,01/03/24,18/03/24,13,,,,new
8551,Краснодар,01/03/24,18/03/24,13,,,,new
8552,,01/03/24,18/03/24,13,,,,new
8553,Москва,01/03/24,18/03/24,13,,,,new
8554,Ижевск,01/03/24,18/03/24,13,,,,new
8555,Краснодар,01/03/24,18/03/24,13,,,,new
8556,Омск,01/03/24,18/03/24,13,,,,new
8557,Краснодар,01/03/24,18/03/24,13,,,,new
8558,Волгоград,01/03/24,18/03/24,13,1,6.442361111111111,125299.07,one_time
8559,Москва,01/03/24,19/03/24,12,,,,new
8560,Самара,01/03/24,19/03/24,12,,,,new
8561,Новосибирск,01/03/24,19/03/24,12,,,,new
8562,Уфа,01/03/24,19/03/24,12,,,,new
8563,Пермь,01/03/24,19/03/24,12,,,,new
8564,Челябинск,01/03/24,19/03/24,12,,,,new
8565,Пермь,01/03/24,19/03/24,12,,,,new
8566,Москва,01/03/24,19/03/24,12,,,,new
8567,Волгоград,01/03/24,19/03/24,12,,,,new
8568,Тюмень,01/03/24,19/03/24,12,,,,new
8569,Уфа,01/03/24,19/03/24,12,,,,new
8570,Ростов-на-Дону,01/03/24,19/03/24,12,,,,new
8571,Пермь,01/03/24,19/03/24,12,,,,new
8572,Новосибирск,01/03/24,19/03/24,12,,,,new
8573,Саратов,01/03/24,19/03/24,12,1,2.515972222222222,28550.88,one_time
8574,Уфа,01/03/24,19/03/24,12,,,,new
8575,Самара,01/03/24,19/03/24,12,,,,new
8576,Воронеж,01/03/24,19/03/24,12,,,,new
8577,Тольятти,01/03/24,19/03/24,12,1,1.695138888888889,2882.87,one_time
8578,Уфа,01/03/24,19/03/24,12,,,,new
8579,Новосибирск,01/03/24,19/03/24,12,,,,new
8580,Санкт-Петербург,01/03/24,19/03/24,12,,,,new
8581,Краснодар,01/03/24,19/03/24,12,,,,new
8582,Москва,01/03/24,19/03/24,12,,,,new
8583,Тольятти,01/03/24,19/03/24,12,,,,new
8584,Екатеринбург,01/03/24,19/03/24,12,1,3.196527777777778,16363.92,one_time
8585,Воронеж,01/03/24,19/03/24,12,,,,new
8586,Красноярск,01/03/24,19/03/24,12,,,,new
8587,Тольятти,01/03/24,19/03/24,12,,,,new
8588,Уфа,01/03/24,19/03/24,12,,,,new
8589,Ростов-на-Дону,01/03/24,19/03/24,12,,,,new
8590,Ижевск,01/03/24,19/03/24,12,,,,new
8591,Санкт-Петербург,01/03/24,19/03/24,12,,,,new
8592,Краснодар,01/03/24,19/03/24,12,,,,new
8593,Санкт-Петербург,01/03/24,19/03/24,12,,,,new
8594,Самара,01/03/24,19/03/24,12,,,,new
8595,Казань,01/03/24,19/03/24,12,,,,new
8596,Краснодар,01/03/24,19/03/24,12,,,,new
8597,Москва,01/03/24,19/03/24,12,,,,new
8598,Москва,01/03/24,19/03/24,12,,,,new
8599,Саратов,01/03/24,19/03/24,12,,,,new
8600,Тольятти,01/03/24,19/03/24,12,,,,new
8601,Тольятти,01/03/24,19/03/24,12,,,,new
8602,Ростов-на-Дону,01/03/24,19/03/24,12,1,5.625694444444444,92432.77,one_time
8603,Самара,01/03/24,19/03/24,12,,,,new
8604,Уфа,01/03/24,19/03/24,12,,,,new
8605,Екатеринбург,01/03/24,19/03/24,12,,,,new
8606,,01/03/24,19/03/24,12,,,,new
8607,Ростов-на-Дону,01/03/24,19/03/24,12,,,,new
8608,Казань,01/03/24,19/03/24,12,,,,new
8609,Омск,01/03/24,19/03/24,12,,,,new
8610,Воронеж,01/03/24,19/03/24,12,,,,new
8611,Тюмень,01/03/24,19/03/24,12,,,,new
8612,Санкт-Петербург,01/03/24,19/03/24,12,,,,new
8613,Самара,01/03/24,19/03/24,12,,,,new
8614,Самара,01/03/24,19/03/24,12,,,,new
8615,Ижевск,01/03/24,19/03/24,12,,,,new
8616,Екатеринбург,01/03/24,19/03/24,12,,,,new
8617,Саратов,01/03/24,19/03/24,12,,,,new
8618,Уфа,01/03/24,19/03/24,12,,,,new
8619,Новосибирск,01/03/24,19/03/24,12,,,,new
8620,Новосибирск,01/03/24,19/03/24,12,,,,new
8621,Краснодар,01/03/24,19/03/24,12,,,,new
8622,Красноярск,01/03/24,19/03/24,12,,,,new
8623,Тольятти,01/03/24,19/03/24,12,,,,new
8624,Тюмень,01/03/24,19/03/24,12,,,,new
8625,Тольятти,01/03/24,19/03/24,12,1,3.9770833333333333,1094.76,one_time
8626,Воронеж,01/03/24,19/03/24,12,,,,new
8627,Пермь,01/03/24,19/03/24,12,,,,new
8628,Воронеж,01/03/24,19/03/24,12,,,,new
8629,Уфа,01/03/24,19/03/24,12,,,,new
8630,Краснодар,01/03/24,19/03/24,12,,,,new
8631,Самара,01/03/24,19/03/24,12,,,,new
8632,Красноярск,01/03/24,19/03/24,12,,,,new
8633,Омск,01/03/24,19/03/24,12,,,,new
8634,Екатеринбург,01/03/24,19/03/24,12,,,,new
8635,Москва,01/03/24,19/03/24,12,,,,new
8636,Ростов-на-Дону,01/03/24,19/03/24,12,,,,new
8637,Новосибирск,01/03/24,19/03/24,12,,,,new
8638,Воронеж,01/03/24,19/03/24,12,,,,new
8639,Воронеж,01/03/24,19/03/24,12,,,,new
8640,Саратов,01/03/24,19/03/24,12,,,,new
8641,Волгоград,01/03/24,19/03/24,12,,,,new
8642,Тюмень,01/03/24,19/03/24,12,,,,new
8643,Пермь,01/03/24,19/03/24,12,,,,new
8644,Санкт-Петербург,01/03/24,19/03/24,12,,,,new
8645,Казань,01/03/24,19/03/24,12,,,,new
8646,Саратов,01/03/24,19/03/24,12,,,,new
8647,Ижевск,01/03/24,19/03/24,12,,,,new
8648,Саратов,01/03/24,19/03/24,12,,,,new
8649,Саратов,01/03/24,19/03/24,12,,,,new
8650,Москва,01/03/24,19/03/24,12,,,,new
8651,Волгоград,01/03/24,19/03/24,12,,,,new
8652,Челябинск,01/03/24,19/03/24,12,,,,new
8653,Тольятти,01/03/24,19/03/24,12,,,,new
8654,Екатеринбург,01/03/24,19/03/24,12,,,,new
8655,Санкт-Петербург,01/03/24,19/03/24,12,,,,new
8656,Красноярск,01/03/24,19/03/24,12,,,,new
8657,Краснодар,01/03/24,19/03/24,12,,,,new
8658,Самара,01/03/24,19/03/24,12,,,,new
8659,Новосибирск,01/03/24,19/03/24,12,,,,new
8660,Уфа,01/03/24,19/03/24,12,,,,new
8661,Челябинск,01/03/24,19/03/24,12,,,,new
8662,Краснодар,01/03/24,19/03/24,12,,,,new
8663,Санкт-Петербург,01/03/24,19/03/24,12,,,,new
8664,Тюмень,01/03/24,19/03/24,12,,,,new
8665,Нижний Новгород,01/03/24,19/03/24,12,,,,new
8666,Тюмень,01/03/24,19/03/24,12,1,1.351388888888889,66371.01,one_time
8667,Воронеж,01/03/24,19/03/24,12,,,,new
8668,Ростов-на-Дону,01/03/24,19/03/24,12,,,,new
8669,Казань,01/03/24,19/03/24,12,,,,new
8670,Тюмень,01/03/24,20/03/24,11,1,6.810416666666667,22771.34,one_time
8671,Челябинск,01/03/24,20/03/24,11,,,,new
8672,Ростов-на-Дону,01/03/24,20/03/24,11,,,,new
8673,Ижевск,01/03/24,20/03/24,11,,,,new
8674,Ижевск,01/03/24,20/03/24,11,,,,new
8675,Санкт-Петербург,01/03/24,20/03/24,11,,,,new
8676,Новосибирск,01/03/24,20/03/24,11,,,,new
8677,Ижевск,01/03/24,20/03/24,11,,,,new
8678,Ростов-на-Дону,01/03/24,20/03/24,11,,,,new
8679,Казань,01/03/24,20/03/24,11,,,,new
8680,Нижний Новгород,01/03/24,20/03/24,11,,,,new
8681,Краснодар,01/03/24,20/03/24,11,,,,new
8682,Казань,01/03/24,20/03/24,11,,,,new
8683,Пермь,01/03/24,20/03/24,11,,,,new
8684,Омск,01/03/24,20/03/24,11,,,,new
8685,Красноярск,01/03/24,20/03/24,11,,,,new
8686,Ижевск,01/03/24,20/03/24,11,,,,new
8687,Челябинск,01/03/24,20/03/24,11,,,,new
8688,Нижний Новгород,01/03/24,20/03/24,11,,,,new
8689,Санкт-Петербург,01/03/24,20/03/24,11,,,,new
8690,Ижевск,01/03/24,20/03/24,11,1,0.6083333333333333,30011.75,one_time
8691,Воронеж,01/03/24,20/03/24,11,,,,new
8692,Пермь,01/03/24,20/03/24,11,,,,new
8693,Саратов,01/03/24,20/03/24,11,,,,new
8694,Воронеж,01/03/24,20/03/24,11,,,,new
8695,Воронеж,01/03/24,20/03/24,11,,,,new
8696,Уфа,01/03/24,20/03/24,11,,,,new
8697,Челябинск,01/03/24,20/03/24,11,,,,new
8698,Ростов-на-Дону,01/03/24,20/03/24,11,,,,new
8699,Пермь,01/03/24,20/03/24,11,,,,new
8700,Красноярск,01/03/24,20/03/24,11,,,,new
8701,Тольятти,01/03/24,20/03/24,11,,,,new
8702,Уфа,01/03/24,20/03/24,11,,,,new
8703,Новосибирск,01/03/24,20/03/24,11,,,,new
8704,Уфа,01/03/24,20/03/24,11,,,,new
8705,Нижний Новгород,01/03/24,20/03/24,11,,,,new
8706,Санкт-Петербург,01/03/24,20/03/24,11,,,,new
8707,Тюмень,01/03/24,20/03/24,11,,,,new
8708,Екатеринбург,01/03/24,20/03/24,11,,,,new
8709,Саратов,01/03/24,20/03/24,11,,,,new
8710,Омск,01/03/24,20/03/24,11,,,,new
8711,Красноярск,01/03/24,20/03/24,11,,,,new
8712,Саратов,01/03/24,20/03/24,11,,,,new
8713,Самара,01/03/24,20/03/24,11,,,,new
8714,Пермь,01/03/24,20/03/24,11,,,,new
8715,Ижевск,01/03/24,20/03/24,11,,,,new
8716,Новосибирск,01/03/24,20/03/24,11,,,,new
8717,Тольятти,01/03/24,20/03/24,11,,,,new
8718,Самара,01/03/24,20/03/24,11,,,,new
8719,Саратов,01/03/24,20/03/24,11,,,,new
8720,Ростов-на-Дону,01/03/24,20/03/24,11,,,,new
8721,Нижний Новгород,01/03/24,20/03/24,11,,,,new
8722,Саратов,01/03/24,20/03/24,11,,,,new
8723,Тольятти,01/03/24,20/03/24,11,,,,new
8724,Волгоград,01/03/24,20/03/24,11,,,,new
8725,Казань,01/03/24,20/03/24,11,,,,new
8726,Екатеринбург,01/03/24,20/03/24,11,,,,new
8727,Тольятти,01/03/24,20/03/24,11,,,,new
8728,Воронеж,01/03/24,20/03/24,11,,,,new
8729,Омск,01/03/24,20/03/24,11,,,,new
8730,Самара,01/03/24,20/03/24,11,,,,new
8731,Тюмень,01/03/24,20/03/24,11,,,,new
8732,Уфа,01/03/24,20/03/24,11,,,,new
8733,Казань,01/03/24,20/03/24,11,,,,new
8734,Ростов-на-Дону,01/03/24,20/03/24,11,,,,new
8735,Екатеринбург,01/03/24,20/03/24,11,,,,new
8736,Краснодар,01/03/24,20/03/24,11,,,,new
8737,Волгоград,01/03/24,20/03/24,11,,,,new
8738,Новосибирск,01/03/24,20/03/24,11,,,,new
8739,Челябинск,01/03/24,20/03/24,11,,,,new
8740,Москва,01/03/24,20/03/24,11,,,,new
8741,Новосибирск,01/03/24,20/03/24,11,,,,new
8742,Уфа,01/03/24,20/03/24,11,,,,new
8743,Волгоград,01/03/24,20/03/24,11,,,,new
8744,Санкт-Петербург,01/03/24,20/03/24,11,,,,new
8745,Красноярск,01/03/24,20/03/24,11,,,,new
8746,Москва,01/03/24,20/03/24,11,,,,new
8747,Тольятти,01/03/24,20/03/24,11,,,,new
8748,Краснодар,01/03/24,20/03/24,11,,,,new
8749,Тольятти,01/03/24,20/03/24,11,,,,new
8750,Ростов-на-Дону,01/03/24,20/03/24,11,,,,new
8751,Волгоград,01/03/24,20/03/24,11,,,,new
8752,Краснодар,01/03/24,20/03/24,11,,,,new
8753,Пермь,01/03/24,20/03/24,11,,,,new
8754,Краснодар,01/03/24,20/03/24,11,,,,new
8755,Самара,01/03/24,20/03/24,11,,,,new
8756,Екатеринбург,01/03/24,20/03/24,11,,,,new
8757,Воронеж,01/03/24,20/03/24,11,,,,new
8758,Тюмень,01/03/24,20/03/24,11,,,,new
8759,Екатеринбург,01/03/24,20/03/24,11,,,,new
8760,Тольятти,01/03/24,20/03/24,11,,,,new
8761,Воронеж,01/03/24,20/03/24,11,,,,new
8762,Саратов,01/03/24,20/03/24,11,,,,new
8763,Пермь,01/03/24,20/03/24,11,,,,new
8764,Уфа,01/03/24,20/03/24,11,,,,new
8765,Ростов-на-Дону,01/03/24,20/03/24,11,,,,new
8766,Нижний Новгород,01/03/24,20/03/24,11,,,,new
8767,Тюмень,01/03/24,20/03/24,11,,,,new
8768,Пермь,01/03/24,20/03/24,11,,,,new
8769,Нижний Новгород,01/03/24,20/03/24,11,,,,new
8770,Краснодар,01/03/24,20/03/24,11,,,,new
8771,Уфа,01/03/24,20/03/24,11,,,,new
8772,Новосибирск,01/03/24,20/03/24,11,,,,new
8773,Новосибирск,01/03/24,20/03/24,11,,,,new
8774,Москва,01/03/24,20/03/24,11,,,,new
8775,Тольятти,01/03/24,20/03/24,11,,,,new
8776,Краснодар,01/03/24,20/03/24,11,,,,new
8777,Нижний Новгород,01/03/24,20/03/24,11,,,,new
8778,Омск,01/03/24,20/03/24,11,,,,new
8779,Самара,01/03/24,20/03/24,11,,,,new
8780,Тольятти,01/03/24,20/03/24,11,,,,new
8781,,01/03/24,20/03/24,11,,,,new
8782,Казань,01/03/24,20/03/24,11,,,,new
8783,Тольятти,01/03/24,20/03/24,11,,,,new
8784,Ростов-на-Дону,01/03/24,20/03/24,11,,,,new
8785,Волгоград,01/03/24,20/03/24,11,1,3.5930555555555554,46950.1,one_time
8786,Самара,01/03/24,21/03/24,10,,,,new
8787,Воронеж,01/03/24,21/03/24,10,,,,new
8788,Ростов-на-Дону,01/03/24,21/03/24,10,,,,new
8789,Красноярск,01/03/24,21/03/24,10,,,,new
8790,Санкт-Петербург,01/03/24,21/03/24,10,,,,new
8791,Омск,01/03/24,21/03/24,10,,,,new
8792,Новосибирск,01/03/24,21/03/24,10,,,,new
8793,Омск,01/03/24,21/03/24,10,,,,new
8794,Тольятти,01/03/24,21/03/24,10,,,,new
8795,Санкт-Петербург,01/03/24,21/03/24,10,1,5.483333333333333,12977.87,one_time
8796,Уфа,01/03/24,21/03/24,10,,,,new
8797,Омск,01/03/24,21/03/24,10,,,,new
8798,Ростов-на-Дону,01/03/24,21/03/24,10,,,,new
8799,Саратов,01/03/24,21/03/24,10,,,,new
8800,Самара,01/03/24,21/03/24,10,,,,new
8801,Пермь,01/03/24,21/03/24,10,,,,new
8802,Омск,01/03/24,21/03/24,10,,,,new
8803,Самара,01/03/24,21/03/24,10,,,,new
8804,Москва,01/03/24,21/03/24,10,,,,new
8805,Екатеринбург,01/03/24,21/03/24,10,,,,new
8806,Воронеж,01/03/24,21/03/24,10,1,3.838888888888889,60453.35,one_time
8807,Пермь,01/03/24,21/03/24,10,,,,new
8808,Тольятти,01/03/24,21/03/24,10,,,,new
8809,Краснодар,01/03/24,21/03/24,10,,,,new
8810,Тюмень,01/03/24,21/03/24,10,,,,new
8811,Челябинск,01/03/24,21/03/24,10,,,,new
8812,Тольятти,01/03/24,21/03/24,10,,,,new
8813,Казань,01/03/24,21/03/24,10,,,,new
8814,Воронеж,01/03/24,21/03/24,10,,,,new
8815,Ростов-на-Дону,01/03/24,21/03/24,10,,,,new
8816,Самара,01/03/24,21/03/24,10,,,,new
8817,Екатеринбург,01/03/24,21/03/24,10,,,,new
8818,Волгоград,01/03/24,21/03/24,10,,,,new
8819,Краснодар,01/03/24,21/03/24,10,,,,new
8820,Пермь,01/03/24,21/03/24,10,,,,new
8821,Ижевск,01/03/24,21/03/24,10,,,,new
8822,Ростов-на-Дону,01/03/24,21/03/24,10,,,,new
8823,Новосибирск,01/03/24,21/03/24,10,,,,new
8824,Тюмень,01/03/24,21/03/24,10,,,,new
8825,Краснодар,01/03/24,21/03/24,10,,,,new
8826,Москва,01/03/24,21/03/24,10,,,,new
8827,Волгоград,01/03/24,21/03/24,10,,,,new
8828,Уфа,01/03/24,21/03/24,10,,,,new
8829,Краснодар,01/03/24,21/03/24,10,,,,new
8830,Новосибирск,01/03/24,21/03/24,10,,,,new
8831,Тюмень,01/03/24,21/03/24,10,,,,new
8832,Краснодар,01/03/24,21/03/24,10,,,,new
8833,Омск,01/03/24,21/03/24,10,,,,new
8834,Москва,01/03/24,21/03/24,10,1,6.561111111111111,84001.77,one_time
8835,Пермь,01/03/24,21/03/24,10,1,0.9736111111111111,8011.66,one_time
8836,Екатеринбург,01/03/24,21/03/24,10,,,,new
8837,Челябинск,01/03/24,21/03/24,10,,,,new
8838,Казань,01/03/24,21/03/24,10,,,,new
8839,Екатеринбург,01/03/24,21/03/24,10,,,,new
8840,Волгоград,01/03/24,21/03/24,10,,,,new
8841,Тольятти,01/03/24,21/03/24,10,,,,new
8842,Новосибирск,01/03/24,21/03/24,10,,,,new
8843,Челябинск,01/03/24,21/03/24,10,,,,new
8844,Краснодар,01/03/24,21/03/24,10,,,,new
8845,Санкт-Петербург,01/03/24,21/03/24,10,,,,new
8846,Уфа,01/03/24,21/03/24,10,,,,new
8847,Нижний Новгород,01/03/24,21/03/24,10,,,,new
8848,Нижний Новгород,01/03/24,21/03/24,10,,,,new
8849,Москва,01/03/24,21/03/24,10,1,3.082638888888889,42992.21,one_time
8850,Казань,01/03/24,21/03/24,10,,,,new
8851,Екатеринбург,01/03/24,21/03/24,10,,,,new
8852,Краснодар,01/03/24,21/03/24,10,,,,new
8853,Саратов,01/03/24,21/03/24,10,,,,new
8854,Краснодар,01/03/24,21/03/24,10,,,,new
8855,Казань,01/03/24,21/03/24,10,,,,new
8856,Екатеринбург,01/03/24,21/03/24,10,,,,new
8857,Новосибирск,01/03/24,21/03/24,10,,,,new
8858,Омск,01/03/24,21/03/24,10,,,,new
8859,Саратов,01/03/24,21/03/24,10,,,,new
8860,Уфа,01/03/24,21/03/24,10,,,,new
8861,Саратов,01/03/24,21/03/24,10,,,,new
8862,Казань,01/03/24,21/03/24,10,,,,new
8863,Москва,01/03/24,21/03/24,10,1,5.954861111111111,21262.44,one_time
8864,Воронеж,01/03/24,21/03/24,10,1,4.495833333333334,30015.75,one_time
8865,Казань,01/03/24,21/03/24,10,,,,new
8866,Уфа,01/03/24,21/03/24,10,,,,new
8867,Нижний Новгород,01/03/24,21/03/24,10,,,,new
8868,Волгоград,01/03/24,21/03/24,10,,,,new
8869,Самара,01/03/24,21/03/24,10,,,,new
8870,Красноярск,01/03/24,21/03/24,10,,,,new
8871,Казань,01/03/24,21/03/24,10,,,,new
8872,Ижевск,01/03/24,21/03/24,10,,,,new
8873,Тольятти,01/03/24,21/03/24,10,,,,new
8874,Ижевск,01/03/24,21/03/24,10,,,,new
8875,Омск,01/03/24,21/03/24,10,,,,new
8876,Волгоград,01/03/24,21/03/24,10,,,,new
8877,Уфа,01/03/24,21/03/24,10,,,,new
8878,Екатеринбург,01/03/24,21/03/24,10,,,,new
8879,Волгоград,01/03/24,21/03/24,10,,,,new
8880,Тюмень,01/03/24,21/03/24,10,,,,new
8881,Пермь,01/03/24,21/03/24,10,,,,new
8882,Казань,01/03/24,21/03/24,10,,,,new
8883,Краснодар,01/03/24,21/03/24,10,,,,new
8884,Казань,01/03/24,21/03/24,10,,,,new
8885,Челябинск,01/03/24,21/03/24,10,,,,new
8886,Новосибирск,01/03/24,21/03/24,10,,,,new
8887,Нижний Новгород,01/03/24,21/03/24,10,,,,new
8888,Тюмень,01/03/24,21/03/24,10,1,7.144444444444445,28511.26,one_time
8889,Ростов-на-Дону,01/03/24,21/03/24,10,,,,new
8890,Омск,01/03/24,21/03/24,10,,,,new
8891,Воронеж,01/03/24,21/03/24,10,,,,new
8892,Тюмень,01/03/24,21/03/24,10,,,,new
8893,Нижний Новгород,01/03/24,22/03/24,9,,,,new
8894,Нижний Новгород,01/03/24,22/03/24,9,,,,new
8895,Саратов,01/03/24,22/03/24,9,,,,new
8896,Красноярск,01/03/24,22/03/24,9,,,,new
8897,Челябинск,01/03/24,22/03/24,9,,,,new
8898,Челябинск,01/03/24,22/03/24,9,,,,new
8899,Санкт-Петербург,01/03/24,22/03/24,9,,,,new
8900,Тольятти,01/03/24,22/03/24,9,,,,new
8901,Новосибирск,01/03/24,22/03/24,9,,,,new
8902,Ижевск,01/03/24,22/03/24,9,,,,new
8903,Тюмень,01/03/24,22/03/24,9,,,,new
8904,Ростов-на-Дону,01/03/24,22/03/24,9,,,,new
8905,Казань,01/03/24,22/03/24,9,,,,new
8906,Казань,01/03/24,22/03/24,9,,,,new
8907,Омск,01/03/24,22/03/24,9,,,,new
8908,,01/03/24,22/03/24,9,,,,new
8909,Новосибирск,01/03/24,22/03/24,9,,,,new
8910,Пермь,01/03/24,22/03/24,9,,,,new
8911,Тольятти,01/03/24,22/03/24,9,,,,new
8912,Нижний Новгород,01/03/24,22/03/24,9,,,,new
8913,Челябинск,01/03/24,22/03/24,9,1,4.732638888888889,6839.77,one_time
8914,Екатеринбург,01/03/24,22/03/24,9,,,,new
8915,Новосибирск,01/03/24,22/03/24,9,2,4.482638888888889,85111.94,one_time
8916,Челябинск,01/03/24,22/03/24,9,,,,new
8917,Самара,01/03/24,22/03/24,9,,,,new
8918,Ижевск,01/03/24,22/03/24,9,,,,new
8919,Новосибирск,01/03/24,22/03/24,9,,,,new
8920,Нижний Новгород,01/03/24,22/03/24,9,,,,new
8921,Челябинск,01/03/24,22/03/24,9,,,,new
8922,Саратов,01/03/24,22/03/24,9,,,,new
8923,Санкт-Петербург,01/03/24,22/03/24,9,1,2.484722222222222,30397.48,one_time
8924,Краснодар,01/03/24,22/03/24,9,,,,new
8925,Нижний Новгород,01/03/24,22/03/24,9,,,,new
8926,Челябинск,01/03/24,22/03/24,9,,,,new
8927,Тюмень,01/03/24,22/03/24,9,,,,new
8928,Красноярск,01/03/24,22/03/24,9,,,,new
8929,Воронеж,01/03/24,22/03/24,9,,,,new
8930,Уфа,01/03/24,22/03/24,9,,,,new
8931,Самара,01/03/24,22/03/24,9,,,,new
8932,Ростов-на-Дону,01/03/24,22/03/24,9,,,,new
8933,Екатеринбург,01/03/24,22/03/24,9,,,,new
8934,Тюмень,01/03/24,22/03/24,9,,,,new
8935,Ростов-на-Дону,01/03/24,22/03/24,9,,,,new
8936,Ижевск,01/03/24,22/03/24,9,1,4.334722222222222,30836.41,one_time
8937,Нижний Новгород,01/03/24,22/03/24,9,,,,new
8938,Казань,01/03/24,22/03/24,9,,,,new
8939,Москва,01/03/24,22/03/24,9,,,,new
8940,Челябинск,01/03/24,22/03/24,9,,,,new
8941,Челябинск,01/03/24,22/03/24,9,,,,new
8942,Санкт-Петербург,01/03/24,22/03/24,9,,,,new
8943,Пермь,01/03/24,22/03/24,9,,,,new
8944,Ижевск,01/03/24,22/03/24,9,1,0.5444444444444444,12000.54,one_time
8945,Нижний Новгород,01/03/24,22/03/24,9,,,,new
8946,Тольятти,01/03/24,22/03/24,9,,,,new
8947,Ижевск,01/03/24,22/03/24,9,,,,new
8948,Ижевск,01/03/24,22/03/24,9,,,,new
8949,Санкт-Петербург,01/03/24,22/03/24,9,,,,new
8950,Ростов-на-Дону,01/03/24,22/03/24,9,,,,new
8951,Ижевск,01/03/24,22/03/24,9,,,,new
8952,Краснодар,01/03/24,22/03/24,9,,,,new
8953,Красноярск,01/03/24,22/03/24,9,,,,new
8954,Нижний Новгород,01/03/24,22/03/24,9,,,,new
8955,Ростов-на-Дону,01/03/24,22/03/24,9,,,,new
8956,Краснодар,01/03/24,22/03/24,9,,,,new
8957,Казань,01/03/24,22/03/24,9,,,,new
8958,Новосибирск,01/03/24,22/03/24,9,,,,new
8959,Самара,01/03/24,22/03/24,9,,,,new
8960,Тольятти,01/03/24,22/03/24,9,,,,new
8961,Самара,01/03/24,22/03/24,9,,,,new
8962,Уфа,01/03/24,22/03/24,9,,,,new
8963,Саратов,01/03/24,22/03/24,9,,,,new
8964,Екатеринбург,01/03/24,22/03/24,9,,,,new
8965,Воронеж,01/03/24,22/03/24,9,,,,new
8966,Санкт-Петербург,01/03/24,22/03/24,9,,,,new
8967,Ростов-на-Дону,01/03/24,22/03/24,9,,,,new
8968,Красноярск,01/03/24,22/03/24,9,,,,new
8969,Ростов-на-Дону,01/03/24,22/03/24,9,,,,new
8970,Омск,01/03/24,22/03/24,9,,,,new
8971,Пермь,01/03/24,22/03/24,9,,,,new
8972,Нижний Новгород,01/03/24,22/03/24,9,,,,new
8973,Воронеж,01/03/24,22/03/24,9,,,,new
8974,Волгоград,01/03/24,22/03/24,9,,,,new
8975,Екатеринбург,01/03/24,22/03/24,9,,,,new
8976,Красноярск,01/03/24,22/03/24,9,,,,new
8977,Волгоград,01/03/24,22/03/24,9,,,,new
8978,Нижний Новгород,01/03/24,22/03/24,9,,,,new
8979,Санкт-Петербург,01/03/24,22/03/24,9,,,,new
8980,Красноярск,01/03/24,22/03/24,9,,,,new
8981,Красноярск,01/03/24,22/03/24,9,,,,new
8982,Москва,01/03/24,22/03/24,9,,,,new
8983,Тольятти,01/03/24,22/03/24,9,,,,new
8984,Ростов-на-Дону,01/03/24,22/03/24,9,,,,new
8985,Красноярск,01/03/24,22/03/24,9,,,,new
8986,Омск,01/03/24,22/03/24,9,,,,new
8987,Омск,01/03/24,22/03/24,9,1,2.8680555555555554,101570.11,one_time
8988,Тольятти,01/03/24,22/03/24,9,,,,new
8989,Красноярск,01/03/24,22/03/24,9,,,,new
8990,Екатеринбург,01/03/24,22/03/24,9,,,,new
8991,Волгоград,01/03/24,22/03/24,9,,,,new
8992,Нижний Новгород,01/03/24,22/03/24,9,,,,new
8993,Воронеж,01/03/24,22/03/24,9,,,,new
8994,Екатеринбург,01/03/24,22/03/24,9,,,,new
8995,Нижний Новгород,01/03/24,23/03/24,8,,,,new
8996,Красноярск,01/03/24,23/03/24,8,,,,new
8997,Санкт-Петербург,01/03/24,23/03/24,8,,,,new
8998,Новосибирск,01/03/24,23/03/24,8,,,,new
8999,Краснодар,01/03/24,23/03/24,8,,,,new
9000,Омск,01/03/24,23/03/24,8,,,,new
9001,Новосибирск,01/03/24,23/03/24,8,,,,new
9002,Самара,01/03/24,23/03/24,8,,,,new
9003,Волгоград,01/03/24,23/03/24,8,,,,new
9004,Саратов,01/03/24,23/03/24,8,,,,new
9005,Уфа,01/03/24,23/03/24,8,,,,new
9006,Самара,01/03/24,23/03/24,8,,,,new
9007,Воронеж,01/03/24,23/03/24,8,,,,new
9008,Ростов-на-Дону,01/03/24,23/03/24,8,,,,new
9009,Краснодар,01/03/24,23/03/24,8,,,,new
9010,Уфа,01/03/24,23/03/24,8,,,,new
9011,Пермь,01/03/24,23/03/24,8,,,,new
9012,Санкт-Петербург,01/03/24,23/03/24,8,,,,new
9013,Челябинск,01/03/24,23/03/24,8,,,,new
9014,Краснодар,01/03/24,23/03/24,8,,,,new
9015,Пермь,01/03/24,23/03/24,8,,,,new
9016,Тюмень,01/03/24,23/03/24,8,2,5.672916666666667,148567.82,one_time
9017,Казань,01/03/24,23/03/24,8,,,,new
9018,Уфа,01/03/24,23/03/24,8,,,,new
9019,Москва,01/03/24,23/03/24,8,,,,new
9020,Челябинск,01/03/24,23/03/24,8,,,,new
9021,Казань,01/03/24,23/03/24,8,,,,new
9022,Екатеринбург,01/03/24,23/03/24,8,,,,new
9023,Казань,01/03/24,23/03/24,8,,,,new
9024,Волгоград,01/03/24,23/03/24,8,,,,new
9025,Москва,01/03/24,23/03/24,8,,,,new
9026,Москва,01/03/24,23/03/24,8,,,,new
9027,Воронеж,01/03/24,23/03/24,8,,,,new
9028,Екатеринбург,01/03/24,23/03/24,8,,,,new
9029,Краснодар,01/03/24,23/03/24,8,,,,new
9030,Волгоград,01/03/24,23/03/24,8,,,,new
9031,Челябинск,01/03/24,23/03/24,8,,,,new
9032,Воронеж,01/03/24,23/03/24,8,,,,new
9033,Краснодар,01/03/24,23/03/24,8,,,,new
9034,Екатеринбург,01/03/24,23/03/24,8,,,,new
9035,Санкт-Петербург,01/03/24,23/03/24,8,,,,new
9036,Саратов,01/03/24,23/03/24,8,,,,new
9037,Воронеж,01/03/24,23/03/24,8,,,,new
9038,Саратов,01/03/24,23/03/24,8,,,,new
9039,Ижевск,01/03/24,23/03/24,8,,,,new
9040,Екатеринбург,01/03/24,23/03/24,8,,,,new
9041,Тюмень,01/03/24,23/03/24,8,,,,new
9042,Москва,01/03/24,23/03/24,8,,,,new
9043,Тольятти,01/03/24,23/03/24,8,,,,new
9044,Ижевск,01/03/24,23/03/24,8,,,,new
9045,Челябинск,01/03/24,23/03/24,8,,,,new
9046,Самара,01/03/24,23/03/24,8,1,3.6555555555555554,71310.04,one_time
9047,Челябинск,01/03/24,23/03/24,8,,,,new
9048,Челябинск,01/03/24,23/03/24,8,,,,new
9049,Ростов-на-Дону,01/03/24,23/03/24,8,,,,new
9050,Москва,01/03/24,23/03/24,8,,,,new
9051,Екатеринбург,01/03/24,23/03/24,8,,,,new
9052,Омск,01/03/24,23/03/24,8,,,,new
9053,Нижний Новгород,01/03/24,23/03/24,8,,,,new
9054,Красноярск,01/03/24,23/03/24,8,,,,new
9055,Воронеж,01/03/24,23/03/24,8,,,,new
9056,Челябинск,01/03/24,23/03/24,8,,,,new
9057,Тольятти,01/03/24,23/03/24,8,,,,new
9058,Екатеринбург,01/03/24,23/03/24,8,,,,new
9059,Красноярск,01/03/24,23/03/24,8,,,,new
9060,Уфа,01/03/24,23/03/24,8,,,,new
9061,Тюмень,01/03/24,23/03/24,8,,,,new
9062,Тольятти,01/03/24,23/03/24,8,,,,new
9063,Уфа,01/03/24,23/03/24,8,,,,new
9064,Санкт-Петербург,01/03/24,23/03/24,8,,,,new
9065,Ижевск,01/03/24,23/03/24,8,,,,new
9066,Нижний Новгород,01/03/24,23/03/24,8,,,,new
9067,Санкт-Петербург,01/03/24,23/03/24,8,,,,new
9068,Екатеринбург,01/03/24,23/03/24,8,,,,new
9069,Санкт-Петербург,01/03/24,23/03/24,8,,,,new
9070,Челябинск,01/03/24,23/03/24,8,,,,new
9071,Уфа,01/03/24,23/03/24,8,,,,new
9072,Самара,01/03/24,23/03/24,8,,,,new
9073,Екатеринбург,01/03/24,23/03/24,8,1,3.0166666666666666,66763.33,one_time
9074,Тольятти,01/03/24,23/03/24,8,,,,new
9075,Ижевск,01/03/24,23/03/24,8,,,,new
9076,Москва,01/03/24,23/03/24,8,,,,new
9077,Саратов,01/03/24,23/03/24,8,,,,new
9078,Москва,01/03/24,23/03/24,8,,,,new
9079,Москва,01/03/24,23/03/24,8,,,,new
9080,Уфа,01/03/24,23/03/24,8,,,,new
9081,Санкт-Петербург,01/03/24,23/03/24,8,,,,new
9082,Красноярск,01/03/24,23/03/24,8,,,,new
9083,Москва,01/03/24,23/03/24,8,,,,new
9084,Воронеж,01/03/24,23/03/24,8,,,,new
9085,Пермь,01/03/24,23/03/24,8,,,,new
9086,Санкт-Петербург,01/03/24,23/03/24,8,,,,new
9087,Уфа,01/03/24,23/03/24,8,,,,new
9088,Самара,01/03/24,23/03/24,8,,,,new
9089,Пермь,01/03/24,23/03/24,8,,,,new
9090,Екатеринбург,01/03/24,23/03/24,8,,,,new
9091,Самара,01/03/24,23/03/24,8,,,,new
9092,Ижевск,01/03/24,23/03/24,8,,,,new
9093,Санкт-Петербург,01/03/24,23/03/24,8,,,,new
9094,Волгоград,01/03/24,23/03/24,8,,,,new
9095,Новосибирск,01/03/24,23/03/24,8,,,,new
9096,Тольятти,01/03/24,24/03/24,7,,,,new
9097,Казань,01/03/24,24/03/24,7,,,,new
9098,Саратов,01/03/24,24/03/24,7,,,,new
9099,Ижевск,01/03/24,24/03/24,7,,,,new
9100,Москва,01/03/24,24/03/24,7,,,,new
9101,Краснодар,01/03/24,24/03/24,7,,,,new
9102,Ростов-на-Дону,01/03/24,24/03/24,7,,,,new
9103,Санкт-Петербург,01/03/24,24/03/24,7,,,,new
9104,Пермь,01/03/24,24/03/24,7,,,,new
9105,Саратов,01/03/24,24/03/24,7,,,,new
9106,Челябинск,01/03/24,24/03/24,7,,,,new
9107,Ижевск,01/03/24,24/03/24,7,,,,new
9108,Нижний Новгород,01/03/24,24/03/24,7,,,,new
9109,Самара,01/03/24,24/03/24,7,,,,new
9110,Уфа,01/03/24,24/03/24,7,,,,new
9111,Пермь,01/03/24,24/03/24,7,,,,new
9112,Красноярск,01/03/24,24/03/24,7,,,,new
9113,Ростов-на-Дону,01/03/24,24/03/24,7,,,,new
9114,Тюмень,01/03/24,24/03/24,7,,,,new
9115,Пермь,01/03/24,24/03/24,7,,,,new
9116,Москва,01/03/24,24/03/24,7,,,,new
9117,Ростов-на-Дону,01/03/24,24/03/24,7,,,,new
9118,Новосибирск,01/03/24,24/03/24,7,,,,new
9119,Красноярск,01/03/24,24/03/24,7,,,,new
9120,Самара,01/03/24,24/03/24,7,,,,new
9121,Красноярск,01/03/24,24/03/24,7,,,,new
9122,Тольятти,01/03/24,24/03/24,7,,,,new
9123,Новосибирск,01/03/24,24/03/24,7,,,,new
9124,Санкт-Петербург,01/03/24,24/03/24,7,,,,new
9125,Красноярск,01/03/24,24/03/24,7,,,,new
9126,Воронеж,01/03/24,24/03/24,7,,,,new
9127,Уфа,01/03/24,24/03/24,7,,,,new
9128,Воронеж,01/03/24,24/03/24,7,,,,new
9129,Краснодар,01/03/24,24/03/24,7,,,,new
9130,Тольятти,01/03/24,24/03/24,7,,,,new
9131,Москва,01/03/24,24/03/24,7,,,,new
9132,Санкт-Петербург,01/03/24,24/03/24,7,,,,new
9133,Москва,01/03/24,24/03/24,7,,,,new
9134,Ижевск,01/03/24,24/03/24,7,,,,new
9135,Самара,01/03/24,24/03/24,7,,,,new
9136,Новосибирск,01/03/24,24/03/24,7,,,,new
9137,Воронеж,01/03/24,24/03/24,7,,,,new
9138,Пермь,01/03/24,24/03/24,7,,,,new
9139,Екатеринбург,01/03/24,24/03/24,7,,,,new
9140,Омск,01/03/24,24/03/24,7,,,,new
9141,Тюмень,01/03/24,24/03/24,7,,,,new
9142,Омск,01/03/24,24/03/24,7,,,,new
9143,Екатеринбург,01/03/24,24/03/24,7,,,,new
9144,Пермь,01/03/24,24/03/24,7,,,,new
9145,Красноярск,01/03/24,24/03/24,7,,,,new
9146,Волгоград,01/03/24,24/03/24,7,,,,new
9147,Екатеринбург,01/03/24,24/03/24,7,,,,new
9148,Тольятти,01/03/24,24/03/24,7,,,,new
9149,Нижний Новгород,01/03/24,24/03/24,7,,,,new
9150,Красноярск,01/03/24,24/03/24,7,,,,new
9151,Воронеж,01/03/24,24/03/24,7,,,,new
9152,Ростов-на-Дону,01/03/24,24/03/24,7,,,,new
9153,Пермь,01/03/24,24/03/24,7,,,,new
9154,Самара,01/03/24,24/03/24,7,,,,new
9155,Челябинск,01/03/24,24/03/24,7,,,,new
9156,Москва,01/03/24,24/03/24,7,,,,new
9157,Санкт-Петербург,01/03/24,24/03/24,7,,,,new
9158,Воронеж,01/03/24,24/03/24,7,,,,new
9159,Челябинск,01/03/24,24/03/24,7,,,,new
9160,Волгоград,01/03/24,24/03/24,7,,,,new
9161,Волгоград,01/03/24,24/03/24,7,1,4.114583333333333,147113.09,one_time
9162,Самара,01/03/24,24/03/24,7,,,,new
9163,Екатеринбург,01/03/24,24/03/24,7,,,,new
9164,Тюмень,01/03/24,24/03/24,7,,,,new
9165,Воронеж,01/03/24,24/03/24,7,,,,new
9166,Нижний Новгород,01/03/24,24/03/24,7,,,,new
9167,Тольятти,01/03/24,24/03/24,7,,,,new
9168,Ижевск,01/03/24,24/03/24,7,,,,new
9169,Ростов-на-Дону,01/03/24,24/03/24,7,,,,new
9170,Омск,01/03/24,24/03/24,7,,,,new
9171,Санкт-Петербург,01/03/24,24/03/24,7,,,,new
9172,Тюмень,01/03/24,24/03/24,7,,,,new
9173,Пермь,01/03/24,24/03/24,7,,,,new
9174,Тольятти,01/03/24,24/03/24,7,,,,new
9175,Саратов,01/03/24,24/03/24,7,,,,new
9176,Казань,01/03/24,24/03/24,7,,,,new
9177,Волгоград,01/03/24,24/03/24,7,,,,new
9178,Екатеринбург,01/03/24,24/03/24,7,,,,new
9179,Ростов-на-Дону,01/03/24,24/03/24,7,,,,new
9180,Казань,01/03/24,24/03/24,7,,,,new
9181,Казань,01/03/24,24/03/24,7,,,,new
9182,Волгоград,01/03/24,24/03/24,7,,,,new
9183,Москва,01/03/24,24/03/24,7,,,,new
9184,Омск,01/03/24,24/03/24,7,,,,new
9185,Краснодар,01/03/24,24/03/24,7,,,,new
9186,Пермь,01/03/24,24/03/24,7,,,,new
9187,Омск,01/03/24,24/03/24,7,,,,new
9188,Омск,01/03/24,24/03/24,7,,,,new
9189,Казань,01/03/24,24/03/24,7,,,,new
9190,Челябинск,01/03/24,24/03/24,7,,,,new
9191,Волгоград,01/03/24,24/03/24,7,,,,new
9192,Казань,01/03/24,24/03/24,7,,,,new
9193,Самара,01/03/24,24/03/24,7,,,,new
9194,Ижевск,01/03/24,24/03/24,7,,,,new
9195,Ижевск,01/03/24,24/03/24,7,,,,new
9196,Москва,01/03/24,24/03/24,7,,,,new
9197,Краснодар,01/03/24,24/03/24,7,,,,new
9198,Казань,01/03/24,24/03/24,7,,,,new
9199,Краснодар,01/03/24,24/03/24,7,,,,new
9200,Челябинск,01/03/24,24/03/24,7,,,,new
9201,Саратов,01/03/24,24/03/24,7,,,,new
9202,Екатеринбург,01/03/24,24/03/24,7,,,,new
9203,Саратов,01/03/24,24/03/24,7,2,4.152430555555556,115292.83,one_time
9204,Омск,01/03/24,24/03/24,7,,,,new
9205,Новосибирск,01/03/24,24/03/24,7,,,,new
9206,Казань,01/03/24,24/03/24,7,,,,new
9207,Красноярск,01/03/24,24/03/24,7,,,,new
9208,Волгоград,01/03/24,24/03/24,7,,,,new
9209,Красноярск,01/03/24,24/03/24,7,,,,new
9210,Новосибирск,01/03/24,25/03/24,6,,,,new
9211,Краснодар,01/03/24,25/03/24,6,,,,new
9212,Тольятти,01/03/24,25/03/24,6,,,,new
9213,Красноярск,01/03/24,25/03/24,6,,,,new
9214,Волгоград,01/03/24,25/03/24,6,,,,new
9215,Тольятти,01/03/24,25/03/24,6,,,,new
9216,Красноярск,01/03/24,25/03/24,6,1,2.526388888888889,3931.75,one_time
9217,Новосибирск,01/03/24,25/03/24,6,,,,new
9218,Челябинск,01/03/24,25/03/24,6,,,,new
9219,Новосибирск,01/03/24,25/03/24,6,,,,new
9220,Ростов-на-Дону,01/03/24,25/03/24,6,,,,new
9221,Краснодар,01/03/24,25/03/24,6,,,,new
9222,Екатеринбург,01/03/24,25/03/24,6,,,,new
9223,Москва,01/03/24,25/03/24,6,,,,new
9224,Екатеринбург,01/03/24,25/03/24,6,,,,new
9225,Ростов-на-Дону,01/03/24,25/03/24,6,,,,new
9226,Волгоград,01/03/24,25/03/24,6,,,,new
9227,Тюмень,01/03/24,25/03/24,6,,,,new
9228,Челябинск,01/03/24,25/03/24,6,,,,new
9229,Тюмень,01/03/24,25/03/24,6,,,,new
9230,Москва,01/03/24,25/03/24,6,,,,new
9231,Саратов,01/03/24,25/03/24,6,,,,new
9232,Самара,01/03/24,25/03/24,6,,,,new
9233,Ростов-на-Дону,01/03/24,25/03/24,6,,,,new
9234,Красноярск,01/03/24,25/03/24,6,,,,new
9235,Воронеж,01/03/24,25/03/24,6,,,,new
9236,Санкт-Петербург,01/03/24,25/03/24,6,,,,new
9237,Уфа,01/03/24,25/03/24,6,,,,new
9238,Самара,01/03/24,25/03/24,6,,,,new
9239,Саратов,01/03/24,25/03/24,6,,,,new
9240,Новосибирск,01/03/24,25/03/24,6,,,,new
9241,Тюмень,01/03/24,25/03/24,6,,,,new
9242,Новосибирск,01/03/24,25/03/24,6,,,,new
9243,Нижний Новгород,01/03/24,25/03/24,6,,,,new
9244,Казань,01/03/24,25/03/24,6,,,,new
9245,Красноярск,01/03/24,25/03/24,6,,,,new
9246,Самара,01/03/24,25/03/24,6,1,5.5125,27122.24,one_time
9247,Краснодар,01/03/24,25/03/24,6,,,,new
9248,Тольятти,01/03/24,25/03/24,6,,,,new
9249,Екатеринбург,01/03/24,25/03/24,6,,,,new
9250,Новосибирск,01/03/24,25/03/24,6,,,,new
9251,Самара,01/03/24,25/03/24,6,1,2.5819444444444444,29152.24,one_time
9252,Челябинск,01/03/24,25/03/24,6,,,,new
9253,Челябинск,01/03/24,25/03/24,6,,,,new
9254,Тольятти,01/03/24,25/03/24,6,,,,new
9255,Воронеж,01/03/24,25/03/24,6,,,,new
9256,Воронеж,01/03/24,25/03/24,6,1,1.6680555555555556,164655.9,one_time
9257,Уфа,01/03/24,25/03/24,6,,,,new
9258,Казань,01/03/24,25/03/24,6,,,,new
9259,Казань,01/03/24,25/03/24,6,,,,new
9260,Санкт-Петербург,01/03/24,25/03/24,6,,,,new
9261,Екатеринбург,01/03/24,25/03/24,6,,,,new
9262,Екатеринбург,01/03/24,25/03/24,6,1,3.6,37538.41,one_time
9263,Саратов,01/03/24,25/03/24,6,,,,new
9264,Краснодар,01/03/24,25/03/24,6,,,,new
9265,Челябинск,01/03/24,25/03/24,6,,,,new
9266,Уфа,01/03/24,25/03/24,6,,,,new
9267,Екатеринбург,01/03/24,25/03/24,6,,,,new
9268,Ижевск,01/03/24,25/03/24,6,,,,new
9269,Ижевск,01/03/24,25/03/24,6,,,,new
9270,Нижний Новгород,01/03/24,25/03/24,6,,,,new
9271,Волгоград,01/03/24,25/03/24,6,,,,new
9272,Омск,01/03/24,25/03/24,6,,,,new
9273,Екатеринбург,01/03/24,25/03/24,6,,,,new
9274,Красноярск,01/03/24,25/03/24,6,,,,new
9275,Санкт-Петербург,01/03/24,25/03/24,6,,,,new
9276,,01/03/24,25/03/24,6,,,,new
9277,Воронеж,01/03/24,25/03/24,6,,,,new
9278,Екатеринбург,01/03/24,25/03/24,6,,,,new
9279,Омск,01/03/24,25/03/24,6,,,,new
9280,Красноярск,01/03/24,25/03/24,6,,,,new
9281,Уфа,01/03/24,25/03/24,6,,,,new
9282,Казань,01/03/24,25/03/24,6,,,,new
9283,Уфа,01/03/24,25/03/24,6,,,,new
9284,Краснодар,01/03/24,25/03/24,6,,,,new
9285,Красноярск,01/03/24,25/03/24,6,,,,new
9286,Москва,01/03/24,25/03/24,6,,,,new
9287,Москва,01/03/24,25/03/24,6,,,,new
9288,Красноярск,01/03/24,25/03/24,6,,,,new
9289,Нижний Новгород,01/03/24,25/03/24,6,,,,new
9290,Ростов-на-Дону,01/03/24,25/03/24,6,,,,new
9291,Ростов-на-Дону,01/03/24,25/03/24,6,,,,new
9292,Казань,01/03/24,25/03/24,6,,,,new
9293,Саратов,01/03/24,25/03/24,6,,,,new
9294,Саратов,01/03/24,25/03/24,6,,,,new
9295,Краснодар,01/03/24,25/03/24,6,,,,new
9296,Краснодар,01/03/24,25/03/24,6,,,,new
9297,Пермь,01/03/24,25/03/24,6,,,,new
9298,Краснодар,01/03/24,25/03/24,6,,,,new
9299,,01/03/24,25/03/24,6,,,,new
9300,Самара,01/03/24,25/03/24,6,,,,new
9301,Воронеж,01/03/24,25/03/24,6,,,,new
9302,Уфа,01/03/24,25/03/24,6,,,,new
9303,Москва,01/03/24,25/03/24,6,,,,new
9304,Краснодар,01/03/24,25/03/24,6,,,,new
9305,Екатеринбург,01/03/24,25/03/24,6,,,,new
9306,Москва,01/03/24,25/03/24,6,,,,new
9307,Омск,01/03/24,25/03/24,6,,,,new
9308,Казань,01/03/24,25/03/24,6,,,,new
9309,Воронеж,01/03/24,25/03/24,6,,,,new
9310,Уфа,01/03/24,25/03/24,6,,,,new
9311,Нижний Новгород,01/03/24,25/03/24,6,,,,new
9312,Красноярск,01/03/24,25/03/24,6,,,,new
9313,Нижний Новгород,01/03/24,25/03/24,6,,,,new
9314,Самара,01/03/24,25/03/24,6,,,,new
9315,Уфа,01/03/24,25/03/24,6,,,,new
9316,Ижевск,01/03/24,25/03/24,6,,,,new
9317,Тольятти,01/03/24,25/03/24,6,,,,new
9318,Ижевск,01/03/24,25/03/24,6,,,,new
9319,Казань,01/03/24,25/03/24,6,,,,new
9320,Екатеринбург,01/03/24,25/03/24,6,,,,new
9321,Красноярск,01/03/24,26/03/24,5,,,,new
9322,Омск,01/03/24,26/03/24,5,,,,new
9323,Тольятти,01/03/24,26/03/24,5,,,,new
9324,Уфа,01/03/24,26/03/24,5,,,,new
9325,Нижний Новгород,01/03/24,26/03/24,5,,,,new
9326,Челябинск,01/03/24,26/03/24,5,,,,new
9327,Екатеринбург,01/03/24,26/03/24,5,,,,new
9328,Челябинск,01/03/24,26/03/24,5,,,,new
9329,Ростов-на-Дону,01/03/24,26/03/24,5,,,,new
9330,Тольятти,01/03/24,26/03/24,5,,,,new
9331,Нижний Новгород,01/03/24,26/03/24,5,,,,new
9332,Самара,01/03/24,26/03/24,5,,,,new
9333,Омск,01/03/24,26/03/24,5,,,,new
9334,Самара,01/03/24,26/03/24,5,,,,new
9335,Тюмень,01/03/24,26/03/24,5,,,,new
9336,Тюмень,01/03/24,26/03/24,5,,,,new
9337,Казань,01/03/24,26/03/24,5,1,7.53125,60142.98,one_time
9338,Тольятти,01/03/24,26/03/24,5,,,,new
9339,Тольятти,01/03/24,26/03/24,5,,,,new
9340,Ижевск,01/03/24,26/03/24,5,,,,new
9341,Красноярск,01/03/24,26/03/24,5,,,,new
9342,Ижевск,01/03/24,26/03/24,5,,,,new
9343,Уфа,01/03/24,26/03/24,5,,,,new
9344,Пермь,01/03/24,26/03/24,5,,,,new
9345,Москва,01/03/24,26/03/24,5,,,,new
9346,Екатеринбург,01/03/24,26/03/24,5,,,,new
9347,Воронеж,01/03/24,26/03/24,5,,,,new
9348,Казань,01/03/24,26/03/24,5,,,,new
9349,Санкт-Петербург,01/03/24,26/03/24,5,,,,new
9350,Тюмень,01/03/24,26/03/24,5,,,,new
9351,Ростов-на-Дону,01/03/24,26/03/24,5,,,,new
9352,Тольятти,01/03/24,26/03/24,5,,,,new
9353,Тюмень,01/03/24,26/03/24,5,,,,new
9354,Самара,01/03/24,26/03/24,5,,,,new
9355,Красноярск,01/03/24,26/03/24,5,1,3.189583333333333,17347.25,one_time
9356,Саратов,01/03/24,26/03/24,5,,,,new
9357,Санкт-Петербург,01/03/24,26/03/24,5,,,,new
9358,Воронеж,01/03/24,26/03/24,5,,,,new
9359,Омск,01/03/24,26/03/24,5,,,,new
9360,Санкт-Петербург,01/03/24,26/03/24,5,,,,new
9361,Ростов-на-Дону,01/03/24,26/03/24,5,,,,new
9362,Омск,01/03/24,26/03/24,5,,,,new
9363,Ижевск,01/03/24,26/03/24,5,,,,new
9364,Саратов,01/03/24,26/03/24,5,,,,new
9365,Краснодар,01/03/24,26/03/24,5,,,,new
9366,Новосибирск,01/03/24,26/03/24,5,,,,new
9367,Краснодар,01/03/24,26/03/24,5,,,,new
9368,Нижний Новгород,01/03/24,26/03/24,5,,,,new
9369,Ростов-на-Дону,01/03/24,26/03/24,5,,,,new
9370,Ижевск,01/03/24,26/03/24,5,,,,new
9371,Волгоград,01/03/24,26/03/24,5,,,,new
9372,Воронеж,01/03/24,26/03/24,5,,,,new
9373,Новосибирск,01/03/24,26/03/24,5,1,5.858333333333333,152761.47,one_time
9374,Новосибирск,01/03/24,26/03/24,5,,,,new
9375,Ижевск,01/03/24,26/03/24,5,,,,new
9376,Красноярск,01/03/24,26/03/24,5,,,,new
9377,Саратов,01/03/24,26/03/24,5,,,,new
9378,Казань,01/03/24,26/03/24,5,,,,new
9379,Уфа,01/03/24,26/03/24,5,,,,new
9380,Челябинск,01/03/24,26/03/24,5,,,,new
9381,Тольятти,01/03/24,26/03/24,5,,,,new
9382,Красноярск,01/03/24,26/03/24,5,,,,new
9383,Самара,01/03/24,26/03/24,5,,,,new
9384,Омск,01/03/24,26/03/24,5,,,,new
9385,Новосибирск,01/03/24,26/03/24,5,,,,new
9386,Воронеж,01/03/24,26/03/24,5,,,,new
9387,Нижний Новгород,01/03/24,26/03/24,5,,,,new
9388,Москва,01/03/24,26/03/24,5,1,7.904166666666667,2432.57,one_time
9389,Санкт-Петербург,01/03/24,26/03/24,5,,,,new
9390,Ижевск,01/03/24,26/03/24,5,,,,new
9391,Москва,01/03/24,26/03/24,5,,,,new
9392,Тюмень,01/03/24,26/03/24,5,,,,new
9393,Тюмень,01/03/24,26/03/24,5,,,,new
9394,Воронеж,01/03/24,26/03/24,5,,,,new
9395,Нижний Новгород,01/03/24,26/03/24,5,,,,new
9396,Уфа,01/03/24,26/03/24,5,,,,new
9397,Нижний Новгород,01/03/24,26/03/24,5,,,,new
9398,Самара,01/03/24,26/03/24,5,,,,new
9399,Нижний Новгород,01/03/24,26/03/24,5,,,,new
9400,Самара,01/03/24,26/03/24,5,,,,new
9401,Москва,01/03/24,26/03/24,5,,,,new
9402,Ростов-на-Дону,01/03/24,26/03/24,5,,,,new
9403,Тюмень,01/03/24,26/03/24,5,,,,new
9404,Тольятти,01/03/24,26/03/24,5,,,,new
9405,Пермь,01/03/24,26/03/24,5,,,,new
9406,Краснодар,01/03/24,26/03/24,5,,,,new
9407,Москва,01/03/24,26/03/24,5,,,,new
9408,Краснодар,01/03/24,26/03/24,5,,,,new
9409,Омск,01/03/24,26/03/24,5,,,,new
9410,Пермь,01/03/24,26/03/24,5,,,,new
9411,Тольятти,01/03/24,26/03/24,5,,,,new
9412,Омск,01/03/24,26/03/24,5,,,,new
9413,Нижний Новгород,01/03/24,26/03/24,5,,,,new
9414,Тольятти,01/03/24,26/03/24,5,,,,new
9415,Тольятти,01/03/24,26/03/24,5,,,,new
9416,Тольятти,01/03/24,26/03/24,5,,,,new
9417,Краснодар,01/03/24,26/03/24,5,,,,new
9418,Самара,01/03/24,26/03/24,5,,,,new
9419,Санкт-Петербург,01/03/24,26/03/24,5,,,,new
9420,Тюмень,01/03/24,26/03/24,5,,,,new
9421,Омск,01/03/24,26/03/24,5,,,,new
9422,Самара,01/03/24,26/03/24,5,,,,new
9423,Ижевск,01/03/24,26/03/24,5,,,,new
9424,Самара,01/03/24,26/03/24,5,,,,new
9425,Ростов-на-Дону,01/03/24,26/03/24,5,,,,new
9426,Нижний Новгород,01/03/24,26/03/24,5,,,,new
9427,Челябинск,01/03/24,26/03/24,5,,,,new
9428,Краснодар,01/03/24,26/03/24,5,,,,new
9429,Уфа,01/03/24,26/03/24,5,,,,new
9430,Санкт-Петербург,01/03/24,26/03/24,5,,,,new
9431,Саратов,01/03/24,26/03/24,5,,,,new
9432,Тольятти,01/03/24,26/03/24,5,,,,new
9433,Омск,01/03/24,26/03/24,5,,,,new
9434,Москва,01/03/24,26/03/24,5,,,,new
9435,Саратов,01/03/24,26/03/24,5,,,,new
9436,Нижний Новгород,01/03/24,26/03/24,5,,,,new
9437,Ижевск,01/03/24,26/03/24,5,,,,new
9438,Волгоград,01/03/24,26/03/24,5,,,,new
9439,Санкт-Петербург,01/03/24,26/03/24,5,,,,new
9440,Тольятти,01/03/24,27/03/24,4,,,,new
9441,Тюмень,01/03/24,27/03/24,4,,,,new
9442,Саратов,01/03/24,27/03/24,4,,,,new
9443,Санкт-Петербург,01/03/24,27/03/24,4,,,,new
9444,Пермь,01/03/24,27/03/24,4,,,,new
9445,Ростов-на-Дону,01/03/24,27/03/24,4,,,,new
9446,Пермь,01/03/24,27/03/24,4,,,,new
9447,Нижний Новгород,01/03/24,27/03/24,4,,,,new
9448,Екатеринбург,01/03/24,27/03/24,4,,,,new
9449,Ижевск,01/03/24,27/03/24,4,,,,new
9450,Уфа,01/03/24,27/03/24,4,,,,new
9451,Уфа,01/03/24,27/03/24,4,,,,new
9452,Волгоград,01/03/24,27/03/24,4,,,,new
9453,Пермь,01/03/24,27/03/24,4,,,,new
9454,Пермь,01/03/24,27/03/24,4,,,,new
9455,Челябинск,01/03/24,27/03/24,4,,,,new
9456,Уфа,01/03/24,27/03/24,4,,,,new
9457,Тюмень,01/03/24,27/03/24,4,,,,new
9458,Нижний Новгород,01/03/24,27/03/24,4,,,,new
9459,Ростов-на-Дону,01/03/24,27/03/24,4,,,,new
9460,Новосибирск,01/03/24,27/03/24,4,,,,new
9461,Казань,01/03/24,27/03/24,4,,,,new
9462,Санкт-Петербург,01/03/24,27/03/24,4,,,,new
9463,Уфа,01/03/24,27/03/24,4,,,,new
9464,Самара,01/03/24,27/03/24,4,,,,new
9465,Екатеринбург,01/03/24,27/03/24,4,,,,new
9466,Самара,01/03/24,27/03/24,4,,,,new
9467,Тольятти,01/03/24,27/03/24,4,,,,new
9468,Казань,01/03/24,27/03/24,4,,,,new
9469,Воронеж,01/03/24,27/03/24,4,,,,new
9470,Саратов,01/03/24,27/03/24,4,,,,new
9471,Москва,01/03/24,27/03/24,4,,,,new
9472,Краснодар,01/03/24,27/03/24,4,,,,new
9473,Волгоград,01/03/24,27/03/24,4,,,,new
9474,Ижевск,01/03/24,27/03/24,4,,,,new
9475,Пермь,01/03/24,27/03/24,4,,,,new
9476,Пермь,01/03/24,27/03/24,4,,,,new
9477,Краснодар,01/03/24,27/03/24,4,,,,new
9478,Челябинск,01/03/24,27/03/24,4,,,,new
9479,Волгоград,01/03/24,27/03/24,4,,,,new
9480,Краснодар,01/03/24,27/03/24,4,,,,new
9481,Санкт-Петербург,01/03/24,27/03/24,4,,,,new
9482,Казань,01/03/24,27/03/24,4,,,,new
9483,Воронеж,01/03/24,27/03/24,4,,,,new
9484,,01/03/24,27/03/24,4,,,,new
9485,Ижевск,01/03/24,27/03/24,4,,,,new
9486,Ижевск,01/03/24,27/03/24,4,,,,new
9487,Нижний Новгород,01/03/24,27/03/24,4,,,,new
9488,Санкт-Петербург,01/03/24,27/03/24,4,,,,new
9489,Тольятти,01/03/24,27/03/24,4,,,,new
9490,Екатеринбург,01/03/24,27/03/24,4,,,,new
9491,Челябинск,01/03/24,27/03/24,4,,,,new
9492,Уфа,01/03/24,27/03/24,4,,,,new
9493,Ижевск,01/03/24,27/03/24,4,,,,new
9494,Уфа,01/03/24,27/03/24,4,,,,new
9495,Тольятти,01/03/24,27/03/24,4,1,5.550694444444445,1652.22,one_time
9496,Тюмень,01/03/24,27/03/24,4,,,,new
9497,Волгоград,01/03/24,27/03/24,4,,,,new
9498,Санкт-Петербург,01/03/24,27/03/24,4,,,,new
9499,Казань,01/03/24,27/03/24,4,,,,new
9500,Омск,01/03/24,27/03/24,4,,,,new
9501,Санкт-Петербург,01/03/24,27/03/24,4,,,,new
9502,Ижевск,01/03/24,27/03/24,4,,,,new
9503,Уфа,01/03/24,27/03/24,4,,,,new
9504,Москва,01/03/24,27/03/24,4,,,,new
9505,Казань,01/03/24,27/03/24,4,,,,new
9506,Саратов,01/03/24,27/03/24,4,,,,new
9507,Самара,01/03/24,27/03/24,4,,,,new
9508,Нижний Новгород,01/03/24,27/03/24,4,1,3.1479166666666667,26804.38,one_time
9509,Саратов,01/03/24,27/03/24,4,,,,new
9510,Челябинск,01/03/24,27/03/24,4,,,,new
9511,Ижевск,01/03/24,27/03/24,4,,,,new
9512,Санкт-Петербург,01/03/24,27/03/24,4,,,,new
9513,Казань,01/03/24,27/03/24,4,,,,new
9514,Уфа,01/03/24,27/03/24,4,,,,new
9515,Омск,01/03/24,27/03/24,4,,,,new
9516,Красноярск,01/03/24,27/03/24,4,,,,new
9517,Красноярск,01/03/24,27/03/24,4,,,,new
9518,Ростов-на-Дону,01/03/24,27/03/24,4,,,,new
9519,Красноярск,01/03/24,27/03/24,4,,,,new
9520,Челябинск,01/03/24,27/03/24,4,,,,new
9521,,01/03/24,27/03/24,4,,,,new
9522,Уфа,01/03/24,27/03/24,4,,,,new
9523,Казань,01/03/24,27/03/24,4,,,,new
9524,Казань,01/03/24,27/03/24,4,,,,new
9525,Москва,01/03/24,27/03/24,4,,,,new
9526,Пермь,01/03/24,27/03/24,4,,,,new
9527,Воронеж,01/03/24,27/03/24,4,,,,new
9528,Самара,01/03/24,27/03/24,4,,,,new
9529,Екатеринбург,01/03/24,27/03/24,4,,,,new
9530,Краснодар,01/03/24,27/03/24,4,,,,new
9531,Екатеринбург,01/03/24,27/03/24,4,,,,new
9532,Новосибирск,01/03/24,27/03/24,4,,,,new
9533,Саратов,01/03/24,27/03/24,4,,,,new
9534,Саратов,01/03/24,27/03/24,4,,,,new
9535,Челябинск,01/03/24,27/03/24,4,,,,new
9536,Воронеж,01/03/24,27/03/24,4,,,,new
9537,Тольятти,01/03/24,27/03/24,4,,,,new
9538,Красноярск,01/03/24,27/03/24,4,,,,new
9539,Уфа,01/03/24,27/03/24,4,,,,new
9540,Волгоград,01/03/24,27/03/24,4,,,,new
9541,Нижний Новгород,01/03/24,27/03/24,4,,,,new
9542,Пермь,01/03/24,27/03/24,4,,,,new
9543,,01/03/24,27/03/24,4,,,,new
9544,Ижевск,01/03/24,27/03/24,4,1,0.7736111111111111,20627.13,one_time
9545,Москва,01/03/24,27/03/24,4,1,3.688888888888889,3816.32,one_time
9546,Красноярск,01/03/24,27/03/24,4,,,,new
9547,Ижевск,01/03/24,27/03/24,4,,,,new
9548,Тюмень,01/03/24,27/03/24,4,,,,new
9549,Самара,01/03/24,27/03/24,4,,,,new
9550,Ростов-на-Дону,01/03/24,27/03/24,4,,,,new
9551,Омск,01/03/24,27/03/24,4,,,,new
9552,Тольятти,01/03/24,28/03/24,3,,,,new
9553,Красноярск,01/03/24,28/03/24,3,,,,new
9554,Екатеринбург,01/03/24,28/03/24,3,,,,new
9555,Самара,01/03/24,28/03/24,3,,,,new
9556,Ижевск,01/03/24,28/03/24,3,,,,new
9557,Ижевск,01/03/24,28/03/24,3,,,,new
9558,Воронеж,01/03/24,28/03/24,3,,,,new
9559,Уфа,01/03/24,28/03/24,3,,,,new
9560,Москва,01/03/24,28/03/24,3,,,,new
9561,Саратов,01/03/24,28/03/24,3,,,,new
9562,Новосибирск,01/03/24,28/03/24,3,,,,new
9563,Уфа,01/03/24,28/03/24,3,,,,new
9564,Ростов-на-Дону,01/03/24,28/03/24,3,,,,new
9565,Новосибирск,01/03/24,28/03/24,3,,,,new
9566,Ростов-на-Дону,01/03/24,28/03/24,3,,,,new
9567,Ростов-на-Дону,01/03/24,28/03/24,3,,,,new
9568,Воронеж,01/03/24,28/03/24,3,,,,new
9569,Санкт-Петербург,01/03/24,28/03/24,3,,,,new
9570,Санкт-Петербург,01/03/24,28/03/24,3,,,,new
9571,Нижний Новгород,01/03/24,28/03/24,3,,,,new
9572,Новосибирск,01/03/24,28/03/24,3,,,,new
9573,Волгоград,01/03/24,28/03/24,3,,,,new
9574,Новосибирск,01/03/24,28/03/24,3,,,,new
9575,Краснодар,01/03/24,28/03/24,3,,,,new
9576,Челябинск,01/03/24,28/03/24,3,,,,new
9577,Ижевск,01/03/24,28/03/24,3,,,,new
9578,Омск,01/03/24,28/03/24,3,,,,new
9579,Ростов-на-Дону,01/03/24,28/03/24,3,,,,new
9580,Саратов,01/03/24,28/03/24,3,,,,new
9581,Красноярск,01/03/24,28/03/24,3,,,,new
9582,Воронеж,01/03/24,28/03/24,3,,,,new
9583,Челябинск,01/03/24,28/03/24,3,,,,new
9584,Волгоград,01/03/24,28/03/24,3,,,,new
9585,Воронеж,01/03/24,28/03/24,3,,,,new
9586,Саратов,01/03/24,28/03/24,3,,,,new
9587,Тольятти,01/03/24,28/03/24,3,,,,new
9588,Саратов,01/03/24,28/03/24,3,,,,new
9589,Красноярск,01/03/24,28/03/24,3,,,,new
9590,Волгоград,01/03/24,28/03/24,3,,,,new
9591,Челябинск,01/03/24,28/03/24,3,,,,new
9592,Ижевск,01/03/24,28/03/24,3,,,,new
9593,Саратов,01/03/24,28/03/24,3,,,,new
9594,Москва,01/03/24,28/03/24,3,,,,new
9595,Краснодар,01/03/24,28/03/24,3,,,,new
9596,Нижний Новгород,01/03/24,28/03/24,3,,,,new
9597,Ижевск,01/03/24,28/03/24,3,1,4.635416666666667,12619.75,one_time
9598,Москва,01/03/24,28/03/24,3,,,,new
9599,Омск,01/03/24,28/03/24,3,,,,new
9600,Краснодар,01/03/24,28/03/24,3,,,,new
9601,Самара,01/03/24,28/03/24,3,,,,new
9602,Уфа,01/03/24,28/03/24,3,,,,new
9603,Воронеж,01/03/24,28/03/24,3,,,,new
9604,Нижний Новгород,01/03/24,28/03/24,3,,,,new
9605,Нижний Новгород,01/03/24,28/03/24,3,,,,new
9606,Новосибирск,01/03/24,28/03/24,3,,,,new
9607,Тольятти,01/03/24,28/03/24,3,,,,new
9608,Москва,01/03/24,28/03/24,3,,,,new
9609,Краснодар,01/03/24,28/03/24,3,,,,new
9610,Красноярск,01/03/24,28/03/24,3,,,,new
9611,Воронеж,01/03/24,28/03/24,3,,,,new
9612,Челябинск,01/03/24,28/03/24,3,,,,new
9613,Екатеринбург,01/03/24,28/03/24,3,,,,new
9614,Нижний Новгород,01/03/24,28/03/24,3,,,,new
9615,Тюмень,01/03/24,28/03/24,3,,,,new
9616,Санкт-Петербург,01/03/24,28/03/24,3,,,,new
9617,Уфа,01/03/24,28/03/24,3,,,,new
9618,,01/03/24,28/03/24,3,,,,new
9619,Волгоград,01/03/24,28/03/24,3,,,,new
9620,Новосибирск,01/03/24,28/03/24,3,,,,new
9621,Москва,01/03/24,28/03/24,3,,,,new
9622,Омск,01/03/24,28/03/24,3,,,,new
9623,Саратов,01/03/24,28/03/24,3,,,,new
9624,Красноярск,01/03/24,28/03/24,3,,,,new
9625,Саратов,01/03/24,28/03/24,3,,,,new
9626,Москва,01/03/24,28/03/24,3,,,,new
9627,Краснодар,01/03/24,28/03/24,3,,,,new
9628,Пермь,01/03/24,28/03/24,3,,,,new
9629,Москва,01/03/24,28/03/24,3,,,,new
9630,Самара,01/03/24,28/03/24,3,,,,new
9631,Саратов,01/03/24,28/03/24,3,,,,new
9632,Красноярск,01/03/24,28/03/24,3,,,,new
9633,Ростов-на-Дону,01/03/24,28/03/24,3,,,,new
9634,Ижевск,01/03/24,28/03/24,3,,,,new
9635,Казань,01/03/24,28/03/24,3,,,,new
9636,Тюмень,01/03/24,28/03/24,3,,,,new
9637,Красноярск,01/03/24,28/03/24,3,,,,new
9638,Москва,01/03/24,28/03/24,3,,,,new
9639,Ростов-на-Дону,01/03/24,28/03/24,3,,,,new
9640,Тюмень,01/03/24,28/03/24,3,,,,new
9641,Ростов-на-Дону,01/03/24,28/03/24,3,,,,new
9642,Ростов-на-Дону,01/03/24,28/03/24,3,,,,new
9643,Казань,01/03/24,28/03/24,3,,,,new
9644,Самара,01/03/24,28/03/24,3,,,,new
9645,Санкт-Петербург,01/03/24,28/03/24,3,,,,new
9646,Красноярск,01/03/24,28/03/24,3,,,,new
9647,Омск,01/03/24,28/03/24,3,,,,new
9648,Краснодар,01/03/24,28/03/24,3,,,,new
9649,Тюмень,01/03/24,28/03/24,3,,,,new
9650,Тюмень,01/03/24,28/03/24,3,,,,new
9651,Ижевск,01/03/24,28/03/24,3,,,,new
9652,Самара,01/03/24,28/03/24,3,,,,new
9653,Омск,01/03/24,28/03/24,3,,,,new
9654,Волгоград,01/03/24,28/03/24,3,,,,new
9655,Санкт-Петербург,01/03/24,28/03/24,3,,,,new
9656,Красноярск,01/03/24,28/03/24,3,,,,new
9657,Волгоград,01/03/24,28/03/24,3,,,,new
9658,Волгоград,01/03/24,28/03/24,3,,,,new
9659,Новосибирск,01/03/24,28/03/24,3,,,,new
9660,Омск,01/03/24,28/03/24,3,,,,new
9661,Воронеж,01/03/24,28/03/24,3,,,,new
9662,Уфа,01/03/24,28/03/24,3,,,,new
9663,Екатеринбург,01/03/24,28/03/24,3,,,,new
9664,Москва,01/03/24,28/03/24,3,,,,new
9665,Воронеж,01/03/24,28/03/24,3,,,,new
9666,Саратов,01/03/24,28/03/24,3,,,,new
9667,Саратов,01/03/24,28/03/24,3,,,,new
9668,Воронеж,01/03/24,28/03/24,3,,,,new
9669,Тольятти,01/03/24,28/03/24,3,,,,new
9670,Краснодар,01/03/24,28/03/24,3,,,,new
9671,Краснодар,01/03/24,28/03/24,3,,,,new
9672,Москва,01/03/24,28/03/24,3,,,,new
9673,Казань,01/03/24,28/03/24,3,,,,new
9674,Воронеж,01/03/24,28/03/24,3,,,,new
9675,Краснодар,01/03/24,28/03/24,3,,,,new
9676,Тюмень,01/03/24,28/03/24,3,,,,new
9677,Воронеж,01/03/24,28/03/24,3,,,,new
9678,Пермь,01/03/24,29/03/24,2,,,,new
9679,Краснодар,01/03/24,29/03/24,2,,,,new
9680,Уфа,01/03/24,29/03/24,2,,,,new
9681,Уфа,01/03/24,29/03/24,2,,,,new
9682,Санкт-Петербург,01/03/24,29/03/24,2,,,,new
9683,Саратов,01/03/24,29/03/24,2,,,,new
9684,Волгоград,01/03/24,29/03/24,2,,,,new
9685,Омск,01/03/24,29/03/24,2,,,,new
9686,Екатеринбург,01/03/24,29/03/24,2,,,,new
9687,Пермь,01/03/24,29/03/24,2,,,,new
9688,Ростов-на-Дону,01/03/24,29/03/24,2,,,,new
9689,Ижевск,01/03/24,29/03/24,2,,,,new
9690,Екатеринбург,01/03/24,29/03/24,2,,,,new
9691,Самара,01/03/24,29/03/24,2,,,,new
9692,Воронеж,01/03/24,29/03/24,2,,,,new
9693,Краснодар,01/03/24,29/03/24,2,,,,new
9694,Нижний Новгород,01/03/24,29/03/24,2,,,,new
9695,Пермь,01/03/24,29/03/24,2,,,,new
9696,Ижевск,01/03/24,29/03/24,2,,,,new
9697,Краснодар,01/03/24,29/03/24,2,,,,new
9698,Екатеринбург,01/03/24,29/03/24,2,,,,new
9699,Саратов,01/03/24,29/03/24,2,,,,new
9700,Краснодар,01/03/24,29/03/24,2,,,,new
9701,Новосибирск,01/03/24,29/03/24,2,,,,new
9702,Уфа,01/03/24,29/03/24,2,,,,new
9703,Москва,01/03/24,29/03/24,2,,,,new
9704,Омск,01/03/24,29/03/24,2,,,,new
9705,Саратов,01/03/24,29/03/24,2,,,,new
9706,Тюмень,01/03/24,29/03/24,2,,,,new
9707,Казань,01/03/24,29/03/24,2,,,,new
9708,Санкт-Петербург,01/03/24,29/03/24,2,,,,new
9709,Краснодар,01/03/24,29/03/24,2,,,,new
9710,Челябинск,01/03/24,29/03/24,2,,,,new
9711,Пермь,01/03/24,29/03/24,2,,,,new
9712,Ижевск,01/03/24,29/03/24,2,,,,new
9713,Тольятти,01/03/24,29/03/24,2,,,,new
9714,Пермь,01/03/24,29/03/24,2,,,,new
9715,Красноярск,01/03/24,29/03/24,2,,,,new
9716,Воронеж,01/03/24,29/03/24,2,,,,new
9717,Ростов-на-Дону,01/03/24,29/03/24,2,,,,new
9718,Тюмень,01/03/24,29/03/24,2,,,,new
9719,Казань,01/03/24,29/03/24,2,,,,new
9720,Уфа,01/03/24,29/03/24,2,,,,new
9721,Челябинск,01/03/24,29/03/24,2,,,,new
9722,Ижевск,01/03/24,29/03/24,2,,,,new
9723,Красноярск,01/03/24,29/03/24,2,,,,new
9724,Пермь,01/03/24,29/03/24,2,,,,new
9725,Екатеринбург,01/03/24,29/03/24,2,,,,new
9726,Омск,01/03/24,29/03/24,2,,,,new
9727,Самара,01/03/24,29/03/24,2,,,,new
9728,Москва,01/03/24,29/03/24,2,,,,new
9729,Пермь,01/03/24,29/03/24,2,,,,new
9730,Волгоград,01/03/24,29/03/24,2,,,,new
9731,Екатеринбург,01/03/24,29/03/24,2,,,,new
9732,Саратов,01/03/24,29/03/24,2,,,,new
9733,Воронеж,01/03/24,29/03/24,2,,,,new
9734,Краснодар,01/03/24,29/03/24,2,,,,new
9735,Нижний Новгород,01/03/24,29/03/24,2,,,,new
9736,Ижевск,01/03/24,29/03/24,2,,,,new
9737,Новосибирск,01/03/24,29/03/24,2,,,,new
9738,Новосибирск,01/03/24,29/03/24,2,,,,new
9739,Москва,01/03/24,29/03/24,2,,,,new
9740,Казань,01/03/24,29/03/24,2,,,,new
9741,Уфа,01/03/24,29/03/24,2,,,,new
9742,Москва,01/03/24,29/03/24,2,,,,new
9743,Тольятти,01/03/24,29/03/24,2,,,,new
9744,Пермь,01/03/24,29/03/24,2,,,,new
9745,Тюмень,01/03/24,29/03/24,2,,,,new
9746,Санкт-Петербург,01/03/24,29/03/24,2,,,,new
9747,Екатеринбург,01/03/24,29/03/24,2,,,,new
9748,Тюмень,01/03/24,29/03/24,2,,,,new
9749,Пермь,01/03/24,29/03/24,2,,,,new
9750,Казань,01/03/24,29/03/24,2,,,,new
9751,Челябинск,01/03/24,29/03/24,2,,,,new
9752,Волгоград,01/03/24,29/03/24,2,,,,new
9753,Самара,01/03/24,29/03/24,2,,,,new
9754,Уфа,01/03/24,29/03/24,2,,,,new
9755,Волгоград,01/03/24,29/03/24,2,,,,new
9756,Воронеж,01/03/24,29/03/24,2,,,,new
9757,Самара,01/03/24,29/03/24,2,,,,new
9758,Москва,01/03/24,29/03/24,2,,,,new
9759,Москва,01/03/24,29/03/24,2,,,,new
9760,Тольятти,01/03/24,29/03/24,2,,,,new
9761,Саратов,01/03/24,29/03/24,2,,,,new
9762,Москва,01/03/24,29/03/24,2,,,,new
9763,Волгоград,01/03/24,29/03/24,2,,,,new
9764,Екатеринбург,01/03/24,29/03/24,2,,,,new
9765,,01/03/24,29/03/24,2,,,,new
9766,Казань,01/03/24,29/03/24,2,,,,new
9767,Краснодар,01/03/24,29/03/24,2,,,,new
9768,Казань,01/03/24,29/03/24,2,,,,new
9769,Москва,01/03/24,29/03/24,2,,,,new
9770,Москва,01/03/24,29/03/24,2,,,,new
9771,Екатеринбург,01/03/24,29/03/24,2,,,,new
9772,Волгоград,01/03/24,29/03/24,2,1,5.268055555555556,13625.84,one_time
9773,Саратов,01/03/24,29/03/24,2,,,,new
9774,Воронеж,01/03/24,29/03/24,2,,,,new
9775,Саратов,01/03/24,29/03/24,2,,,,new
9776,Волгоград,01/03/24,29/03/24,2,,,,new
9777,Нижний Новгород,01/03/24,29/03/24,2,,,,new
9778,Воронеж,01/03/24,29/03/24,2,,,,new
9779,Тольятти,01/03/24,29/03/24,2,,,,new
9780,Тольятти,01/03/24,29/03/24,2,,,,new
9781,Москва,01/03/24,29/03/24,2,,,,new
9782,Челябинск,01/03/24,29/03/24,2,,,,new
9783,Санкт-Петербург,01/03/24,29/03/24,2,,,,new
9784,Ижевск,01/03/24,29/03/24,2,,,,new
9785,Ижевск,01/03/24,30/03/24,1,,,,new
9786,Самара,01/03/24,30/03/24,1,,,,new
9787,Екатеринбург,01/03/24,30/03/24,1,,,,new
9788,Екатеринбург,01/03/24,30/03/24,1,,,,new
9789,Саратов,01/03/24,30/03/24,1,,,,new
9790,Тюмень,01/03/24,30/03/24,1,,,,new
9791,Санкт-Петербург,01/03/24,30/03/24,1,,,,new
9792,Санкт-Петербург,01/03/24,30/03/24,1,,,,new
9793,Омск,01/03/24,30/03/24,1,,,,new
9794,Тольятти,01/03/24,30/03/24,1,,,,new
9795,Тюмень,01/03/24,30/03/24,1,,,,new
9796,Ростов-на-Дону,01/03/24,30/03/24,1,,,,new
9797,Краснодар,01/03/24,30/03/24,1,,,,new
9798,Уфа,01/03/24,30/03/24,1,,,,new
9799,Ижевск,01/03/24,30/03/24,1,,,,new
9800,Нижний Новгород,01/03/24,30/03/24,1,,,,new
9801,Воронеж,01/03/24,30/03/24,1,,,,new
9802,Ростов-на-Дону,01/03/24,30/03/24,1,,,,new
9803,Самара,01/03/24,30/03/24,1,,,,new
9804,Омск,01/03/24,30/03/24,1,,,,new
9805,Воронеж,01/03/24,30/03/24,1,,,,new
9806,Саратов,01/03/24,30/03/24,1,,,,new
9807,Омск,01/03/24,30/03/24,1,,,,new
9808,Красноярск,01/03/24,30/03/24,1,,,,new
9809,Пермь,01/03/24,30/03/24,1,,,,new
9810,Волгоград,01/03/24,30/03/24,1,,,,new
9811,Тюмень,01/03/24,30/03/24,1,2,3.975347222222222,38695.47,one_time
9812,Москва,01/03/24,30/03/24,1,,,,new
9813,Москва,01/03/24,30/03/24,1,,,,new
9814,Тюмень,01/03/24,30/03/24,1,,,,new
9815,Тюмень,01/03/24,30/03/24,1,,,,new
9816,Волгоград,01/03/24,30/03/24,1,,,,new
9817,Воронеж,01/03/24,30/03/24,1,,,,new
9818,Тольятти,01/03/24,30/03/24,1,,,,new
9819,Тольятти,01/03/24,30/03/24,1,,,,new
9820,Волгоград,01/03/24,30/03/24,1,,,,new
9821,Санкт-Петербург,01/03/24,30/03/24,1,,,,new
9822,Челябинск,01/03/24,30/03/24,1,,,,new
9823,Омск,01/03/24,30/03/24,1,,,,new
9824,Воронеж,01/03/24,30/03/24,1,,,,new
9825,Красноярск,01/03/24,30/03/24,1,,,,new
9826,Ростов-на-Дону,01/03/24,30/03/24,1,,,,new
9827,Челябинск,01/03/24,30/03/24,1,2,3.4423611111111114,52739.09,one_time
9828,Пермь,01/03/24,30/03/24,1,,,,new
9829,Санкт-Петербург,01/03/24,30/03/24,1,,,,new
9830,Краснодар,01/03/24,30/03/24,1,,,,new
9831,Краснодар,01/03/24,30/03/24,1,,,,new
9832,Омск,01/03/24,30/03/24,1,,,,new
9833,Саратов,01/03/24,30/03/24,1,,,,new
9834,Пермь,01/03/24,30/03/24,1,,,,new
9835,Казань,01/03/24,30/03/24,1,,,,new
9836,Ижевск,01/03/24,30/03/24,1,,,,new
9837,Волгоград,01/03/24,30/03/24,1,,,,new
9838,Ростов-на-Дону,01/03/24,30/03/24,1,,,,new
9839,Санкт-Петербург,01/03/24,30/03/24,1,,,,new
9840,Челябинск,01/03/24,30/03/24,1,,,,new
9841,Самара,01/03/24,30/03/24,1,,,,new
9842,Краснодар,01/03/24,30/03/24,1,,,,new
9843,Новосибирск,01/03/24,30/03/24,1,,,,new
9844,Москва,01/03/24,30/03/24,1,,,,new
9845,Новосибирск,01/03/24,30/03/24,1,,,,new
9846,Новосибирск,01/03/24,30/03/24,1,,,,new
9847,Челябинск,01/03/24,30/03/24,1,,,,new
9848,Москва,01/03/24,30/03/24,1,,,,new
9849,Санкт-Петербург,01/03/24,30/03/24,1,2,4.951736111111111,253516.03,one_time
9850,Нижний Новгород,01/03/24,30/03/24,1,,,,new
9851,Волгоград,01/03/24,30/03/24,1,,,,new
9852,Краснодар,01/03/24,30/03/24,1,,,,new
9853,Екатеринбург,01/03/24,30/03/24,1,,,,new
9854,Уфа,01/03/24,30/03/24,1,,,,new
9855,Екатеринбург,01/03/24,30/03/24,1,,,,new
9856,Воронеж,01/03/24,30/03/24,1,,,,new
9857,Тюмень,01/03/24,30/03/24,1,,,,new
9858,Пермь,01/03/24,30/03/24,1,,,,new
9859,Ростов-на-Дону,01/03/24,30/03/24,1,,,,new
9860,Санкт-Петербург,01/03/24,30/03/24,1,,,,new
9861,Ижевск,01/03/24,30/03/24,1,,,,new
9862,Саратов,01/03/24,30/03/24,1,,,,new
9863,Ростов-на-Дону,01/03/24,30/03/24,1,,,,new
9864,Ростов-на-Дону,01/03/24,30/03/24,1,,,,new
9865,Саратов,01/03/24,30/03/24,1,,,,new
9866,Екатеринбург,01/03/24,30/03/24,1,,,,new
9867,Екатеринбург,01/03/24,30/03/24,1,,,,new
9868,Волгоград,01/03/24,30/03/24,1,,,,new
9869,Ижевск,01/03/24,30/03/24,1,,,,new
9870,Екатеринбург,01/03/24,30/03/24,1,,,,new
9871,Воронеж,01/03/24,30/03/24,1,,,,new
9872,Нижний Новгород,01/03/24,30/03/24,1,,,,new
9873,Самара,01/03/24,30/03/24,1,,,,new
9874,Тольятти,01/03/24,30/03/24,1,,,,new
9875,Ижевск,01/03/24,30/03/24,1,,,,new
9876,Екатеринбург,01/03/24,30/03/24,1,,,,new
9877,Краснодар,01/03/24,30/03/24,1,,,,new
9878,Нижний Новгород,01/03/24,30/03/24,1,,,,new
9879,Пермь,01/03/24,30/03/24,1,,,,new
9880,Новосибирск,01/03/24,30/03/24,1,,,,new
9881,Саратов,01/03/24,30/03/24,1,,,,new
9882,Москва,01/03/24,30/03/24,1,,,,new
9883,Ижевск,01/03/24,30/03/24,1,,,,new
9884,Омск,01/03/24,30/03/24,1,,,,new
9885,Воронеж,01/03/24,30/03/24,1,,,,new
9886,Волгоград,01/03/24,30/03/24,1,,,,new
9887,Тольятти,01/03/24,30/03/24,1,,,,new
9888,Саратов,01/03/24,30/03/24,1,,,,new
9889,Пермь,01/03/24,30/03/24,1,,,,new
9890,Волгоград,01/03/24,30/03/24,1,,,,new
9891,Красноярск,01/03/24,30/03/24,1,,,,new
9892,Челябинск,01/03/24,30/03/24,1,,,,new
9893,Казань,01/03/24,30/03/24,1,,,,new
9894,Волгоград,01/03/24,30/03/24,1,,,,new
9895,Тольятти,01/03/24,30/03/24,1,,,,new
9896,Пермь,01/03/24,30/03/24,1,,,,new
9897,Екатеринбург,01/03/24,30/03/24,1,,,,new
9898,Ижевск,01/03/24,31/03/24,0,,,,new
9899,Казань,01/03/24,31/03/24,0,,,,new
9900,Москва,01/03/24,31/03/24,0,,,,new
9901,Красноярск,01/03/24,31/03/24,0,,,,new
9902,Волгоград,01/03/24,31/03/24,0,,,,new
9903,Омск,01/03/24,31/03/24,0,,,,new
9904,Москва,01/03/24,31/03/24,0,,,,new
9905,Красноярск,01/03/24,31/03/24,0,,,,new
9906,Уфа,01/03/24,31/03/24,0,1,7.604166666666667,88315.49,one_time
9907,Краснодар,01/03/24,31/03/24,0,,,,new
9908,Москва,01/03/24,31/03/24,0,,,,new
9909,Ижевск,01/03/24,31/03/24,0,,,,new
9910,Нижний Новгород,01/03/24,31/03/24,0,,,,new
9911,Омск,01/03/24,31/03/24,0,,,,new
9912,Ижевск,01/03/24,31/03/24,0,,,,new
9913,Ростов-на-Дону,01/03/24,31/03/24,0,,,,new
9914,Санкт-Петербург,01/03/24,31/03/24,0,,,,new
9915,Казань,01/03/24,31/03/24,0,,,,new
9916,Тольятти,01/03/24,31/03/24,0,,,,new
9917,Екатеринбург,01/03/24,31/03/24,0,,,,new
9918,Воронеж,01/03/24,31/03/24,0,,,,new
9919,Ростов-на-Дону,01/03/24,31/03/24,0,,,,new
9920,Екатеринбург,01/03/24,31/03/24,0,,,,new
9921,Москва,01/03/24,31/03/24,0,,,,new
9922,Екатеринбург,01/03/24,31/03/24,0,,,,new
9923,Саратов,01/03/24,31/03/24,0,,,,new
9924,Пермь,01/03/24,31/03/24,0,,,,new
9925,Санкт-Петербург,01/03/24,31/03/24,0,,,,new
9926,Москва,01/03/24,31/03/24,0,,,,new
9927,Омск,01/03/24,31/03/24,0,,,,new
9928,Уфа,01/03/24,31/03/24,0,,,,new
9929,Ростов-на-Дону,01/03/24,31/03/24,0,,,,new
9930,Омск,01/03/24,31/03/24,0,,,,new
9931,Краснодар,01/03/24,31/03/24,0,,,,new
9932,Челябинск,01/03/24,31/03/24,0,,,,new
9933,Новосибирск,01/03/24,31/03/24,0,,,,new
9934,Тюмень,01/03/24,31/03/24,0,,,,new
9935,Омск,01/03/24,31/03/24,0,,,,new
9936,Тольятти,01/03/24,31/03/24,0,,,,new
9937,Самара,01/03/24,31/03/24,0,,,,new
9938,Новосибирск,01/03/24,31/03/24,0,,,,new
9939,Екатеринбург,01/03/24,31/03/24,0,,,,new
9940,Воронеж,01/03/24,31/03/24,0,,,,new
9941,Саратов,01/03/24,31/03/24,0,,,,new
9942,Казань,01/03/24,31/03/24,0,,,,new
9943,Новосибирск,01/03/24,31/03/24,0,,,,new
9944,Москва,01/03/24,31/03/24,0,,,,new
9945,Волгоград,01/03/24,31/03/24,0,,,,new
9946,Краснодар,01/03/24,31/03/24,0,,,,new
9947,Ижевск,01/03/24,31/03/24,0,,,,new
9948,Воронеж,01/03/24,31/03/24,0,,,,new
9949,Омск,01/03/24,31/03/24,0,,,,new
9950,Санкт-Петербург,01/03/24,31/03/24,0,,,,new
9951,Волгоград,01/03/24,31/03/24,0,,,,new
9952,Уфа,01/03/24,31/03/24,0,,,,new
9953,Казань,01/03/24,31/03/24,0,,,,new
9954,Красноярск,01/03/24,31/03/24,0,,,,new
9955,Москва,01/03/24,31/03/24,0,,,,new
9956,Екатеринбург,01/03/24,31/03/24,0,,,,new
9957,Ижевск,01/03/24,31/03/24,0,,,,new
9958,Москва,01/03/24,31/03/24,0,,,,new
9959,Уфа,01/03/24,31/03/24,0,,,,new
9960,Саратов,01/03/24,31/03/24,0,,,,new
9961,Ростов-на-Дону,01/03/24,31/03/24,0,,,,new
9962,Самара,01/03/24,31/03/24,0,,,,new
9963,Саратов,01/03/24,31/03/24,0,,,,new
9964,Казань,01/03/24,31/03/24,0,,,,new
9965,Нижний Новгород,01/03/24,31/03/24,0,,,,new
9966,Ростов-на-Дону,01/03/24,31/03/24,0,,,,new
9967,Казань,01/03/24,31/03/24,0,,,,new
9968,Тольятти,01/03/24,31/03/24,0,,,,new
9969,Омск,01/03/24,31/03/24,0,,,,new
9970,Москва,01/03/24,31/03/24,0,,,,new
9971,Санкт-Петербург,01/03/24,31/03/24,0,,,,new
9972,Ростов-на-Дону,01/03/24,31/03/24,0,,,,new
9973,Тюмень,01/03/24,31/03/24,0,,,,new
9974,Красноярск,01/03/24,31/03/24,0,,,,new
9975,Красноярск,01/03/24,31/03/24,0,,,,new
9976,Уфа,01/03/24,31/03/24,0,,,,new
9977,Екатеринбург,01/03/24,31/03/24,0,,,,new
9978,Волгоград,01/03/24,31/03/24,0,,,,new
9979,Челябинск,01/03/24,31/03/24,0,,,,new
9980,Нижний Новгород,01/03/24,31/03/24,0,,,,new
9981,Омск,01/03/24,31/03/24,0,,,,new
9982,Саратов,01/03/24,31/03/24,0,,,,new
9983,Ростов-на-Дону,01/03/24,31/03/24,0,,,,new
9984,Самара,01/03/24,31/03/24,0,,,,new
9985,Москва,01/03/24,31/03/24,0,,,,new
9986,Красноярск,01/03/24,31/03/24,0,,,,new
9987,Тольятти,01/03/24,31/03/24,0,,,,new
9988,Саратов,01/03/24,31/03/24,0,,,,new
9989,Саратов,01/03/24,31/03/24,0,,,,new
9990,Саратов,01/03/24,31/03/24,0,,,,new
9991,Омск,01/03/24,31/03/24,0,,,,new
9992,Краснодар,01/03/24,31/03/24,0,,,,new
9993,Тюмень,01/03/24,31/03/24,0,,,,new
9994,,01/03/24,31/03/24,0,,,,new
9995,Уфа,01/03/24,31/03/24,0,,,,new
9996,Нижний Новгород,01/03/24,31/03/24,0,,,,new
9997,Нижний Новгород,01/03/24,31/03/24,0,,,,new
9998,Казань,01/03/24,31/03/24,0,,,,new
9999,Самара,01/03/24,31/03/24,0,,,,new
10000,Тольятти,01/03/24,31/03/24,0,,,,new
